Config file config.yaml is extended by additional config specified via the command line.
Config file config.yaml is extended by additional config specified via the command line.
Config file config.yaml is extended by additional config specified via the command line.
Config file config.yaml is extended by additional config specified via the command line.
Config file config.yaml is extended by additional config specified via the command line.
Config file config.yaml is extended by additional config specified via the command line.
Config file config.yaml is extended by additional config specified via the command line.
Config file config.yaml is extended by additional config specified via the command line.
Building DAG of jobs...
Job stats:
job                     count    min threads    max threads
--------------------  -------  -------------  -------------
alignment                  10             20             20
all                         1              1              1
antismash                  10             20             20
bin_refinement             10             20             20
bowtie_build               10             20             20
bowtie_map                 10             20             20
convert                    10             20             20
coverm                     10             20             20
cut                         9             20             20
cut_IDs                    10             20             20
fastqc                      5             20             20
filter_seq                 10             20             20
filter_seq_contigs          9             20             20
gene_length                10             20             20
genomad_end_to_end         10             20             20
get_gtf                    10             20             20
gtdbtk                     10             20             20
gtdbtk_folder              10              1              1
htseq                      10             20             20
kaiju_refseq                5             20             20
kaiju_table_Class           8             20             20
kaiju_table_Genus           7             20             20
kofam                      10             20             20
kofam_summary_table        10             20             20
merge_tpm_annotation       10             20             20
metaquast                  10             20             20
metawrap_bin               10             20             20
picard                     10             20             20
prokka                      9             20             20
read_length                10             20             20
samtools                   10             20             20
spades                      8             20             20
symlink_reads              10              1              1
tpm_prokka                 10             20             20
tpm_table                  10             20             20
trimmomatic                 3             20             20
total                     324              1             20


[Wed Nov 27 21:08:33 2024]
rule spades:
    input: /mnt/seaes01-data01/nixon-microbiome/shared/bioinformatic_toolkit/output_repository/N1_forward_paired.fq, /mnt/seaes01-data01/nixon-microbiome/shared/bioinformatic_toolkit/output_repository/N1_reverse_paired.fq
    output: /mnt/seaes01-data01/nixon-microbiome/shared/bioinformatic_toolkit/output_repository/N1_assembly, /mnt/seaes01-data01/nixon-microbiome/shared/bioinformatic_toolkit/output_repository/N1_assembly/contigs.fasta
    jobid: 24
    reason: Missing output files: /mnt/seaes01-data01/nixon-microbiome/shared/bioinformatic_toolkit/output_repository/N1_assembly/contigs.fasta
    wildcards: sample=N1
    threads: 20
    resources: tmpdir=/tmp


        metaspades.py -m 2000 -1 /mnt/seaes01-data01/nixon-microbiome/shared/bioinformatic_toolkit/output_repository/N1_forward_paired.fq -2 /mnt/seaes01-data01/nixon-microbiome/shared/bioinformatic_toolkit/output_repository/N1_reverse_paired.fq -o /mnt/seaes01-data01/nixon-microbiome/shared/bioinformatic_toolkit/output_repository/N1_assembly -t 20
        

[Wed Nov 27 21:08:33 2024]
rule symlink_reads:
    input: /mnt/seaes01-data01/nixon-microbiome/shared/bioinformatic_toolkit/output_repository/N2_forward_paired.fq, /mnt/seaes01-data01/nixon-microbiome/shared/bioinformatic_toolkit/output_repository/N2_reverse_paired.fq
    output: /mnt/seaes01-data01/nixon-microbiome/shared/bioinformatic_toolkit/output_repository/temp/N2_sym_1.fastq, /mnt/seaes01-data01/nixon-microbiome/shared/bioinformatic_toolkit/output_repository/temp/N2_sym_2.fastq
    jobid: 80
    reason: Missing output files: /mnt/seaes01-data01/nixon-microbiome/shared/bioinformatic_toolkit/output_repository/temp/N2_sym_1.fastq, /mnt/seaes01-data01/nixon-microbiome/shared/bioinformatic_toolkit/output_repository/temp/N2_sym_2.fastq
    wildcards: sample=N2
    resources: tmpdir=/tmp


        mkdir -p {config['output_dir']}/temp
        ln -sf /mnt/seaes01-data01/nixon-microbiome/shared/bioinformatic_toolkit/output_repository/N2_forward_paired.fq /mnt/seaes01-data01/nixon-microbiome/shared/bioinformatic_toolkit/output_repository/temp/N2_sym_1.fastq
        ln -sf /mnt/seaes01-data01/nixon-microbiome/shared/bioinformatic_toolkit/output_repository/N2_reverse_paired.fq /mnt/seaes01-data01/nixon-microbiome/shared/bioinformatic_toolkit/output_repository/temp/N2_sym_2.fastq
        

[Wed Nov 27 21:08:33 2024]
rule fastqc:
    input: /mnt/seaes01-data01/nixon-microbiome/shared/bioinformatic_toolkit/output_repository/O1_forward_paired.fq, /mnt/seaes01-data01/nixon-microbiome/shared/bioinformatic_toolkit/output_repository/O1_reverse_paired.fq
    output: /mnt/seaes01-data01/nixon-microbiome/shared/bioinformatic_toolkit/output_repository/O1_fastqc
    jobid: 17
    reason: Missing output files: /mnt/seaes01-data01/nixon-microbiome/shared/bioinformatic_toolkit/output_repository/O1_fastqc
    wildcards: sample=O1
    threads: 20
    resources: tmpdir=/tmp


        mkdir /mnt/seaes01-data01/nixon-microbiome/shared/bioinformatic_toolkit/output_repository/O1_fastqc
        fastqc -o /mnt/seaes01-data01/nixon-microbiome/shared/bioinformatic_toolkit/output_repository/O1_fastqc /mnt/seaes01-data01/nixon-microbiome/shared/bioinformatic_toolkit/output_repository/O1_forward_paired.fq -t 20 /mnt/seaes01-data01/nixon-microbiome/shared/bioinformatic_toolkit/output_repository/O1_reverse_paired.fq
        

[Wed Nov 27 21:08:33 2024]
rule convert:
    input: /mnt/seaes01-data01/nixon-microbiome/shared/bioinformatic_toolkit/output_repository/O4_forward_paired.fq
    output: /mnt/seaes01-data01/nixon-microbiome/shared/bioinformatic_toolkit/output_repository/O4_diversity/O4_alignment.fasta
    jobid: 350
    reason: Missing output files: /mnt/seaes01-data01/nixon-microbiome/shared/bioinformatic_toolkit/output_repository/O4_diversity/O4_alignment.fasta
    wildcards: sample=O4
    threads: 20
    resources: tmpdir=/tmp


        cat /mnt/seaes01-data01/nixon-microbiome/shared/bioinformatic_toolkit/output_repository/O4_forward_paired.fq | paste - - - - |         awk 'BEGIN{FS="\t"}{print ">"substr($1,2)"\n"$2}' > /mnt/seaes01-data01/nixon-microbiome/shared/bioinformatic_toolkit/output_repository/O4_diversity/O4_alignment.fasta
        

[Wed Nov 27 21:08:33 2024]
rule gtdbtk_folder:
    output: /mnt/seaes01-data01/nixon-microbiome/shared/bioinformatic_toolkit/output_repository/O4_gtdbtk_temp
    jobid: 110
    reason: Missing output files: /mnt/seaes01-data01/nixon-microbiome/shared/bioinformatic_toolkit/output_repository/O4_gtdbtk_temp
    wildcards: sample=O4
    resources: tmpdir=/tmp


        mkdir -p /mnt/seaes01-data01/nixon-microbiome/shared/bioinformatic_toolkit/output_repository/O4_gtdbtk_temp
        

[Wed Nov 27 21:08:33 2024]
rule gtdbtk_folder:
    output: /mnt/seaes01-data01/nixon-microbiome/shared/bioinformatic_toolkit/output_repository/F3_gtdbtk_temp
    jobid: 103
    reason: Missing output files: /mnt/seaes01-data01/nixon-microbiome/shared/bioinformatic_toolkit/output_repository/F3_gtdbtk_temp
    wildcards: sample=F3
    resources: tmpdir=/tmp


        mkdir -p /mnt/seaes01-data01/nixon-microbiome/shared/bioinformatic_toolkit/output_repository/F3_gtdbtk_temp
        

[Wed Nov 27 21:08:33 2024]
rule genomad_end_to_end:
    input: /mnt/seaes01-data01/nixon-microbiome/shared/bioinformatic_toolkit/output_repository/O1_assembly/contigs.fasta
    output: /mnt/seaes01-data01/nixon-microbiome/shared/bioinformatic_toolkit/output_repository/O1_genomad
    jobid: 317
    reason: Missing output files: /mnt/seaes01-data01/nixon-microbiome/shared/bioinformatic_toolkit/output_repository/O1_genomad
    wildcards: sample=O1
    threads: 20
    resources: tmpdir=/tmp


        genomad end-to-end --enable-score-calibration --cleanup --splits 8 /mnt/seaes01-data01/nixon-microbiome/shared/bioinformatic_toolkit/output_repository/O1_assembly/contigs.fasta /mnt/seaes01-data01/nixon-microbiome/shared/bioinformatic_toolkit/output_repository/O1_genomad /mnt/data/genomad_db_v1.7
        

[Wed Nov 27 21:08:33 2024]
rule symlink_reads:
    input: /mnt/seaes01-data01/nixon-microbiome/shared/bioinformatic_toolkit/output_repository/O3_forward_paired.fq, /mnt/seaes01-data01/nixon-microbiome/shared/bioinformatic_toolkit/output_repository/O3_reverse_paired.fq
    output: /mnt/seaes01-data01/nixon-microbiome/shared/bioinformatic_toolkit/output_repository/temp/O3_sym_1.fastq, /mnt/seaes01-data01/nixon-microbiome/shared/bioinformatic_toolkit/output_repository/temp/O3_sym_2.fastq
    jobid: 88
    reason: Missing output files: /mnt/seaes01-data01/nixon-microbiome/shared/bioinformatic_toolkit/output_repository/temp/O3_sym_2.fastq, /mnt/seaes01-data01/nixon-microbiome/shared/bioinformatic_toolkit/output_repository/temp/O3_sym_1.fastq
    wildcards: sample=O3
    resources: tmpdir=/tmp


        mkdir -p {config['output_dir']}/temp
        ln -sf /mnt/seaes01-data01/nixon-microbiome/shared/bioinformatic_toolkit/output_repository/O3_forward_paired.fq /mnt/seaes01-data01/nixon-microbiome/shared/bioinformatic_toolkit/output_repository/temp/O3_sym_1.fastq
        ln -sf /mnt/seaes01-data01/nixon-microbiome/shared/bioinformatic_toolkit/output_repository/O3_reverse_paired.fq /mnt/seaes01-data01/nixon-microbiome/shared/bioinformatic_toolkit/output_repository/temp/O3_sym_2.fastq
        

[Wed Nov 27 21:08:33 2024]
rule spades:
    input: /mnt/seaes01-data01/nixon-microbiome/shared/bioinformatic_toolkit/output_repository/N2_forward_paired.fq, /mnt/seaes01-data01/nixon-microbiome/shared/bioinformatic_toolkit/output_repository/N2_reverse_paired.fq
    output: /mnt/seaes01-data01/nixon-microbiome/shared/bioinformatic_toolkit/output_repository/N2_assembly, /mnt/seaes01-data01/nixon-microbiome/shared/bioinformatic_toolkit/output_repository/N2_assembly/contigs.fasta
    jobid: 25
    reason: Missing output files: /mnt/seaes01-data01/nixon-microbiome/shared/bioinformatic_toolkit/output_repository/N2_assembly/contigs.fasta
    wildcards: sample=N2
    threads: 20
    resources: tmpdir=/tmp


        metaspades.py -m 2000 -1 /mnt/seaes01-data01/nixon-microbiome/shared/bioinformatic_toolkit/output_repository/N2_forward_paired.fq -2 /mnt/seaes01-data01/nixon-microbiome/shared/bioinformatic_toolkit/output_repository/N2_reverse_paired.fq -o /mnt/seaes01-data01/nixon-microbiome/shared/bioinformatic_toolkit/output_repository/N2_assembly -t 20
        

[Wed Nov 27 21:08:33 2024]
rule cut_IDs:
    input: /mnt/seaes01-data01/nixon-microbiome/shared/bioinformatic_toolkit/output_repository/N3_assembly/contigs.fasta
    output: /mnt/seaes01-data01/nixon-microbiome/shared/bioinformatic_toolkit/output_repository/N3_tpm/N3_contigs_IDs_cut.fasta
    jobid: 238
    reason: Missing output files: /mnt/seaes01-data01/nixon-microbiome/shared/bioinformatic_toolkit/output_repository/N3_tpm/N3_contigs_IDs_cut.fasta
    wildcards: sample=N3
    threads: 20
    resources: tmpdir=/tmp

cut -d 'l' -f1 /mnt/seaes01-data01/nixon-microbiome/shared/bioinformatic_toolkit/output_repository/N3_assembly/contigs.fasta > /mnt/seaes01-data01/nixon-microbiome/shared/bioinformatic_toolkit/output_repository/N3_tpm/N3_contigs_IDs_cut.fasta

[Wed Nov 27 21:08:33 2024]
rule convert:
    input: /mnt/seaes01-data01/nixon-microbiome/shared/bioinformatic_toolkit/output_repository/O1_forward_paired.fq
    output: /mnt/seaes01-data01/nixon-microbiome/shared/bioinformatic_toolkit/output_repository/O1_diversity/O1_alignment.fasta
    jobid: 344
    reason: Missing output files: /mnt/seaes01-data01/nixon-microbiome/shared/bioinformatic_toolkit/output_repository/O1_diversity/O1_alignment.fasta
    wildcards: sample=O1
    threads: 20
    resources: tmpdir=/tmp


        cat /mnt/seaes01-data01/nixon-microbiome/shared/bioinformatic_toolkit/output_repository/O1_forward_paired.fq | paste - - - - |         awk 'BEGIN{FS="\t"}{print ">"substr($1,2)"\n"$2}' > /mnt/seaes01-data01/nixon-microbiome/shared/bioinformatic_toolkit/output_repository/O1_diversity/O1_alignment.fasta
        

[Wed Nov 27 21:08:33 2024]
rule read_length:
    input: /mnt/seaes01-data01/nixon-microbiome/shared/bioinformatic_toolkit/output_repository/O4_forward_paired.fq
    output: /mnt/seaes01-data01/nixon-microbiome/shared/bioinformatic_toolkit/output_repository/O4_tpm/O4.readlength
    jobid: 289
    reason: Missing output files: /mnt/seaes01-data01/nixon-microbiome/shared/bioinformatic_toolkit/output_repository/O4_tpm/O4.readlength
    wildcards: sample=O4
    threads: 20
    resources: tmpdir=/tmp

awk 'NR%4==2{sum+=length($0)}END{print sum/(NR/4)}' /mnt/seaes01-data01/nixon-microbiome/shared/bioinformatic_toolkit/output_repository/O4_forward_paired.fq > /mnt/seaes01-data01/nixon-microbiome/shared/bioinformatic_toolkit/output_repository/O4_tpm/O4.readlength

[Wed Nov 27 21:08:33 2024]
rule read_length:
    input: /mnt/seaes01-data01/nixon-microbiome/shared/bioinformatic_toolkit/output_repository/O3_forward_paired.fq
    output: /mnt/seaes01-data01/nixon-microbiome/shared/bioinformatic_toolkit/output_repository/O3_tpm/O3.readlength
    jobid: 275
    reason: Missing output files: /mnt/seaes01-data01/nixon-microbiome/shared/bioinformatic_toolkit/output_repository/O3_tpm/O3.readlength
    wildcards: sample=O3
    threads: 20
    resources: tmpdir=/tmp

awk 'NR%4==2{sum+=length($0)}END{print sum/(NR/4)}' /mnt/seaes01-data01/nixon-microbiome/shared/bioinformatic_toolkit/output_repository/O3_forward_paired.fq > /mnt/seaes01-data01/nixon-microbiome/shared/bioinformatic_toolkit/output_repository/O3_tpm/O3.readlength

[Wed Nov 27 21:08:33 2024]
rule convert:
    input: /mnt/seaes01-data01/nixon-microbiome/shared/bioinformatic_toolkit/output_repository/N1_forward_paired.fq
    output: /mnt/seaes01-data01/nixon-microbiome/shared/bioinformatic_toolkit/output_repository/N1_diversity/N1_alignment.fasta
    jobid: 338
    reason: Missing output files: /mnt/seaes01-data01/nixon-microbiome/shared/bioinformatic_toolkit/output_repository/N1_diversity/N1_alignment.fasta
    wildcards: sample=N1
    threads: 20
    resources: tmpdir=/tmp


        cat /mnt/seaes01-data01/nixon-microbiome/shared/bioinformatic_toolkit/output_repository/N1_forward_paired.fq | paste - - - - |         awk 'BEGIN{FS="\t"}{print ">"substr($1,2)"\n"$2}' > /mnt/seaes01-data01/nixon-microbiome/shared/bioinformatic_toolkit/output_repository/N1_diversity/N1_alignment.fasta
        

[Wed Nov 27 21:08:33 2024]
rule read_length:
    input: /mnt/seaes01-data01/nixon-microbiome/shared/bioinformatic_toolkit/output_repository/F1_forward_paired.fq
    output: /mnt/seaes01-data01/nixon-microbiome/shared/bioinformatic_toolkit/output_repository/F1_tpm/F1.readlength
    jobid: 163
    reason: Missing output files: /mnt/seaes01-data01/nixon-microbiome/shared/bioinformatic_toolkit/output_repository/F1_tpm/F1.readlength
    wildcards: sample=F1
    threads: 20
    resources: tmpdir=/tmp

awk 'NR%4==2{sum+=length($0)}END{print sum/(NR/4)}' /mnt/seaes01-data01/nixon-microbiome/shared/bioinformatic_toolkit/output_repository/F1_forward_paired.fq > /mnt/seaes01-data01/nixon-microbiome/shared/bioinformatic_toolkit/output_repository/F1_tpm/F1.readlength

[Wed Nov 27 21:08:33 2024]
rule gtdbtk_folder:
    output: /mnt/seaes01-data01/nixon-microbiome/shared/bioinformatic_toolkit/output_repository/N1_gtdbtk_temp
    jobid: 104
    reason: Missing output files: /mnt/seaes01-data01/nixon-microbiome/shared/bioinformatic_toolkit/output_repository/N1_gtdbtk_temp
    wildcards: sample=N1
    resources: tmpdir=/tmp


        mkdir -p /mnt/seaes01-data01/nixon-microbiome/shared/bioinformatic_toolkit/output_repository/N1_gtdbtk_temp
        

[Wed Nov 27 21:08:33 2024]
rule kaiju_table_Genus:
    input: /mnt/seaes01-data01/nixon-microbiome/shared/bioinformatic_toolkit/output_repository/O4_kaiju_refseq
    output: /mnt/seaes01-data01/nixon-microbiome/shared/bioinformatic_toolkit/output_repository/O4_GENUS_kaiju.table
    jobid: 160
    reason: Missing output files: /mnt/seaes01-data01/nixon-microbiome/shared/bioinformatic_toolkit/output_repository/O4_GENUS_kaiju.table
    wildcards: sample=O4
    threads: 20
    resources: tmpdir=/tmp


        kaiju2table -t /mnt/seaes01-data01/nixon-microbiome/shared/kaiju_databases/kaiju_db_nr_euk_2023-05-10/nodes.dmp                     -n /mnt/seaes01-data01/nixon-microbiome/shared/kaiju_databases/kaiju_db_nr_euk_2023-05-10/names.dmp                     -r genus -u -o /mnt/seaes01-data01/nixon-microbiome/shared/bioinformatic_toolkit/output_repository/O4_GENUS_kaiju.table /mnt/seaes01-data01/nixon-microbiome/shared/bioinformatic_toolkit/output_repository/O4_kaiju_refseq
        

[Wed Nov 27 21:08:33 2024]
rule read_length:
    input: /mnt/seaes01-data01/nixon-microbiome/shared/bioinformatic_toolkit/output_repository/N1_forward_paired.fq
    output: /mnt/seaes01-data01/nixon-microbiome/shared/bioinformatic_toolkit/output_repository/N1_tpm/N1.readlength
    jobid: 205
    reason: Missing output files: /mnt/seaes01-data01/nixon-microbiome/shared/bioinformatic_toolkit/output_repository/N1_tpm/N1.readlength
    wildcards: sample=N1
    threads: 20
    resources: tmpdir=/tmp

awk 'NR%4==2{sum+=length($0)}END{print sum/(NR/4)}' /mnt/seaes01-data01/nixon-microbiome/shared/bioinformatic_toolkit/output_repository/N1_forward_paired.fq > /mnt/seaes01-data01/nixon-microbiome/shared/bioinformatic_toolkit/output_repository/N1_tpm/N1.readlength

[Wed Nov 27 21:08:33 2024]
rule cut_IDs:
    input: /mnt/seaes01-data01/nixon-microbiome/shared/bioinformatic_toolkit/output_repository/O1_assembly/contigs.fasta
    output: /mnt/seaes01-data01/nixon-microbiome/shared/bioinformatic_toolkit/output_repository/O1_tpm/O1_contigs_IDs_cut.fasta
    jobid: 252
    reason: Missing output files: /mnt/seaes01-data01/nixon-microbiome/shared/bioinformatic_toolkit/output_repository/O1_tpm/O1_contigs_IDs_cut.fasta
    wildcards: sample=O1
    threads: 20
    resources: tmpdir=/tmp

cut -d 'l' -f1 /mnt/seaes01-data01/nixon-microbiome/shared/bioinformatic_toolkit/output_repository/O1_assembly/contigs.fasta > /mnt/seaes01-data01/nixon-microbiome/shared/bioinformatic_toolkit/output_repository/O1_tpm/O1_contigs_IDs_cut.fasta

[Wed Nov 27 21:08:33 2024]
rule kaiju_table_Class:
    input: /mnt/seaes01-data01/nixon-microbiome/shared/bioinformatic_toolkit/output_repository/O3_kaiju_refseq
    output: /mnt/seaes01-data01/nixon-microbiome/shared/bioinformatic_toolkit/output_repository/O3_CLASS_kaiju.table
    jobid: 147
    reason: Missing output files: /mnt/seaes01-data01/nixon-microbiome/shared/bioinformatic_toolkit/output_repository/O3_CLASS_kaiju.table
    wildcards: sample=O3
    threads: 20
    resources: tmpdir=/tmp


        kaiju2table -t /mnt/seaes01-data01/nixon-microbiome/shared/kaiju_databases/kaiju_db_nr_euk_2023-05-10/nodes.dmp                     -n /mnt/seaes01-data01/nixon-microbiome/shared/kaiju_databases/kaiju_db_nr_euk_2023-05-10/names.dmp                     -r class -u -o /mnt/seaes01-data01/nixon-microbiome/shared/bioinformatic_toolkit/output_repository/O3_CLASS_kaiju.table /mnt/seaes01-data01/nixon-microbiome/shared/bioinformatic_toolkit/output_repository/O3_kaiju_refseq
        

[Wed Nov 27 21:08:33 2024]
rule symlink_reads:
    input: /mnt/seaes01-data01/nixon-microbiome/shared/bioinformatic_toolkit/output_repository/N3_forward_paired.fq, /mnt/seaes01-data01/nixon-microbiome/shared/bioinformatic_toolkit/output_repository/N3_reverse_paired.fq
    output: /mnt/seaes01-data01/nixon-microbiome/shared/bioinformatic_toolkit/output_repository/temp/N3_sym_1.fastq, /mnt/seaes01-data01/nixon-microbiome/shared/bioinformatic_toolkit/output_repository/temp/N3_sym_2.fastq
    jobid: 82
    reason: Missing output files: /mnt/seaes01-data01/nixon-microbiome/shared/bioinformatic_toolkit/output_repository/temp/N3_sym_1.fastq, /mnt/seaes01-data01/nixon-microbiome/shared/bioinformatic_toolkit/output_repository/temp/N3_sym_2.fastq
    wildcards: sample=N3
    resources: tmpdir=/tmp


        mkdir -p {config['output_dir']}/temp
        ln -sf /mnt/seaes01-data01/nixon-microbiome/shared/bioinformatic_toolkit/output_repository/N3_forward_paired.fq /mnt/seaes01-data01/nixon-microbiome/shared/bioinformatic_toolkit/output_repository/temp/N3_sym_1.fastq
        ln -sf /mnt/seaes01-data01/nixon-microbiome/shared/bioinformatic_toolkit/output_repository/N3_reverse_paired.fq /mnt/seaes01-data01/nixon-microbiome/shared/bioinformatic_toolkit/output_repository/temp/N3_sym_2.fastq
        

[Wed Nov 27 21:08:33 2024]
rule convert:
    input: /mnt/seaes01-data01/nixon-microbiome/shared/bioinformatic_toolkit/output_repository/F1_forward_paired.fq
    output: /mnt/seaes01-data01/nixon-microbiome/shared/bioinformatic_toolkit/output_repository/F1_diversity/F1_alignment.fasta
    jobid: 332
    reason: Missing output files: /mnt/seaes01-data01/nixon-microbiome/shared/bioinformatic_toolkit/output_repository/F1_diversity/F1_alignment.fasta
    wildcards: sample=F1
    threads: 20
    resources: tmpdir=/tmp


        cat /mnt/seaes01-data01/nixon-microbiome/shared/bioinformatic_toolkit/output_repository/F1_forward_paired.fq | paste - - - - |         awk 'BEGIN{FS="\t"}{print ">"substr($1,2)"\n"$2}' > /mnt/seaes01-data01/nixon-microbiome/shared/bioinformatic_toolkit/output_repository/F1_diversity/F1_alignment.fasta
        

[Wed Nov 27 21:08:33 2024]
rule antismash:
    input: /mnt/seaes01-data01/nixon-microbiome/shared/bioinformatic_toolkit/output_repository/N3_assembly/contigs.fasta
    output: /mnt/seaes01-data01/nixon-microbiome/shared/bioinformatic_toolkit/output_repository/N3_antismash, /mnt/seaes01-data01/nixon-microbiome/shared/bioinformatic_toolkit/output_repository/N3_antismash/knownclusterblastoutput.txt
    jobid: 326
    reason: Missing output files: /mnt/seaes01-data01/nixon-microbiome/shared/bioinformatic_toolkit/output_repository/N3_antismash/knownclusterblastoutput.txt
    wildcards: sample=N3
    threads: 20
    resources: tmpdir=/tmp


        antismash --cpus 20                   --genefinding-tool prodigal                   --allow-long-headers                   --cb-knownclusters                   --output-dir /mnt/seaes01-data01/nixon-microbiome/shared/bioinformatic_toolkit/output_repository/N3_antismash                   /mnt/seaes01-data01/nixon-microbiome/shared/bioinformatic_toolkit/output_repository/N3_assembly/contigs.fasta
        

[Wed Nov 27 21:08:33 2024]
rule read_length:
    input: /mnt/seaes01-data01/nixon-microbiome/shared/bioinformatic_toolkit/output_repository/N2_forward_paired.fq
    output: /mnt/seaes01-data01/nixon-microbiome/shared/bioinformatic_toolkit/output_repository/N2_tpm/N2.readlength
    jobid: 219
    reason: Missing output files: /mnt/seaes01-data01/nixon-microbiome/shared/bioinformatic_toolkit/output_repository/N2_tpm/N2.readlength
    wildcards: sample=N2
    threads: 20
    resources: tmpdir=/tmp

awk 'NR%4==2{sum+=length($0)}END{print sum/(NR/4)}' /mnt/seaes01-data01/nixon-microbiome/shared/bioinformatic_toolkit/output_repository/N2_forward_paired.fq > /mnt/seaes01-data01/nixon-microbiome/shared/bioinformatic_toolkit/output_repository/N2_tpm/N2.readlength

[Wed Nov 27 21:08:33 2024]
rule gtdbtk_folder:
    output: /mnt/seaes01-data01/nixon-microbiome/shared/bioinformatic_toolkit/output_repository/N2_gtdbtk_temp
    jobid: 105
    reason: Missing output files: /mnt/seaes01-data01/nixon-microbiome/shared/bioinformatic_toolkit/output_repository/N2_gtdbtk_temp
    wildcards: sample=N2
    resources: tmpdir=/tmp


        mkdir -p /mnt/seaes01-data01/nixon-microbiome/shared/bioinformatic_toolkit/output_repository/N2_gtdbtk_temp
        

[Wed Nov 27 21:08:33 2024]
rule kaiju_table_Genus:
    input: /mnt/seaes01-data01/nixon-microbiome/shared/bioinformatic_toolkit/output_repository/N1_kaiju_refseq
    output: /mnt/seaes01-data01/nixon-microbiome/shared/bioinformatic_toolkit/output_repository/N1_GENUS_kaiju.table
    jobid: 154
    reason: Missing output files: /mnt/seaes01-data01/nixon-microbiome/shared/bioinformatic_toolkit/output_repository/N1_GENUS_kaiju.table
    wildcards: sample=N1
    threads: 20
    resources: tmpdir=/tmp


        kaiju2table -t /mnt/seaes01-data01/nixon-microbiome/shared/kaiju_databases/kaiju_db_nr_euk_2023-05-10/nodes.dmp                     -n /mnt/seaes01-data01/nixon-microbiome/shared/kaiju_databases/kaiju_db_nr_euk_2023-05-10/names.dmp                     -r genus -u -o /mnt/seaes01-data01/nixon-microbiome/shared/bioinformatic_toolkit/output_repository/N1_GENUS_kaiju.table /mnt/seaes01-data01/nixon-microbiome/shared/bioinformatic_toolkit/output_repository/N1_kaiju_refseq
        

[Wed Nov 27 21:08:33 2024]
rule symlink_reads:
    input: /mnt/seaes01-data01/nixon-microbiome/shared/bioinformatic_toolkit/output_repository/O4_forward_paired.fq, /mnt/seaes01-data01/nixon-microbiome/shared/bioinformatic_toolkit/output_repository/O4_reverse_paired.fq
    output: /mnt/seaes01-data01/nixon-microbiome/shared/bioinformatic_toolkit/output_repository/temp/O4_sym_1.fastq, /mnt/seaes01-data01/nixon-microbiome/shared/bioinformatic_toolkit/output_repository/temp/O4_sym_2.fastq
    jobid: 90
    reason: Missing output files: /mnt/seaes01-data01/nixon-microbiome/shared/bioinformatic_toolkit/output_repository/temp/O4_sym_1.fastq, /mnt/seaes01-data01/nixon-microbiome/shared/bioinformatic_toolkit/output_repository/temp/O4_sym_2.fastq
    wildcards: sample=O4
    resources: tmpdir=/tmp


        mkdir -p {config['output_dir']}/temp
        ln -sf /mnt/seaes01-data01/nixon-microbiome/shared/bioinformatic_toolkit/output_repository/O4_forward_paired.fq /mnt/seaes01-data01/nixon-microbiome/shared/bioinformatic_toolkit/output_repository/temp/O4_sym_1.fastq
        ln -sf /mnt/seaes01-data01/nixon-microbiome/shared/bioinformatic_toolkit/output_repository/O4_reverse_paired.fq /mnt/seaes01-data01/nixon-microbiome/shared/bioinformatic_toolkit/output_repository/temp/O4_sym_2.fastq
        

[Wed Nov 27 21:08:33 2024]
rule kaiju_table_Class:
    input: /mnt/seaes01-data01/nixon-microbiome/shared/bioinformatic_toolkit/output_repository/N3_kaiju_refseq
    output: /mnt/seaes01-data01/nixon-microbiome/shared/bioinformatic_toolkit/output_repository/N3_CLASS_kaiju.table
    jobid: 141
    reason: Missing output files: /mnt/seaes01-data01/nixon-microbiome/shared/bioinformatic_toolkit/output_repository/N3_CLASS_kaiju.table
    wildcards: sample=N3
    threads: 20
    resources: tmpdir=/tmp


        kaiju2table -t /mnt/seaes01-data01/nixon-microbiome/shared/kaiju_databases/kaiju_db_nr_euk_2023-05-10/nodes.dmp                     -n /mnt/seaes01-data01/nixon-microbiome/shared/kaiju_databases/kaiju_db_nr_euk_2023-05-10/names.dmp                     -r class -u -o /mnt/seaes01-data01/nixon-microbiome/shared/bioinformatic_toolkit/output_repository/N3_CLASS_kaiju.table /mnt/seaes01-data01/nixon-microbiome/shared/bioinformatic_toolkit/output_repository/N3_kaiju_refseq
        

[Wed Nov 27 21:08:33 2024]
rule cut:
    input: /mnt/seaes01-data01/nixon-microbiome/shared/bioinformatic_toolkit/output_repository/O1_assembly/contigs.fasta
    output: /mnt/seaes01-data01/nixon-microbiome/shared/bioinformatic_toolkit/output_repository/O1_contigs_IDs_trimmed.fasta
    jobid: 51
    reason: Missing output files: /mnt/seaes01-data01/nixon-microbiome/shared/bioinformatic_toolkit/output_repository/O1_contigs_IDs_trimmed.fasta
    wildcards: sample=O1
    threads: 20
    resources: tmpdir=/tmp

cut -d 'l' -f1 /mnt/seaes01-data01/nixon-microbiome/shared/bioinformatic_toolkit/output_repository/O1_assembly/contigs.fasta > /mnt/seaes01-data01/nixon-microbiome/shared/bioinformatic_toolkit/output_repository/O1_contigs_IDs_trimmed.fasta

[Wed Nov 27 21:08:33 2024]
rule kaiju_refseq:
    input: /mnt/seaes01-data01/nixon-microbiome/shared/bioinformatic_toolkit/output_repository/F1_forward_paired.fq, /mnt/seaes01-data01/nixon-microbiome/shared/bioinformatic_toolkit/output_repository/F1_reverse_paired.fq
    output: /mnt/seaes01-data01/nixon-microbiome/shared/bioinformatic_toolkit/output_repository/F1_kaiju_refseq
    jobid: 132
    reason: Missing output files: /mnt/seaes01-data01/nixon-microbiome/shared/bioinformatic_toolkit/output_repository/F1_kaiju_refseq
    wildcards: sample=F1
    threads: 20
    resources: tmpdir=/tmp


        kaiju -v -z 20               -t /mnt/seaes01-data01/nixon-microbiome/shared/kaiju_databases/kaiju_db_nr_euk_2023-05-10/nodes.dmp               -f /mnt/seaes01-data01/nixon-microbiome/shared/kaiju_databases/kaiju_db_nr_euk_2023-05-10/kaiju_db_nr_euk.fmi               -i /mnt/seaes01-data01/nixon-microbiome/shared/bioinformatic_toolkit/output_repository/F1_forward_paired.fq               -j /mnt/seaes01-data01/nixon-microbiome/shared/bioinformatic_toolkit/output_repository/F1_reverse_paired.fq               -o /mnt/seaes01-data01/nixon-microbiome/shared/bioinformatic_toolkit/output_repository/F1_kaiju_refseq
        

[Wed Nov 27 21:08:33 2024]
rule convert:
    input: /mnt/seaes01-data01/nixon-microbiome/shared/bioinformatic_toolkit/output_repository/N2_forward_paired.fq
    output: /mnt/seaes01-data01/nixon-microbiome/shared/bioinformatic_toolkit/output_repository/N2_diversity/N2_alignment.fasta
    jobid: 340
    reason: Missing output files: /mnt/seaes01-data01/nixon-microbiome/shared/bioinformatic_toolkit/output_repository/N2_diversity/N2_alignment.fasta
    wildcards: sample=N2
    threads: 20
    resources: tmpdir=/tmp


        cat /mnt/seaes01-data01/nixon-microbiome/shared/bioinformatic_toolkit/output_repository/N2_forward_paired.fq | paste - - - - |         awk 'BEGIN{FS="\t"}{print ">"substr($1,2)"\n"$2}' > /mnt/seaes01-data01/nixon-microbiome/shared/bioinformatic_toolkit/output_repository/N2_diversity/N2_alignment.fasta
        

[Wed Nov 27 21:08:33 2024]
rule read_length:
    input: /mnt/seaes01-data01/nixon-microbiome/shared/bioinformatic_toolkit/output_repository/N3_forward_paired.fq
    output: /mnt/seaes01-data01/nixon-microbiome/shared/bioinformatic_toolkit/output_repository/N3_tpm/N3.readlength
    jobid: 233
    reason: Missing output files: /mnt/seaes01-data01/nixon-microbiome/shared/bioinformatic_toolkit/output_repository/N3_tpm/N3.readlength
    wildcards: sample=N3
    threads: 20
    resources: tmpdir=/tmp

awk 'NR%4==2{sum+=length($0)}END{print sum/(NR/4)}' /mnt/seaes01-data01/nixon-microbiome/shared/bioinformatic_toolkit/output_repository/N3_forward_paired.fq > /mnt/seaes01-data01/nixon-microbiome/shared/bioinformatic_toolkit/output_repository/N3_tpm/N3.readlength

[Wed Nov 27 21:08:33 2024]
rule gtdbtk_folder:
    output: /mnt/seaes01-data01/nixon-microbiome/shared/bioinformatic_toolkit/output_repository/F2_gtdbtk_temp
    jobid: 102
    reason: Missing output files: /mnt/seaes01-data01/nixon-microbiome/shared/bioinformatic_toolkit/output_repository/F2_gtdbtk_temp
    wildcards: sample=F2
    resources: tmpdir=/tmp


        mkdir -p /mnt/seaes01-data01/nixon-microbiome/shared/bioinformatic_toolkit/output_repository/F2_gtdbtk_temp
        

[Wed Nov 27 21:08:33 2024]
rule antismash:
    input: /mnt/seaes01-data01/nixon-microbiome/shared/bioinformatic_toolkit/output_repository/O1_assembly/contigs.fasta
    output: /mnt/seaes01-data01/nixon-microbiome/shared/bioinformatic_toolkit/output_repository/O1_antismash, /mnt/seaes01-data01/nixon-microbiome/shared/bioinformatic_toolkit/output_repository/O1_antismash/knownclusterblastoutput.txt
    jobid: 327
    reason: Missing output files: /mnt/seaes01-data01/nixon-microbiome/shared/bioinformatic_toolkit/output_repository/O1_antismash/knownclusterblastoutput.txt
    wildcards: sample=O1
    threads: 20
    resources: tmpdir=/tmp


        antismash --cpus 20                   --genefinding-tool prodigal                   --allow-long-headers                   --cb-knownclusters                   --output-dir /mnt/seaes01-data01/nixon-microbiome/shared/bioinformatic_toolkit/output_repository/O1_antismash                   /mnt/seaes01-data01/nixon-microbiome/shared/bioinformatic_toolkit/output_repository/O1_assembly/contigs.fasta
        

[Wed Nov 27 21:08:33 2024]
rule gtdbtk_folder:
    output: /mnt/seaes01-data01/nixon-microbiome/shared/bioinformatic_toolkit/output_repository/N3_gtdbtk_temp
    jobid: 106
    reason: Missing output files: /mnt/seaes01-data01/nixon-microbiome/shared/bioinformatic_toolkit/output_repository/N3_gtdbtk_temp
    wildcards: sample=N3
    resources: tmpdir=/tmp


        mkdir -p /mnt/seaes01-data01/nixon-microbiome/shared/bioinformatic_toolkit/output_repository/N3_gtdbtk_temp
        

[Wed Nov 27 21:08:33 2024]
rule kaiju_table_Class:
    input: /mnt/seaes01-data01/nixon-microbiome/shared/bioinformatic_toolkit/output_repository/O4_kaiju_refseq
    output: /mnt/seaes01-data01/nixon-microbiome/shared/bioinformatic_toolkit/output_repository/O4_CLASS_kaiju.table
    jobid: 149
    reason: Missing output files: /mnt/seaes01-data01/nixon-microbiome/shared/bioinformatic_toolkit/output_repository/O4_CLASS_kaiju.table
    wildcards: sample=O4
    threads: 20
    resources: tmpdir=/tmp


        kaiju2table -t /mnt/seaes01-data01/nixon-microbiome/shared/kaiju_databases/kaiju_db_nr_euk_2023-05-10/nodes.dmp                     -n /mnt/seaes01-data01/nixon-microbiome/shared/kaiju_databases/kaiju_db_nr_euk_2023-05-10/names.dmp                     -r class -u -o /mnt/seaes01-data01/nixon-microbiome/shared/bioinformatic_toolkit/output_repository/O4_CLASS_kaiju.table /mnt/seaes01-data01/nixon-microbiome/shared/bioinformatic_toolkit/output_repository/O4_kaiju_refseq
        

[Wed Nov 27 21:08:33 2024]
rule symlink_reads:
    input: /mnt/seaes01-data01/nixon-microbiome/shared/bioinformatic_toolkit/output_repository/O1_forward_paired.fq, /mnt/seaes01-data01/nixon-microbiome/shared/bioinformatic_toolkit/output_repository/O1_reverse_paired.fq
    output: /mnt/seaes01-data01/nixon-microbiome/shared/bioinformatic_toolkit/output_repository/temp/O1_sym_1.fastq, /mnt/seaes01-data01/nixon-microbiome/shared/bioinformatic_toolkit/output_repository/temp/O1_sym_2.fastq
    jobid: 84
    reason: Missing output files: /mnt/seaes01-data01/nixon-microbiome/shared/bioinformatic_toolkit/output_repository/temp/O1_sym_2.fastq, /mnt/seaes01-data01/nixon-microbiome/shared/bioinformatic_toolkit/output_repository/temp/O1_sym_1.fastq
    wildcards: sample=O1
    resources: tmpdir=/tmp


        mkdir -p {config['output_dir']}/temp
        ln -sf /mnt/seaes01-data01/nixon-microbiome/shared/bioinformatic_toolkit/output_repository/O1_forward_paired.fq /mnt/seaes01-data01/nixon-microbiome/shared/bioinformatic_toolkit/output_repository/temp/O1_sym_1.fastq
        ln -sf /mnt/seaes01-data01/nixon-microbiome/shared/bioinformatic_toolkit/output_repository/O1_reverse_paired.fq /mnt/seaes01-data01/nixon-microbiome/shared/bioinformatic_toolkit/output_repository/temp/O1_sym_2.fastq
        

[Wed Nov 27 21:08:33 2024]
rule kaiju_refseq:
    input: /mnt/seaes01-data01/nixon-microbiome/shared/bioinformatic_toolkit/output_repository/N2_forward_paired.fq, /mnt/seaes01-data01/nixon-microbiome/shared/bioinformatic_toolkit/output_repository/N2_reverse_paired.fq
    output: /mnt/seaes01-data01/nixon-microbiome/shared/bioinformatic_toolkit/output_repository/N2_kaiju_refseq
    jobid: 140
    reason: Missing output files: /mnt/seaes01-data01/nixon-microbiome/shared/bioinformatic_toolkit/output_repository/N2_kaiju_refseq
    wildcards: sample=N2
    threads: 20
    resources: tmpdir=/tmp


        kaiju -v -z 20               -t /mnt/seaes01-data01/nixon-microbiome/shared/kaiju_databases/kaiju_db_nr_euk_2023-05-10/nodes.dmp               -f /mnt/seaes01-data01/nixon-microbiome/shared/kaiju_databases/kaiju_db_nr_euk_2023-05-10/kaiju_db_nr_euk.fmi               -i /mnt/seaes01-data01/nixon-microbiome/shared/bioinformatic_toolkit/output_repository/N2_forward_paired.fq               -j /mnt/seaes01-data01/nixon-microbiome/shared/bioinformatic_toolkit/output_repository/N2_reverse_paired.fq               -o /mnt/seaes01-data01/nixon-microbiome/shared/bioinformatic_toolkit/output_repository/N2_kaiju_refseq
        

[Wed Nov 27 21:08:33 2024]
rule spades:
    input: /mnt/seaes01-data01/nixon-microbiome/shared/bioinformatic_toolkit/output_repository/F1_forward_paired.fq, /mnt/seaes01-data01/nixon-microbiome/shared/bioinformatic_toolkit/output_repository/F1_reverse_paired.fq
    output: /mnt/seaes01-data01/nixon-microbiome/shared/bioinformatic_toolkit/output_repository/F1_assembly, /mnt/seaes01-data01/nixon-microbiome/shared/bioinformatic_toolkit/output_repository/F1_assembly/contigs.fasta
    jobid: 21
    reason: Forced execution
    wildcards: sample=F1
    threads: 20
    resources: tmpdir=/tmp


        metaspades.py -m 2000 -1 /mnt/seaes01-data01/nixon-microbiome/shared/bioinformatic_toolkit/output_repository/F1_forward_paired.fq -2 /mnt/seaes01-data01/nixon-microbiome/shared/bioinformatic_toolkit/output_repository/F1_reverse_paired.fq -o /mnt/seaes01-data01/nixon-microbiome/shared/bioinformatic_toolkit/output_repository/F1_assembly -t 20
        

[Wed Nov 27 21:08:33 2024]
rule fastqc:
    input: /mnt/seaes01-data01/nixon-microbiome/shared/bioinformatic_toolkit/output_repository/N3_forward_paired.fq, /mnt/seaes01-data01/nixon-microbiome/shared/bioinformatic_toolkit/output_repository/N3_reverse_paired.fq
    output: /mnt/seaes01-data01/nixon-microbiome/shared/bioinformatic_toolkit/output_repository/N3_fastqc
    jobid: 16
    reason: Missing output files: /mnt/seaes01-data01/nixon-microbiome/shared/bioinformatic_toolkit/output_repository/N3_fastqc
    wildcards: sample=N3
    threads: 20
    resources: tmpdir=/tmp


        mkdir /mnt/seaes01-data01/nixon-microbiome/shared/bioinformatic_toolkit/output_repository/N3_fastqc
        fastqc -o /mnt/seaes01-data01/nixon-microbiome/shared/bioinformatic_toolkit/output_repository/N3_fastqc /mnt/seaes01-data01/nixon-microbiome/shared/bioinformatic_toolkit/output_repository/N3_forward_paired.fq -t 20 /mnt/seaes01-data01/nixon-microbiome/shared/bioinformatic_toolkit/output_repository/N3_reverse_paired.fq
        

[Wed Nov 27 21:08:33 2024]
rule trimmomatic:
    input: /mnt/seaes01-data01/nixon-microbiome/shared/bioinformatic_toolkit/symlink_staging/F2_1.fastq.gz, /mnt/seaes01-data01/nixon-microbiome/shared/bioinformatic_toolkit/symlink_staging/F2_2.fastq.gz
    output: /mnt/seaes01-data01/nixon-microbiome/shared/bioinformatic_toolkit/output_repository/F2_forward_paired.fq, /mnt/seaes01-data01/nixon-microbiome/shared/bioinformatic_toolkit/output_repository/F2_forward_unpaired.fq, /mnt/seaes01-data01/nixon-microbiome/shared/bioinformatic_toolkit/output_repository/F2_reverse_paired.fq, /mnt/seaes01-data01/nixon-microbiome/shared/bioinformatic_toolkit/output_repository/F2_reverse_unpaired.fq
    log: /mnt/seaes01-data01/nixon-microbiome/shared/bioinformatic_toolkit/output_repository/F2_trimmomatic.log
    jobid: 2
    reason: Missing output files: /mnt/seaes01-data01/nixon-microbiome/shared/bioinformatic_toolkit/output_repository/F2_forward_paired.fq, /mnt/seaes01-data01/nixon-microbiome/shared/bioinformatic_toolkit/output_repository/F2_reverse_paired.fq
    wildcards: sample=F2
    threads: 20
    resources: tmpdir=/tmp

java -jar /trimmomatic/Trimmomatic-0.39/trimmomatic-0.39.jar PE -phred33 -threads 20 /mnt/seaes01-data01/nixon-microbiome/shared/bioinformatic_toolkit/symlink_staging/F2_1.fastq.gz /mnt/seaes01-data01/nixon-microbiome/shared/bioinformatic_toolkit/symlink_staging/F2_2.fastq.gz /mnt/seaes01-data01/nixon-microbiome/shared/bioinformatic_toolkit/output_repository/F2_forward_paired.fq /mnt/seaes01-data01/nixon-microbiome/shared/bioinformatic_toolkit/output_repository/F2_forward_unpaired.fq /mnt/seaes01-data01/nixon-microbiome/shared/bioinformatic_toolkit/output_repository/F2_reverse_paired.fq /mnt/seaes01-data01/nixon-microbiome/shared/bioinformatic_toolkit/output_repository/F2_reverse_unpaired.fq ILLUMINACLIP:/mnt/seaes01-data01/nixon-microbiome/shared/bioinformatic_toolkit/trimmomatic_adapters/Nextera_Truseq_Adapters:2:30:10 LEADING:30 TRAILING:30 SLIDINGWINDOW:4:15 MINLEN:36

[Wed Nov 27 21:08:33 2024]
rule gtdbtk_folder:
    output: /mnt/seaes01-data01/nixon-microbiome/shared/bioinformatic_toolkit/output_repository/O1_gtdbtk_temp
    jobid: 107
    reason: Missing output files: /mnt/seaes01-data01/nixon-microbiome/shared/bioinformatic_toolkit/output_repository/O1_gtdbtk_temp
    wildcards: sample=O1
    resources: tmpdir=/tmp


        mkdir -p /mnt/seaes01-data01/nixon-microbiome/shared/bioinformatic_toolkit/output_repository/O1_gtdbtk_temp
        

[Wed Nov 27 21:08:33 2024]
rule spades:
    input: /mnt/seaes01-data01/nixon-microbiome/shared/bioinformatic_toolkit/output_repository/O3_forward_paired.fq, /mnt/seaes01-data01/nixon-microbiome/shared/bioinformatic_toolkit/output_repository/O3_reverse_paired.fq
    output: /mnt/seaes01-data01/nixon-microbiome/shared/bioinformatic_toolkit/output_repository/O3_assembly, /mnt/seaes01-data01/nixon-microbiome/shared/bioinformatic_toolkit/output_repository/O3_assembly/contigs.fasta
    jobid: 29
    reason: Missing output files: /mnt/seaes01-data01/nixon-microbiome/shared/bioinformatic_toolkit/output_repository/O3_assembly/contigs.fasta
    wildcards: sample=O3
    threads: 20
    resources: tmpdir=/tmp


        metaspades.py -m 2000 -1 /mnt/seaes01-data01/nixon-microbiome/shared/bioinformatic_toolkit/output_repository/O3_forward_paired.fq -2 /mnt/seaes01-data01/nixon-microbiome/shared/bioinformatic_toolkit/output_repository/O3_reverse_paired.fq -o /mnt/seaes01-data01/nixon-microbiome/shared/bioinformatic_toolkit/output_repository/O3_assembly -t 20
        

[Wed Nov 27 21:08:33 2024]
rule read_length:
    input: /mnt/seaes01-data01/nixon-microbiome/shared/bioinformatic_toolkit/output_repository/O1_forward_paired.fq
    output: /mnt/seaes01-data01/nixon-microbiome/shared/bioinformatic_toolkit/output_repository/O1_tpm/O1.readlength
    jobid: 247
    reason: Missing output files: /mnt/seaes01-data01/nixon-microbiome/shared/bioinformatic_toolkit/output_repository/O1_tpm/O1.readlength
    wildcards: sample=O1
    threads: 20
    resources: tmpdir=/tmp

awk 'NR%4==2{sum+=length($0)}END{print sum/(NR/4)}' /mnt/seaes01-data01/nixon-microbiome/shared/bioinformatic_toolkit/output_repository/O1_forward_paired.fq > /mnt/seaes01-data01/nixon-microbiome/shared/bioinformatic_toolkit/output_repository/O1_tpm/O1.readlength

[Wed Nov 27 21:08:33 2024]
rule convert:
    input: /mnt/seaes01-data01/nixon-microbiome/shared/bioinformatic_toolkit/output_repository/O3_forward_paired.fq
    output: /mnt/seaes01-data01/nixon-microbiome/shared/bioinformatic_toolkit/output_repository/O3_diversity/O3_alignment.fasta
    jobid: 348
    reason: Missing output files: /mnt/seaes01-data01/nixon-microbiome/shared/bioinformatic_toolkit/output_repository/O3_diversity/O3_alignment.fasta
    wildcards: sample=O3
    threads: 20
    resources: tmpdir=/tmp


        cat /mnt/seaes01-data01/nixon-microbiome/shared/bioinformatic_toolkit/output_repository/O3_forward_paired.fq | paste - - - - |         awk 'BEGIN{FS="\t"}{print ">"substr($1,2)"\n"$2}' > /mnt/seaes01-data01/nixon-microbiome/shared/bioinformatic_toolkit/output_repository/O3_diversity/O3_alignment.fasta
        

[Wed Nov 27 21:08:33 2024]
rule symlink_reads:
    input: /mnt/seaes01-data01/nixon-microbiome/shared/bioinformatic_toolkit/output_repository/N1_forward_paired.fq, /mnt/seaes01-data01/nixon-microbiome/shared/bioinformatic_toolkit/output_repository/N1_reverse_paired.fq
    output: /mnt/seaes01-data01/nixon-microbiome/shared/bioinformatic_toolkit/output_repository/temp/N1_sym_1.fastq, /mnt/seaes01-data01/nixon-microbiome/shared/bioinformatic_toolkit/output_repository/temp/N1_sym_2.fastq
    jobid: 78
    reason: Missing output files: /mnt/seaes01-data01/nixon-microbiome/shared/bioinformatic_toolkit/output_repository/temp/N1_sym_2.fastq, /mnt/seaes01-data01/nixon-microbiome/shared/bioinformatic_toolkit/output_repository/temp/N1_sym_1.fastq
    wildcards: sample=N1
    resources: tmpdir=/tmp


        mkdir -p {config['output_dir']}/temp
        ln -sf /mnt/seaes01-data01/nixon-microbiome/shared/bioinformatic_toolkit/output_repository/N1_forward_paired.fq /mnt/seaes01-data01/nixon-microbiome/shared/bioinformatic_toolkit/output_repository/temp/N1_sym_1.fastq
        ln -sf /mnt/seaes01-data01/nixon-microbiome/shared/bioinformatic_toolkit/output_repository/N1_reverse_paired.fq /mnt/seaes01-data01/nixon-microbiome/shared/bioinformatic_toolkit/output_repository/temp/N1_sym_2.fastq
        

[Wed Nov 27 21:08:33 2024]
rule symlink_reads:
    input: /mnt/seaes01-data01/nixon-microbiome/shared/bioinformatic_toolkit/output_repository/F1_forward_paired.fq, /mnt/seaes01-data01/nixon-microbiome/shared/bioinformatic_toolkit/output_repository/F1_reverse_paired.fq
    output: /mnt/seaes01-data01/nixon-microbiome/shared/bioinformatic_toolkit/output_repository/temp/F1_sym_1.fastq, /mnt/seaes01-data01/nixon-microbiome/shared/bioinformatic_toolkit/output_repository/temp/F1_sym_2.fastq
    jobid: 72
    reason: Missing output files: /mnt/seaes01-data01/nixon-microbiome/shared/bioinformatic_toolkit/output_repository/temp/F1_sym_1.fastq, /mnt/seaes01-data01/nixon-microbiome/shared/bioinformatic_toolkit/output_repository/temp/F1_sym_2.fastq
    wildcards: sample=F1
    resources: tmpdir=/tmp


        mkdir -p {config['output_dir']}/temp
        ln -sf /mnt/seaes01-data01/nixon-microbiome/shared/bioinformatic_toolkit/output_repository/F1_forward_paired.fq /mnt/seaes01-data01/nixon-microbiome/shared/bioinformatic_toolkit/output_repository/temp/F1_sym_1.fastq
        ln -sf /mnt/seaes01-data01/nixon-microbiome/shared/bioinformatic_toolkit/output_repository/F1_reverse_paired.fq /mnt/seaes01-data01/nixon-microbiome/shared/bioinformatic_toolkit/output_repository/temp/F1_sym_2.fastq
        

[Wed Nov 27 21:08:33 2024]
rule convert:
    input: /mnt/seaes01-data01/nixon-microbiome/shared/bioinformatic_toolkit/output_repository/N3_forward_paired.fq
    output: /mnt/seaes01-data01/nixon-microbiome/shared/bioinformatic_toolkit/output_repository/N3_diversity/N3_alignment.fasta
    jobid: 342
    reason: Missing output files: /mnt/seaes01-data01/nixon-microbiome/shared/bioinformatic_toolkit/output_repository/N3_diversity/N3_alignment.fasta
    wildcards: sample=N3
    threads: 20
    resources: tmpdir=/tmp


        cat /mnt/seaes01-data01/nixon-microbiome/shared/bioinformatic_toolkit/output_repository/N3_forward_paired.fq | paste - - - - |         awk 'BEGIN{FS="\t"}{print ">"substr($1,2)"\n"$2}' > /mnt/seaes01-data01/nixon-microbiome/shared/bioinformatic_toolkit/output_repository/N3_diversity/N3_alignment.fasta
        

[Wed Nov 27 21:08:33 2024]
rule metaquast:
    input: /mnt/seaes01-data01/nixon-microbiome/shared/bioinformatic_toolkit/output_repository/N3_contigs_filtered_500.fa
    output: /mnt/seaes01-data01/nixon-microbiome/shared/bioinformatic_toolkit/output_repository/N3_quast_report
    log: /mnt/seaes01-data01/nixon-microbiome/shared/bioinformatic_toolkit/output_repository/N3_quast.log
    jobid: 66
    reason: Missing output files: /mnt/seaes01-data01/nixon-microbiome/shared/bioinformatic_toolkit/output_repository/N3_quast_report
    wildcards: sample=N3
    threads: 20
    resources: tmpdir=/tmp


        metaquast.py --threads 20 -o /mnt/seaes01-data01/nixon-microbiome/shared/bioinformatic_toolkit/output_repository/N3_quast_report /mnt/seaes01-data01/nixon-microbiome/shared/bioinformatic_toolkit/output_repository/N3_contigs_filtered_500.fa
        

[Wed Nov 27 21:08:33 2024]
rule gtdbtk_folder:
    output: /mnt/seaes01-data01/nixon-microbiome/shared/bioinformatic_toolkit/output_repository/O2_gtdbtk_temp
    jobid: 108
    reason: Missing output files: /mnt/seaes01-data01/nixon-microbiome/shared/bioinformatic_toolkit/output_repository/O2_gtdbtk_temp
    wildcards: sample=O2
    resources: tmpdir=/tmp


        mkdir -p /mnt/seaes01-data01/nixon-microbiome/shared/bioinformatic_toolkit/output_repository/O2_gtdbtk_temp
        

[Wed Nov 27 21:08:33 2024]
rule gtdbtk_folder:
    output: /mnt/seaes01-data01/nixon-microbiome/shared/bioinformatic_toolkit/output_repository/F1_gtdbtk_temp
    jobid: 101
    reason: Missing output files: /mnt/seaes01-data01/nixon-microbiome/shared/bioinformatic_toolkit/output_repository/F1_gtdbtk_temp
    wildcards: sample=F1
    resources: tmpdir=/tmp


        mkdir -p /mnt/seaes01-data01/nixon-microbiome/shared/bioinformatic_toolkit/output_repository/F1_gtdbtk_temp
        

[Wed Nov 27 21:08:33 2024]
rule spades:
    input: /mnt/seaes01-data01/nixon-microbiome/shared/bioinformatic_toolkit/output_repository/O4_forward_paired.fq, /mnt/seaes01-data01/nixon-microbiome/shared/bioinformatic_toolkit/output_repository/O4_reverse_paired.fq
    output: /mnt/seaes01-data01/nixon-microbiome/shared/bioinformatic_toolkit/output_repository/O4_assembly, /mnt/seaes01-data01/nixon-microbiome/shared/bioinformatic_toolkit/output_repository/O4_assembly/contigs.fasta
    jobid: 30
    reason: Missing output files: /mnt/seaes01-data01/nixon-microbiome/shared/bioinformatic_toolkit/output_repository/O4_assembly/contigs.fasta
    wildcards: sample=O4
    threads: 20
    resources: tmpdir=/tmp


        metaspades.py -m 2000 -1 /mnt/seaes01-data01/nixon-microbiome/shared/bioinformatic_toolkit/output_repository/O4_forward_paired.fq -2 /mnt/seaes01-data01/nixon-microbiome/shared/bioinformatic_toolkit/output_repository/O4_reverse_paired.fq -o /mnt/seaes01-data01/nixon-microbiome/shared/bioinformatic_toolkit/output_repository/O4_assembly -t 20
        

[Wed Nov 27 21:08:33 2024]
rule trimmomatic:
    input: /mnt/seaes01-data01/nixon-microbiome/shared/bioinformatic_toolkit/symlink_staging/O2_1.fastq.gz, /mnt/seaes01-data01/nixon-microbiome/shared/bioinformatic_toolkit/symlink_staging/O2_2.fastq.gz
    output: /mnt/seaes01-data01/nixon-microbiome/shared/bioinformatic_toolkit/output_repository/O2_forward_paired.fq, /mnt/seaes01-data01/nixon-microbiome/shared/bioinformatic_toolkit/output_repository/O2_forward_unpaired.fq, /mnt/seaes01-data01/nixon-microbiome/shared/bioinformatic_toolkit/output_repository/O2_reverse_paired.fq, /mnt/seaes01-data01/nixon-microbiome/shared/bioinformatic_toolkit/output_repository/O2_reverse_unpaired.fq
    log: /mnt/seaes01-data01/nixon-microbiome/shared/bioinformatic_toolkit/output_repository/O2_trimmomatic.log
    jobid: 8
    reason: Missing output files: /mnt/seaes01-data01/nixon-microbiome/shared/bioinformatic_toolkit/output_repository/O2_reverse_paired.fq, /mnt/seaes01-data01/nixon-microbiome/shared/bioinformatic_toolkit/output_repository/O2_forward_paired.fq
    wildcards: sample=O2
    threads: 20
    resources: tmpdir=/tmp

java -jar /trimmomatic/Trimmomatic-0.39/trimmomatic-0.39.jar PE -phred33 -threads 20 /mnt/seaes01-data01/nixon-microbiome/shared/bioinformatic_toolkit/symlink_staging/O2_1.fastq.gz /mnt/seaes01-data01/nixon-microbiome/shared/bioinformatic_toolkit/symlink_staging/O2_2.fastq.gz /mnt/seaes01-data01/nixon-microbiome/shared/bioinformatic_toolkit/output_repository/O2_forward_paired.fq /mnt/seaes01-data01/nixon-microbiome/shared/bioinformatic_toolkit/output_repository/O2_forward_unpaired.fq /mnt/seaes01-data01/nixon-microbiome/shared/bioinformatic_toolkit/output_repository/O2_reverse_paired.fq /mnt/seaes01-data01/nixon-microbiome/shared/bioinformatic_toolkit/output_repository/O2_reverse_unpaired.fq ILLUMINACLIP:/mnt/seaes01-data01/nixon-microbiome/shared/bioinformatic_toolkit/trimmomatic_adapters/Nextera_Truseq_Adapters:2:30:10 LEADING:30 TRAILING:30 SLIDINGWINDOW:4:15 MINLEN:36

[Wed Nov 27 21:08:33 2024]
rule trimmomatic:
    input: /mnt/seaes01-data01/nixon-microbiome/shared/bioinformatic_toolkit/symlink_staging/F3_1.fastq.gz, /mnt/seaes01-data01/nixon-microbiome/shared/bioinformatic_toolkit/symlink_staging/F3_2.fastq.gz
    output: /mnt/seaes01-data01/nixon-microbiome/shared/bioinformatic_toolkit/output_repository/F3_forward_paired.fq, /mnt/seaes01-data01/nixon-microbiome/shared/bioinformatic_toolkit/output_repository/F3_forward_unpaired.fq, /mnt/seaes01-data01/nixon-microbiome/shared/bioinformatic_toolkit/output_repository/F3_reverse_paired.fq, /mnt/seaes01-data01/nixon-microbiome/shared/bioinformatic_toolkit/output_repository/F3_reverse_unpaired.fq
    log: /mnt/seaes01-data01/nixon-microbiome/shared/bioinformatic_toolkit/output_repository/F3_trimmomatic.log
    jobid: 3
    reason: Missing output files: /mnt/seaes01-data01/nixon-microbiome/shared/bioinformatic_toolkit/output_repository/F3_forward_paired.fq, /mnt/seaes01-data01/nixon-microbiome/shared/bioinformatic_toolkit/output_repository/F3_reverse_paired.fq
    wildcards: sample=F3
    threads: 20
    resources: tmpdir=/tmp

java -jar /trimmomatic/Trimmomatic-0.39/trimmomatic-0.39.jar PE -phred33 -threads 20 /mnt/seaes01-data01/nixon-microbiome/shared/bioinformatic_toolkit/symlink_staging/F3_1.fastq.gz /mnt/seaes01-data01/nixon-microbiome/shared/bioinformatic_toolkit/symlink_staging/F3_2.fastq.gz /mnt/seaes01-data01/nixon-microbiome/shared/bioinformatic_toolkit/output_repository/F3_forward_paired.fq /mnt/seaes01-data01/nixon-microbiome/shared/bioinformatic_toolkit/output_repository/F3_forward_unpaired.fq /mnt/seaes01-data01/nixon-microbiome/shared/bioinformatic_toolkit/output_repository/F3_reverse_paired.fq /mnt/seaes01-data01/nixon-microbiome/shared/bioinformatic_toolkit/output_repository/F3_reverse_unpaired.fq ILLUMINACLIP:/mnt/seaes01-data01/nixon-microbiome/shared/bioinformatic_toolkit/trimmomatic_adapters/Nextera_Truseq_Adapters:2:30:10 LEADING:30 TRAILING:30 SLIDINGWINDOW:4:15 MINLEN:36

[Wed Nov 27 21:08:33 2024]
rule gtdbtk_folder:
    output: /mnt/seaes01-data01/nixon-microbiome/shared/bioinformatic_toolkit/output_repository/O3_gtdbtk_temp
    jobid: 109
    reason: Missing output files: /mnt/seaes01-data01/nixon-microbiome/shared/bioinformatic_toolkit/output_repository/O3_gtdbtk_temp
    wildcards: sample=O3
    resources: tmpdir=/tmp


        mkdir -p /mnt/seaes01-data01/nixon-microbiome/shared/bioinformatic_toolkit/output_repository/O3_gtdbtk_temp
        

[Wed Nov 27 21:08:33 2024]
rule genomad_end_to_end:
    input: /mnt/seaes01-data01/nixon-microbiome/shared/bioinformatic_toolkit/output_repository/N3_assembly/contigs.fasta
    output: /mnt/seaes01-data01/nixon-microbiome/shared/bioinformatic_toolkit/output_repository/N3_genomad
    jobid: 316
    reason: Missing output files: /mnt/seaes01-data01/nixon-microbiome/shared/bioinformatic_toolkit/output_repository/N3_genomad
    wildcards: sample=N3
    threads: 20
    resources: tmpdir=/tmp


        genomad end-to-end --enable-score-calibration --cleanup --splits 8 /mnt/seaes01-data01/nixon-microbiome/shared/bioinformatic_toolkit/output_repository/N3_assembly/contigs.fasta /mnt/seaes01-data01/nixon-microbiome/shared/bioinformatic_toolkit/output_repository/N3_genomad /mnt/data/genomad_db_v1.7
        

[Wed Nov 27 21:08:33 2024]
rule metawrap_bin:
    input: /mnt/seaes01-data01/nixon-microbiome/shared/bioinformatic_toolkit/output_repository/O4_assembly/contigs.fasta, /mnt/seaes01-data01/nixon-microbiome/shared/bioinformatic_toolkit/output_repository/temp/O4_sym_1.fastq, /mnt/seaes01-data01/nixon-microbiome/shared/bioinformatic_toolkit/output_repository/temp/O4_sym_2.fastq
    output: /mnt/seaes01-data01/nixon-microbiome/shared/bioinformatic_toolkit/output_repository/O4_mags_bins, /mnt/seaes01-data01/nixon-microbiome/shared/bioinformatic_toolkit/output_repository/O4_mags_bins/concoct_bins, /mnt/seaes01-data01/nixon-microbiome/shared/bioinformatic_toolkit/output_repository/O4_mags_bins/maxbin2_bins, /mnt/seaes01-data01/nixon-microbiome/shared/bioinformatic_toolkit/output_repository/O4_mags_bins/metabat2_bins
    jobid: 89
    reason: Missing output files: /mnt/seaes01-data01/nixon-microbiome/shared/bioinformatic_toolkit/output_repository/O4_mags_bins/concoct_bins, /mnt/seaes01-data01/nixon-microbiome/shared/bioinformatic_toolkit/output_repository/O4_mags_bins/maxbin2_bins, /mnt/seaes01-data01/nixon-microbiome/shared/bioinformatic_toolkit/output_repository/O4_mags_bins/metabat2_bins; Input files updated by another job: /mnt/seaes01-data01/nixon-microbiome/shared/bioinformatic_toolkit/output_repository/O4_assembly/contigs.fasta, /mnt/seaes01-data01/nixon-microbiome/shared/bioinformatic_toolkit/output_repository/temp/O4_sym_1.fastq, /mnt/seaes01-data01/nixon-microbiome/shared/bioinformatic_toolkit/output_repository/temp/O4_sym_2.fastq
    wildcards: sample=O4
    threads: 20
    resources: tmpdir=/tmp


	checkm data setRoot /mnt/seaes01-data01/nixon-microbiome/shared/databases1/checkm        
	metawrap binning -o /mnt/seaes01-data01/nixon-microbiome/shared/bioinformatic_toolkit/output_repository/O4_mags_bins -a /mnt/seaes01-data01/nixon-microbiome/shared/bioinformatic_toolkit/output_repository/O4_assembly/contigs.fasta -t 20         --maxbin2 --metabat2 --concoct --universal /mnt/seaes01-data01/nixon-microbiome/shared/bioinformatic_toolkit/output_repository/temp/O4_sym_1.fastq /mnt/seaes01-data01/nixon-microbiome/shared/bioinformatic_toolkit/output_repository/temp/O4_sym_2.fastq
        

[Wed Nov 27 21:08:33 2024]
rule kaiju_refseq:
    input: /mnt/seaes01-data01/nixon-microbiome/shared/bioinformatic_toolkit/output_repository/F3_forward_paired.fq, /mnt/seaes01-data01/nixon-microbiome/shared/bioinformatic_toolkit/output_repository/F3_reverse_paired.fq
    output: /mnt/seaes01-data01/nixon-microbiome/shared/bioinformatic_toolkit/output_repository/F3_kaiju_refseq
    jobid: 136
    reason: Missing output files: /mnt/seaes01-data01/nixon-microbiome/shared/bioinformatic_toolkit/output_repository/F3_kaiju_refseq; Input files updated by another job: /mnt/seaes01-data01/nixon-microbiome/shared/bioinformatic_toolkit/output_repository/F3_forward_paired.fq, /mnt/seaes01-data01/nixon-microbiome/shared/bioinformatic_toolkit/output_repository/F3_reverse_paired.fq
    wildcards: sample=F3
    threads: 20
    resources: tmpdir=/tmp


        kaiju -v -z 20               -t /mnt/seaes01-data01/nixon-microbiome/shared/kaiju_databases/kaiju_db_nr_euk_2023-05-10/nodes.dmp               -f /mnt/seaes01-data01/nixon-microbiome/shared/kaiju_databases/kaiju_db_nr_euk_2023-05-10/kaiju_db_nr_euk.fmi               -i /mnt/seaes01-data01/nixon-microbiome/shared/bioinformatic_toolkit/output_repository/F3_forward_paired.fq               -j /mnt/seaes01-data01/nixon-microbiome/shared/bioinformatic_toolkit/output_repository/F3_reverse_paired.fq               -o /mnt/seaes01-data01/nixon-microbiome/shared/bioinformatic_toolkit/output_repository/F3_kaiju_refseq
        

[Wed Nov 27 21:08:33 2024]
rule alignment:
    input: /mnt/seaes01-data01/nixon-microbiome/shared/bioinformatic_toolkit/output_repository/N2_diversity/N2_alignment.fasta
    output: /mnt/seaes01-data01/nixon-microbiome/shared/bioinformatic_toolkit/output_repository/N2_diversity/N2_alignment.npo
    jobid: 339
    reason: Missing output files: /mnt/seaes01-data01/nixon-microbiome/shared/bioinformatic_toolkit/output_repository/N2_diversity/N2_alignment.npo; Input files updated by another job: /mnt/seaes01-data01/nixon-microbiome/shared/bioinformatic_toolkit/output_repository/N2_diversity/N2_alignment.fasta
    wildcards: sample=N2
    threads: 20
    resources: tmpdir=/tmp


        nonpareil -s /mnt/seaes01-data01/nixon-microbiome/shared/bioinformatic_toolkit/output_repository/N2_diversity/N2_alignment.fasta -t 20 -T alignment -f fasta -b /mnt/seaes01-data01/nixon-microbiome/shared/bioinformatic_toolkit/output_repository/N2_diversity/N2_alignment.npo
        

[Wed Nov 27 21:08:33 2024]
rule alignment:
    input: /mnt/seaes01-data01/nixon-microbiome/shared/bioinformatic_toolkit/output_repository/F1_diversity/F1_alignment.fasta
    output: /mnt/seaes01-data01/nixon-microbiome/shared/bioinformatic_toolkit/output_repository/F1_diversity/F1_alignment.npo
    jobid: 331
    reason: Missing output files: /mnt/seaes01-data01/nixon-microbiome/shared/bioinformatic_toolkit/output_repository/F1_diversity/F1_alignment.npo; Input files updated by another job: /mnt/seaes01-data01/nixon-microbiome/shared/bioinformatic_toolkit/output_repository/F1_diversity/F1_alignment.fasta
    wildcards: sample=F1
    threads: 20
    resources: tmpdir=/tmp


        nonpareil -s /mnt/seaes01-data01/nixon-microbiome/shared/bioinformatic_toolkit/output_repository/F1_diversity/F1_alignment.fasta -t 20 -T alignment -f fasta -b /mnt/seaes01-data01/nixon-microbiome/shared/bioinformatic_toolkit/output_repository/F1_diversity/F1_alignment.npo
        

[Wed Nov 27 21:08:33 2024]
rule antismash:
    input: /mnt/seaes01-data01/nixon-microbiome/shared/bioinformatic_toolkit/output_repository/N1_assembly/contigs.fasta
    output: /mnt/seaes01-data01/nixon-microbiome/shared/bioinformatic_toolkit/output_repository/N1_antismash, /mnt/seaes01-data01/nixon-microbiome/shared/bioinformatic_toolkit/output_repository/N1_antismash/knownclusterblastoutput.txt
    jobid: 324
    reason: Missing output files: /mnt/seaes01-data01/nixon-microbiome/shared/bioinformatic_toolkit/output_repository/N1_antismash/knownclusterblastoutput.txt; Input files updated by another job: /mnt/seaes01-data01/nixon-microbiome/shared/bioinformatic_toolkit/output_repository/N1_assembly/contigs.fasta
    wildcards: sample=N1
    threads: 20
    resources: tmpdir=/tmp


        antismash --cpus 20                   --genefinding-tool prodigal                   --allow-long-headers                   --cb-knownclusters                   --output-dir /mnt/seaes01-data01/nixon-microbiome/shared/bioinformatic_toolkit/output_repository/N1_antismash                   /mnt/seaes01-data01/nixon-microbiome/shared/bioinformatic_toolkit/output_repository/N1_assembly/contigs.fasta
        

[Wed Nov 27 21:08:33 2024]
rule cut:
    input: /mnt/seaes01-data01/nixon-microbiome/shared/bioinformatic_toolkit/output_repository/N2_assembly/contigs.fasta
    output: /mnt/seaes01-data01/nixon-microbiome/shared/bioinformatic_toolkit/output_repository/N2_contigs_IDs_trimmed.fasta
    jobid: 45
    reason: Missing output files: /mnt/seaes01-data01/nixon-microbiome/shared/bioinformatic_toolkit/output_repository/N2_contigs_IDs_trimmed.fasta; Input files updated by another job: /mnt/seaes01-data01/nixon-microbiome/shared/bioinformatic_toolkit/output_repository/N2_assembly/contigs.fasta
    wildcards: sample=N2
    threads: 20
    resources: tmpdir=/tmp

cut -d 'l' -f1 /mnt/seaes01-data01/nixon-microbiome/shared/bioinformatic_toolkit/output_repository/N2_assembly/contigs.fasta > /mnt/seaes01-data01/nixon-microbiome/shared/bioinformatic_toolkit/output_repository/N2_contigs_IDs_trimmed.fasta

[Wed Nov 27 21:08:33 2024]
rule read_length:
    input: /mnt/seaes01-data01/nixon-microbiome/shared/bioinformatic_toolkit/output_repository/F2_forward_paired.fq
    output: /mnt/seaes01-data01/nixon-microbiome/shared/bioinformatic_toolkit/output_repository/F2_tpm/F2.readlength
    jobid: 177
    reason: Missing output files: /mnt/seaes01-data01/nixon-microbiome/shared/bioinformatic_toolkit/output_repository/F2_tpm/F2.readlength; Input files updated by another job: /mnt/seaes01-data01/nixon-microbiome/shared/bioinformatic_toolkit/output_repository/F2_forward_paired.fq
    wildcards: sample=F2
    threads: 20
    resources: tmpdir=/tmp

awk 'NR%4==2{sum+=length($0)}END{print sum/(NR/4)}' /mnt/seaes01-data01/nixon-microbiome/shared/bioinformatic_toolkit/output_repository/F2_forward_paired.fq > /mnt/seaes01-data01/nixon-microbiome/shared/bioinformatic_toolkit/output_repository/F2_tpm/F2.readlength

[Wed Nov 27 21:08:33 2024]
rule metawrap_bin:
    input: /mnt/seaes01-data01/nixon-microbiome/shared/bioinformatic_toolkit/output_repository/O1_assembly/contigs.fasta, /mnt/seaes01-data01/nixon-microbiome/shared/bioinformatic_toolkit/output_repository/temp/O1_sym_1.fastq, /mnt/seaes01-data01/nixon-microbiome/shared/bioinformatic_toolkit/output_repository/temp/O1_sym_2.fastq
    output: /mnt/seaes01-data01/nixon-microbiome/shared/bioinformatic_toolkit/output_repository/O1_mags_bins, /mnt/seaes01-data01/nixon-microbiome/shared/bioinformatic_toolkit/output_repository/O1_mags_bins/concoct_bins, /mnt/seaes01-data01/nixon-microbiome/shared/bioinformatic_toolkit/output_repository/O1_mags_bins/maxbin2_bins, /mnt/seaes01-data01/nixon-microbiome/shared/bioinformatic_toolkit/output_repository/O1_mags_bins/metabat2_bins
    jobid: 83
    reason: Missing output files: /mnt/seaes01-data01/nixon-microbiome/shared/bioinformatic_toolkit/output_repository/O1_mags_bins/concoct_bins, /mnt/seaes01-data01/nixon-microbiome/shared/bioinformatic_toolkit/output_repository/O1_mags_bins/metabat2_bins, /mnt/seaes01-data01/nixon-microbiome/shared/bioinformatic_toolkit/output_repository/O1_mags_bins/maxbin2_bins; Input files updated by another job: /mnt/seaes01-data01/nixon-microbiome/shared/bioinformatic_toolkit/output_repository/temp/O1_sym_2.fastq, /mnt/seaes01-data01/nixon-microbiome/shared/bioinformatic_toolkit/output_repository/temp/O1_sym_1.fastq
    wildcards: sample=O1
    threads: 20
    resources: tmpdir=/tmp


	checkm data setRoot /mnt/seaes01-data01/nixon-microbiome/shared/databases1/checkm        
	metawrap binning -o /mnt/seaes01-data01/nixon-microbiome/shared/bioinformatic_toolkit/output_repository/O1_mags_bins -a /mnt/seaes01-data01/nixon-microbiome/shared/bioinformatic_toolkit/output_repository/O1_assembly/contigs.fasta -t 20         --maxbin2 --metabat2 --concoct --universal /mnt/seaes01-data01/nixon-microbiome/shared/bioinformatic_toolkit/output_repository/temp/O1_sym_1.fastq /mnt/seaes01-data01/nixon-microbiome/shared/bioinformatic_toolkit/output_repository/temp/O1_sym_2.fastq
        

[Wed Nov 27 21:08:33 2024]
rule kaiju_table_Class:
    input: /mnt/seaes01-data01/nixon-microbiome/shared/bioinformatic_toolkit/output_repository/N2_kaiju_refseq
    output: /mnt/seaes01-data01/nixon-microbiome/shared/bioinformatic_toolkit/output_repository/N2_CLASS_kaiju.table
    jobid: 139
    reason: Missing output files: /mnt/seaes01-data01/nixon-microbiome/shared/bioinformatic_toolkit/output_repository/N2_CLASS_kaiju.table; Input files updated by another job: /mnt/seaes01-data01/nixon-microbiome/shared/bioinformatic_toolkit/output_repository/N2_kaiju_refseq
    wildcards: sample=N2
    threads: 20
    resources: tmpdir=/tmp


        kaiju2table -t /mnt/seaes01-data01/nixon-microbiome/shared/kaiju_databases/kaiju_db_nr_euk_2023-05-10/nodes.dmp                     -n /mnt/seaes01-data01/nixon-microbiome/shared/kaiju_databases/kaiju_db_nr_euk_2023-05-10/names.dmp                     -r class -u -o /mnt/seaes01-data01/nixon-microbiome/shared/bioinformatic_toolkit/output_repository/N2_CLASS_kaiju.table /mnt/seaes01-data01/nixon-microbiome/shared/bioinformatic_toolkit/output_repository/N2_kaiju_refseq
        

[Wed Nov 27 21:08:33 2024]
rule kaiju_table_Class:
    input: /mnt/seaes01-data01/nixon-microbiome/shared/bioinformatic_toolkit/output_repository/F1_kaiju_refseq
    output: /mnt/seaes01-data01/nixon-microbiome/shared/bioinformatic_toolkit/output_repository/F1_CLASS_kaiju.table
    jobid: 131
    reason: Missing output files: /mnt/seaes01-data01/nixon-microbiome/shared/bioinformatic_toolkit/output_repository/F1_CLASS_kaiju.table; Input files updated by another job: /mnt/seaes01-data01/nixon-microbiome/shared/bioinformatic_toolkit/output_repository/F1_kaiju_refseq
    wildcards: sample=F1
    threads: 20
    resources: tmpdir=/tmp


        kaiju2table -t /mnt/seaes01-data01/nixon-microbiome/shared/kaiju_databases/kaiju_db_nr_euk_2023-05-10/nodes.dmp                     -n /mnt/seaes01-data01/nixon-microbiome/shared/kaiju_databases/kaiju_db_nr_euk_2023-05-10/names.dmp                     -r class -u -o /mnt/seaes01-data01/nixon-microbiome/shared/bioinformatic_toolkit/output_repository/F1_CLASS_kaiju.table /mnt/seaes01-data01/nixon-microbiome/shared/bioinformatic_toolkit/output_repository/F1_kaiju_refseq
        

[Wed Nov 27 21:08:33 2024]
rule symlink_reads:
    input: /mnt/seaes01-data01/nixon-microbiome/shared/bioinformatic_toolkit/output_repository/F2_forward_paired.fq, /mnt/seaes01-data01/nixon-microbiome/shared/bioinformatic_toolkit/output_repository/F2_reverse_paired.fq
    output: /mnt/seaes01-data01/nixon-microbiome/shared/bioinformatic_toolkit/output_repository/temp/F2_sym_1.fastq, /mnt/seaes01-data01/nixon-microbiome/shared/bioinformatic_toolkit/output_repository/temp/F2_sym_2.fastq
    jobid: 74
    reason: Missing output files: /mnt/seaes01-data01/nixon-microbiome/shared/bioinformatic_toolkit/output_repository/temp/F2_sym_1.fastq, /mnt/seaes01-data01/nixon-microbiome/shared/bioinformatic_toolkit/output_repository/temp/F2_sym_2.fastq; Input files updated by another job: /mnt/seaes01-data01/nixon-microbiome/shared/bioinformatic_toolkit/output_repository/F2_forward_paired.fq, /mnt/seaes01-data01/nixon-microbiome/shared/bioinformatic_toolkit/output_repository/F2_reverse_paired.fq
    wildcards: sample=F2
    resources: tmpdir=/tmp


        mkdir -p {config['output_dir']}/temp
        ln -sf /mnt/seaes01-data01/nixon-microbiome/shared/bioinformatic_toolkit/output_repository/F2_forward_paired.fq /mnt/seaes01-data01/nixon-microbiome/shared/bioinformatic_toolkit/output_repository/temp/F2_sym_1.fastq
        ln -sf /mnt/seaes01-data01/nixon-microbiome/shared/bioinformatic_toolkit/output_repository/F2_reverse_paired.fq /mnt/seaes01-data01/nixon-microbiome/shared/bioinformatic_toolkit/output_repository/temp/F2_sym_2.fastq
        

[Wed Nov 27 21:08:33 2024]
rule fastqc:
    input: /mnt/seaes01-data01/nixon-microbiome/shared/bioinformatic_toolkit/output_repository/O2_forward_paired.fq, /mnt/seaes01-data01/nixon-microbiome/shared/bioinformatic_toolkit/output_repository/O2_reverse_paired.fq
    output: /mnt/seaes01-data01/nixon-microbiome/shared/bioinformatic_toolkit/output_repository/O2_fastqc
    jobid: 18
    reason: Missing output files: /mnt/seaes01-data01/nixon-microbiome/shared/bioinformatic_toolkit/output_repository/O2_fastqc; Input files updated by another job: /mnt/seaes01-data01/nixon-microbiome/shared/bioinformatic_toolkit/output_repository/O2_reverse_paired.fq, /mnt/seaes01-data01/nixon-microbiome/shared/bioinformatic_toolkit/output_repository/O2_forward_paired.fq
    wildcards: sample=O2
    threads: 20
    resources: tmpdir=/tmp


        mkdir /mnt/seaes01-data01/nixon-microbiome/shared/bioinformatic_toolkit/output_repository/O2_fastqc
        fastqc -o /mnt/seaes01-data01/nixon-microbiome/shared/bioinformatic_toolkit/output_repository/O2_fastqc /mnt/seaes01-data01/nixon-microbiome/shared/bioinformatic_toolkit/output_repository/O2_forward_paired.fq -t 20 /mnt/seaes01-data01/nixon-microbiome/shared/bioinformatic_toolkit/output_repository/O2_reverse_paired.fq
        

[Wed Nov 27 21:08:33 2024]
rule read_length:
    input: /mnt/seaes01-data01/nixon-microbiome/shared/bioinformatic_toolkit/output_repository/F3_forward_paired.fq
    output: /mnt/seaes01-data01/nixon-microbiome/shared/bioinformatic_toolkit/output_repository/F3_tpm/F3.readlength
    jobid: 191
    reason: Missing output files: /mnt/seaes01-data01/nixon-microbiome/shared/bioinformatic_toolkit/output_repository/F3_tpm/F3.readlength; Input files updated by another job: /mnt/seaes01-data01/nixon-microbiome/shared/bioinformatic_toolkit/output_repository/F3_forward_paired.fq
    wildcards: sample=F3
    threads: 20
    resources: tmpdir=/tmp

awk 'NR%4==2{sum+=length($0)}END{print sum/(NR/4)}' /mnt/seaes01-data01/nixon-microbiome/shared/bioinformatic_toolkit/output_repository/F3_forward_paired.fq > /mnt/seaes01-data01/nixon-microbiome/shared/bioinformatic_toolkit/output_repository/F3_tpm/F3.readlength

[Wed Nov 27 21:08:33 2024]
rule cut:
    input: /mnt/seaes01-data01/nixon-microbiome/shared/bioinformatic_toolkit/output_repository/O4_assembly/contigs.fasta
    output: /mnt/seaes01-data01/nixon-microbiome/shared/bioinformatic_toolkit/output_repository/O4_contigs_IDs_trimmed.fasta
    jobid: 60
    reason: Missing output files: /mnt/seaes01-data01/nixon-microbiome/shared/bioinformatic_toolkit/output_repository/O4_contigs_IDs_trimmed.fasta; Input files updated by another job: /mnt/seaes01-data01/nixon-microbiome/shared/bioinformatic_toolkit/output_repository/O4_assembly/contigs.fasta
    wildcards: sample=O4
    threads: 20
    resources: tmpdir=/tmp

cut -d 'l' -f1 /mnt/seaes01-data01/nixon-microbiome/shared/bioinformatic_toolkit/output_repository/O4_assembly/contigs.fasta > /mnt/seaes01-data01/nixon-microbiome/shared/bioinformatic_toolkit/output_repository/O4_contigs_IDs_trimmed.fasta

[Wed Nov 27 21:08:33 2024]
rule antismash:
    input: /mnt/seaes01-data01/nixon-microbiome/shared/bioinformatic_toolkit/output_repository/N2_assembly/contigs.fasta
    output: /mnt/seaes01-data01/nixon-microbiome/shared/bioinformatic_toolkit/output_repository/N2_antismash, /mnt/seaes01-data01/nixon-microbiome/shared/bioinformatic_toolkit/output_repository/N2_antismash/knownclusterblastoutput.txt
    jobid: 325
    reason: Missing output files: /mnt/seaes01-data01/nixon-microbiome/shared/bioinformatic_toolkit/output_repository/N2_antismash/knownclusterblastoutput.txt; Input files updated by another job: /mnt/seaes01-data01/nixon-microbiome/shared/bioinformatic_toolkit/output_repository/N2_assembly/contigs.fasta
    wildcards: sample=N2
    threads: 20
    resources: tmpdir=/tmp


        antismash --cpus 20                   --genefinding-tool prodigal                   --allow-long-headers                   --cb-knownclusters                   --output-dir /mnt/seaes01-data01/nixon-microbiome/shared/bioinformatic_toolkit/output_repository/N2_antismash                   /mnt/seaes01-data01/nixon-microbiome/shared/bioinformatic_toolkit/output_repository/N2_assembly/contigs.fasta
        

[Wed Nov 27 21:08:33 2024]
rule genomad_end_to_end:
    input: /mnt/seaes01-data01/nixon-microbiome/shared/bioinformatic_toolkit/output_repository/F1_assembly/contigs.fasta
    output: /mnt/seaes01-data01/nixon-microbiome/shared/bioinformatic_toolkit/output_repository/F1_genomad
    jobid: 311
    reason: Missing output files: /mnt/seaes01-data01/nixon-microbiome/shared/bioinformatic_toolkit/output_repository/F1_genomad; Input files updated by another job: /mnt/seaes01-data01/nixon-microbiome/shared/bioinformatic_toolkit/output_repository/F1_assembly/contigs.fasta
    wildcards: sample=F1
    threads: 20
    resources: tmpdir=/tmp


        genomad end-to-end --enable-score-calibration --cleanup --splits 8 /mnt/seaes01-data01/nixon-microbiome/shared/bioinformatic_toolkit/output_repository/F1_assembly/contigs.fasta /mnt/seaes01-data01/nixon-microbiome/shared/bioinformatic_toolkit/output_repository/F1_genomad /mnt/data/genomad_db_v1.7
        

[Wed Nov 27 21:08:33 2024]
rule alignment:
    input: /mnt/seaes01-data01/nixon-microbiome/shared/bioinformatic_toolkit/output_repository/O3_diversity/O3_alignment.fasta
    output: /mnt/seaes01-data01/nixon-microbiome/shared/bioinformatic_toolkit/output_repository/O3_diversity/O3_alignment.npo
    jobid: 347
    reason: Missing output files: /mnt/seaes01-data01/nixon-microbiome/shared/bioinformatic_toolkit/output_repository/O3_diversity/O3_alignment.npo; Input files updated by another job: /mnt/seaes01-data01/nixon-microbiome/shared/bioinformatic_toolkit/output_repository/O3_diversity/O3_alignment.fasta
    wildcards: sample=O3
    threads: 20
    resources: tmpdir=/tmp


        nonpareil -s /mnt/seaes01-data01/nixon-microbiome/shared/bioinformatic_toolkit/output_repository/O3_diversity/O3_alignment.fasta -t 20 -T alignment -f fasta -b /mnt/seaes01-data01/nixon-microbiome/shared/bioinformatic_toolkit/output_repository/O3_diversity/O3_alignment.npo
        

[Wed Nov 27 21:08:33 2024]
rule metawrap_bin:
    input: /mnt/seaes01-data01/nixon-microbiome/shared/bioinformatic_toolkit/output_repository/N1_assembly/contigs.fasta, /mnt/seaes01-data01/nixon-microbiome/shared/bioinformatic_toolkit/output_repository/temp/N1_sym_1.fastq, /mnt/seaes01-data01/nixon-microbiome/shared/bioinformatic_toolkit/output_repository/temp/N1_sym_2.fastq
    output: /mnt/seaes01-data01/nixon-microbiome/shared/bioinformatic_toolkit/output_repository/N1_mags_bins, /mnt/seaes01-data01/nixon-microbiome/shared/bioinformatic_toolkit/output_repository/N1_mags_bins/concoct_bins, /mnt/seaes01-data01/nixon-microbiome/shared/bioinformatic_toolkit/output_repository/N1_mags_bins/maxbin2_bins, /mnt/seaes01-data01/nixon-microbiome/shared/bioinformatic_toolkit/output_repository/N1_mags_bins/metabat2_bins
    jobid: 77
    reason: Missing output files: /mnt/seaes01-data01/nixon-microbiome/shared/bioinformatic_toolkit/output_repository/N1_mags_bins/metabat2_bins, /mnt/seaes01-data01/nixon-microbiome/shared/bioinformatic_toolkit/output_repository/N1_mags_bins/maxbin2_bins, /mnt/seaes01-data01/nixon-microbiome/shared/bioinformatic_toolkit/output_repository/N1_mags_bins/concoct_bins; Input files updated by another job: /mnt/seaes01-data01/nixon-microbiome/shared/bioinformatic_toolkit/output_repository/temp/N1_sym_2.fastq, /mnt/seaes01-data01/nixon-microbiome/shared/bioinformatic_toolkit/output_repository/temp/N1_sym_1.fastq, /mnt/seaes01-data01/nixon-microbiome/shared/bioinformatic_toolkit/output_repository/N1_assembly/contigs.fasta
    wildcards: sample=N1
    threads: 20
    resources: tmpdir=/tmp


	checkm data setRoot /mnt/seaes01-data01/nixon-microbiome/shared/databases1/checkm        
	metawrap binning -o /mnt/seaes01-data01/nixon-microbiome/shared/bioinformatic_toolkit/output_repository/N1_mags_bins -a /mnt/seaes01-data01/nixon-microbiome/shared/bioinformatic_toolkit/output_repository/N1_assembly/contigs.fasta -t 20         --maxbin2 --metabat2 --concoct --universal /mnt/seaes01-data01/nixon-microbiome/shared/bioinformatic_toolkit/output_repository/temp/N1_sym_1.fastq /mnt/seaes01-data01/nixon-microbiome/shared/bioinformatic_toolkit/output_repository/temp/N1_sym_2.fastq
        

[Wed Nov 27 21:08:33 2024]
rule alignment:
    input: /mnt/seaes01-data01/nixon-microbiome/shared/bioinformatic_toolkit/output_repository/N3_diversity/N3_alignment.fasta
    output: /mnt/seaes01-data01/nixon-microbiome/shared/bioinformatic_toolkit/output_repository/N3_diversity/N3_alignment.npo
    jobid: 341
    reason: Missing output files: /mnt/seaes01-data01/nixon-microbiome/shared/bioinformatic_toolkit/output_repository/N3_diversity/N3_alignment.npo; Input files updated by another job: /mnt/seaes01-data01/nixon-microbiome/shared/bioinformatic_toolkit/output_repository/N3_diversity/N3_alignment.fasta
    wildcards: sample=N3
    threads: 20
    resources: tmpdir=/tmp


        nonpareil -s /mnt/seaes01-data01/nixon-microbiome/shared/bioinformatic_toolkit/output_repository/N3_diversity/N3_alignment.fasta -t 20 -T alignment -f fasta -b /mnt/seaes01-data01/nixon-microbiome/shared/bioinformatic_toolkit/output_repository/N3_diversity/N3_alignment.npo
        

[Wed Nov 27 21:08:33 2024]
rule cut_IDs:
    input: /mnt/seaes01-data01/nixon-microbiome/shared/bioinformatic_toolkit/output_repository/F1_assembly/contigs.fasta
    output: /mnt/seaes01-data01/nixon-microbiome/shared/bioinformatic_toolkit/output_repository/F1_tpm/F1_contigs_IDs_cut.fasta
    jobid: 168
    reason: Missing output files: /mnt/seaes01-data01/nixon-microbiome/shared/bioinformatic_toolkit/output_repository/F1_tpm/F1_contigs_IDs_cut.fasta; Input files updated by another job: /mnt/seaes01-data01/nixon-microbiome/shared/bioinformatic_toolkit/output_repository/F1_assembly/contigs.fasta
    wildcards: sample=F1
    threads: 20
    resources: tmpdir=/tmp

cut -d 'l' -f1 /mnt/seaes01-data01/nixon-microbiome/shared/bioinformatic_toolkit/output_repository/F1_assembly/contigs.fasta > /mnt/seaes01-data01/nixon-microbiome/shared/bioinformatic_toolkit/output_repository/F1_tpm/F1_contigs_IDs_cut.fasta

[Wed Nov 27 21:08:33 2024]
rule fastqc:
    input: /mnt/seaes01-data01/nixon-microbiome/shared/bioinformatic_toolkit/output_repository/F3_forward_paired.fq, /mnt/seaes01-data01/nixon-microbiome/shared/bioinformatic_toolkit/output_repository/F3_reverse_paired.fq
    output: /mnt/seaes01-data01/nixon-microbiome/shared/bioinformatic_toolkit/output_repository/F3_fastqc
    jobid: 13
    reason: Missing output files: /mnt/seaes01-data01/nixon-microbiome/shared/bioinformatic_toolkit/output_repository/F3_fastqc; Input files updated by another job: /mnt/seaes01-data01/nixon-microbiome/shared/bioinformatic_toolkit/output_repository/F3_forward_paired.fq, /mnt/seaes01-data01/nixon-microbiome/shared/bioinformatic_toolkit/output_repository/F3_reverse_paired.fq
    wildcards: sample=F3
    threads: 20
    resources: tmpdir=/tmp


        mkdir /mnt/seaes01-data01/nixon-microbiome/shared/bioinformatic_toolkit/output_repository/F3_fastqc
        fastqc -o /mnt/seaes01-data01/nixon-microbiome/shared/bioinformatic_toolkit/output_repository/F3_fastqc /mnt/seaes01-data01/nixon-microbiome/shared/bioinformatic_toolkit/output_repository/F3_forward_paired.fq -t 20 /mnt/seaes01-data01/nixon-microbiome/shared/bioinformatic_toolkit/output_repository/F3_reverse_paired.fq
        

[Wed Nov 27 21:08:33 2024]
rule genomad_end_to_end:
    input: /mnt/seaes01-data01/nixon-microbiome/shared/bioinformatic_toolkit/output_repository/O3_assembly/contigs.fasta
    output: /mnt/seaes01-data01/nixon-microbiome/shared/bioinformatic_toolkit/output_repository/O3_genomad
    jobid: 319
    reason: Missing output files: /mnt/seaes01-data01/nixon-microbiome/shared/bioinformatic_toolkit/output_repository/O3_genomad; Input files updated by another job: /mnt/seaes01-data01/nixon-microbiome/shared/bioinformatic_toolkit/output_repository/O3_assembly/contigs.fasta
    wildcards: sample=O3
    threads: 20
    resources: tmpdir=/tmp


        genomad end-to-end --enable-score-calibration --cleanup --splits 8 /mnt/seaes01-data01/nixon-microbiome/shared/bioinformatic_toolkit/output_repository/O3_assembly/contigs.fasta /mnt/seaes01-data01/nixon-microbiome/shared/bioinformatic_toolkit/output_repository/O3_genomad /mnt/data/genomad_db_v1.7
        

[Wed Nov 27 21:08:33 2024]
rule kaiju_refseq:
    input: /mnt/seaes01-data01/nixon-microbiome/shared/bioinformatic_toolkit/output_repository/O2_forward_paired.fq, /mnt/seaes01-data01/nixon-microbiome/shared/bioinformatic_toolkit/output_repository/O2_reverse_paired.fq
    output: /mnt/seaes01-data01/nixon-microbiome/shared/bioinformatic_toolkit/output_repository/O2_kaiju_refseq
    jobid: 146
    reason: Missing output files: /mnt/seaes01-data01/nixon-microbiome/shared/bioinformatic_toolkit/output_repository/O2_kaiju_refseq; Input files updated by another job: /mnt/seaes01-data01/nixon-microbiome/shared/bioinformatic_toolkit/output_repository/O2_reverse_paired.fq, /mnt/seaes01-data01/nixon-microbiome/shared/bioinformatic_toolkit/output_repository/O2_forward_paired.fq
    wildcards: sample=O2
    threads: 20
    resources: tmpdir=/tmp


        kaiju -v -z 20               -t /mnt/seaes01-data01/nixon-microbiome/shared/kaiju_databases/kaiju_db_nr_euk_2023-05-10/nodes.dmp               -f /mnt/seaes01-data01/nixon-microbiome/shared/kaiju_databases/kaiju_db_nr_euk_2023-05-10/kaiju_db_nr_euk.fmi               -i /mnt/seaes01-data01/nixon-microbiome/shared/bioinformatic_toolkit/output_repository/O2_forward_paired.fq               -j /mnt/seaes01-data01/nixon-microbiome/shared/bioinformatic_toolkit/output_repository/O2_reverse_paired.fq               -o /mnt/seaes01-data01/nixon-microbiome/shared/bioinformatic_toolkit/output_repository/O2_kaiju_refseq
        

[Wed Nov 27 21:08:33 2024]
rule convert:
    input: /mnt/seaes01-data01/nixon-microbiome/shared/bioinformatic_toolkit/output_repository/O2_forward_paired.fq
    output: /mnt/seaes01-data01/nixon-microbiome/shared/bioinformatic_toolkit/output_repository/O2_diversity/O2_alignment.fasta
    jobid: 346
    reason: Missing output files: /mnt/seaes01-data01/nixon-microbiome/shared/bioinformatic_toolkit/output_repository/O2_diversity/O2_alignment.fasta; Input files updated by another job: /mnt/seaes01-data01/nixon-microbiome/shared/bioinformatic_toolkit/output_repository/O2_forward_paired.fq
    wildcards: sample=O2
    threads: 20
    resources: tmpdir=/tmp


        cat /mnt/seaes01-data01/nixon-microbiome/shared/bioinformatic_toolkit/output_repository/O2_forward_paired.fq | paste - - - - |         awk 'BEGIN{FS="\t"}{print ">"substr($1,2)"\n"$2}' > /mnt/seaes01-data01/nixon-microbiome/shared/bioinformatic_toolkit/output_repository/O2_diversity/O2_alignment.fasta
        

[Wed Nov 27 21:08:33 2024]
rule symlink_reads:
    input: /mnt/seaes01-data01/nixon-microbiome/shared/bioinformatic_toolkit/output_repository/F3_forward_paired.fq, /mnt/seaes01-data01/nixon-microbiome/shared/bioinformatic_toolkit/output_repository/F3_reverse_paired.fq
    output: /mnt/seaes01-data01/nixon-microbiome/shared/bioinformatic_toolkit/output_repository/temp/F3_sym_1.fastq, /mnt/seaes01-data01/nixon-microbiome/shared/bioinformatic_toolkit/output_repository/temp/F3_sym_2.fastq
    jobid: 76
    reason: Missing output files: /mnt/seaes01-data01/nixon-microbiome/shared/bioinformatic_toolkit/output_repository/temp/F3_sym_1.fastq, /mnt/seaes01-data01/nixon-microbiome/shared/bioinformatic_toolkit/output_repository/temp/F3_sym_2.fastq; Input files updated by another job: /mnt/seaes01-data01/nixon-microbiome/shared/bioinformatic_toolkit/output_repository/F3_forward_paired.fq, /mnt/seaes01-data01/nixon-microbiome/shared/bioinformatic_toolkit/output_repository/F3_reverse_paired.fq
    wildcards: sample=F3
    resources: tmpdir=/tmp


        mkdir -p {config['output_dir']}/temp
        ln -sf /mnt/seaes01-data01/nixon-microbiome/shared/bioinformatic_toolkit/output_repository/F3_forward_paired.fq /mnt/seaes01-data01/nixon-microbiome/shared/bioinformatic_toolkit/output_repository/temp/F3_sym_1.fastq
        ln -sf /mnt/seaes01-data01/nixon-microbiome/shared/bioinformatic_toolkit/output_repository/F3_reverse_paired.fq /mnt/seaes01-data01/nixon-microbiome/shared/bioinformatic_toolkit/output_repository/temp/F3_sym_2.fastq
        

[Wed Nov 27 21:08:33 2024]
rule cut_IDs:
    input: /mnt/seaes01-data01/nixon-microbiome/shared/bioinformatic_toolkit/output_repository/O3_assembly/contigs.fasta
    output: /mnt/seaes01-data01/nixon-microbiome/shared/bioinformatic_toolkit/output_repository/O3_tpm/O3_contigs_IDs_cut.fasta
    jobid: 280
    reason: Missing output files: /mnt/seaes01-data01/nixon-microbiome/shared/bioinformatic_toolkit/output_repository/O3_tpm/O3_contigs_IDs_cut.fasta; Input files updated by another job: /mnt/seaes01-data01/nixon-microbiome/shared/bioinformatic_toolkit/output_repository/O3_assembly/contigs.fasta
    wildcards: sample=O3
    threads: 20
    resources: tmpdir=/tmp

cut -d 'l' -f1 /mnt/seaes01-data01/nixon-microbiome/shared/bioinformatic_toolkit/output_repository/O3_assembly/contigs.fasta > /mnt/seaes01-data01/nixon-microbiome/shared/bioinformatic_toolkit/output_repository/O3_tpm/O3_contigs_IDs_cut.fasta

[Wed Nov 27 21:08:33 2024]
rule metawrap_bin:
    input: /mnt/seaes01-data01/nixon-microbiome/shared/bioinformatic_toolkit/output_repository/F1_assembly/contigs.fasta, /mnt/seaes01-data01/nixon-microbiome/shared/bioinformatic_toolkit/output_repository/temp/F1_sym_1.fastq, /mnt/seaes01-data01/nixon-microbiome/shared/bioinformatic_toolkit/output_repository/temp/F1_sym_2.fastq
    output: /mnt/seaes01-data01/nixon-microbiome/shared/bioinformatic_toolkit/output_repository/F1_mags_bins, /mnt/seaes01-data01/nixon-microbiome/shared/bioinformatic_toolkit/output_repository/F1_mags_bins/concoct_bins, /mnt/seaes01-data01/nixon-microbiome/shared/bioinformatic_toolkit/output_repository/F1_mags_bins/maxbin2_bins, /mnt/seaes01-data01/nixon-microbiome/shared/bioinformatic_toolkit/output_repository/F1_mags_bins/metabat2_bins
    jobid: 71
    reason: Missing output files: /mnt/seaes01-data01/nixon-microbiome/shared/bioinformatic_toolkit/output_repository/F1_mags_bins/concoct_bins, /mnt/seaes01-data01/nixon-microbiome/shared/bioinformatic_toolkit/output_repository/F1_mags_bins/metabat2_bins, /mnt/seaes01-data01/nixon-microbiome/shared/bioinformatic_toolkit/output_repository/F1_mags_bins/maxbin2_bins; Input files updated by another job: /mnt/seaes01-data01/nixon-microbiome/shared/bioinformatic_toolkit/output_repository/F1_assembly/contigs.fasta, /mnt/seaes01-data01/nixon-microbiome/shared/bioinformatic_toolkit/output_repository/temp/F1_sym_1.fastq, /mnt/seaes01-data01/nixon-microbiome/shared/bioinformatic_toolkit/output_repository/temp/F1_sym_2.fastq
    wildcards: sample=F1
    threads: 20
    resources: tmpdir=/tmp


	checkm data setRoot /mnt/seaes01-data01/nixon-microbiome/shared/databases1/checkm        
	metawrap binning -o /mnt/seaes01-data01/nixon-microbiome/shared/bioinformatic_toolkit/output_repository/F1_mags_bins -a /mnt/seaes01-data01/nixon-microbiome/shared/bioinformatic_toolkit/output_repository/F1_assembly/contigs.fasta -t 20         --maxbin2 --metabat2 --concoct --universal /mnt/seaes01-data01/nixon-microbiome/shared/bioinformatic_toolkit/output_repository/temp/F1_sym_1.fastq /mnt/seaes01-data01/nixon-microbiome/shared/bioinformatic_toolkit/output_repository/temp/F1_sym_2.fastq
        

[Wed Nov 27 21:08:33 2024]
rule genomad_end_to_end:
    input: /mnt/seaes01-data01/nixon-microbiome/shared/bioinformatic_toolkit/output_repository/O4_assembly/contigs.fasta
    output: /mnt/seaes01-data01/nixon-microbiome/shared/bioinformatic_toolkit/output_repository/O4_genomad
    jobid: 320
    reason: Missing output files: /mnt/seaes01-data01/nixon-microbiome/shared/bioinformatic_toolkit/output_repository/O4_genomad; Input files updated by another job: /mnt/seaes01-data01/nixon-microbiome/shared/bioinformatic_toolkit/output_repository/O4_assembly/contigs.fasta
    wildcards: sample=O4
    threads: 20
    resources: tmpdir=/tmp


        genomad end-to-end --enable-score-calibration --cleanup --splits 8 /mnt/seaes01-data01/nixon-microbiome/shared/bioinformatic_toolkit/output_repository/O4_assembly/contigs.fasta /mnt/seaes01-data01/nixon-microbiome/shared/bioinformatic_toolkit/output_repository/O4_genomad /mnt/data/genomad_db_v1.7
        

[Wed Nov 27 21:08:33 2024]
rule kaiju_table_Genus:
    input: /mnt/seaes01-data01/nixon-microbiome/shared/bioinformatic_toolkit/output_repository/N2_kaiju_refseq
    output: /mnt/seaes01-data01/nixon-microbiome/shared/bioinformatic_toolkit/output_repository/N2_GENUS_kaiju.table
    jobid: 155
    reason: Missing output files: /mnt/seaes01-data01/nixon-microbiome/shared/bioinformatic_toolkit/output_repository/N2_GENUS_kaiju.table; Input files updated by another job: /mnt/seaes01-data01/nixon-microbiome/shared/bioinformatic_toolkit/output_repository/N2_kaiju_refseq
    wildcards: sample=N2
    threads: 20
    resources: tmpdir=/tmp


        kaiju2table -t /mnt/seaes01-data01/nixon-microbiome/shared/kaiju_databases/kaiju_db_nr_euk_2023-05-10/nodes.dmp                     -n /mnt/seaes01-data01/nixon-microbiome/shared/kaiju_databases/kaiju_db_nr_euk_2023-05-10/names.dmp                     -r genus -u -o /mnt/seaes01-data01/nixon-microbiome/shared/bioinformatic_toolkit/output_repository/N2_GENUS_kaiju.table /mnt/seaes01-data01/nixon-microbiome/shared/bioinformatic_toolkit/output_repository/N2_kaiju_refseq
        

[Wed Nov 27 21:08:33 2024]
rule cut:
    input: /mnt/seaes01-data01/nixon-microbiome/shared/bioinformatic_toolkit/output_repository/F1_assembly/contigs.fasta
    output: /mnt/seaes01-data01/nixon-microbiome/shared/bioinformatic_toolkit/output_repository/F1_contigs_IDs_trimmed.fasta
    jobid: 33
    reason: Missing output files: /mnt/seaes01-data01/nixon-microbiome/shared/bioinformatic_toolkit/output_repository/F1_contigs_IDs_trimmed.fasta; Input files updated by another job: /mnt/seaes01-data01/nixon-microbiome/shared/bioinformatic_toolkit/output_repository/F1_assembly/contigs.fasta
    wildcards: sample=F1
    threads: 20
    resources: tmpdir=/tmp

cut -d 'l' -f1 /mnt/seaes01-data01/nixon-microbiome/shared/bioinformatic_toolkit/output_repository/F1_assembly/contigs.fasta > /mnt/seaes01-data01/nixon-microbiome/shared/bioinformatic_toolkit/output_repository/F1_contigs_IDs_trimmed.fasta

[Wed Nov 27 21:08:33 2024]
rule spades:
    input: /mnt/seaes01-data01/nixon-microbiome/shared/bioinformatic_toolkit/output_repository/O2_forward_paired.fq, /mnt/seaes01-data01/nixon-microbiome/shared/bioinformatic_toolkit/output_repository/O2_reverse_paired.fq
    output: /mnt/seaes01-data01/nixon-microbiome/shared/bioinformatic_toolkit/output_repository/O2_assembly, /mnt/seaes01-data01/nixon-microbiome/shared/bioinformatic_toolkit/output_repository/O2_assembly/contigs.fasta
    jobid: 28
    reason: Missing output files: /mnt/seaes01-data01/nixon-microbiome/shared/bioinformatic_toolkit/output_repository/O2_assembly/contigs.fasta; Input files updated by another job: /mnt/seaes01-data01/nixon-microbiome/shared/bioinformatic_toolkit/output_repository/O2_reverse_paired.fq, /mnt/seaes01-data01/nixon-microbiome/shared/bioinformatic_toolkit/output_repository/O2_forward_paired.fq
    wildcards: sample=O2
    threads: 20
    resources: tmpdir=/tmp


        metaspades.py -m 2000 -1 /mnt/seaes01-data01/nixon-microbiome/shared/bioinformatic_toolkit/output_repository/O2_forward_paired.fq -2 /mnt/seaes01-data01/nixon-microbiome/shared/bioinformatic_toolkit/output_repository/O2_reverse_paired.fq -o /mnt/seaes01-data01/nixon-microbiome/shared/bioinformatic_toolkit/output_repository/O2_assembly -t 20
        

[Wed Nov 27 21:08:33 2024]
rule alignment:
    input: /mnt/seaes01-data01/nixon-microbiome/shared/bioinformatic_toolkit/output_repository/O4_diversity/O4_alignment.fasta
    output: /mnt/seaes01-data01/nixon-microbiome/shared/bioinformatic_toolkit/output_repository/O4_diversity/O4_alignment.npo
    jobid: 349
    reason: Missing output files: /mnt/seaes01-data01/nixon-microbiome/shared/bioinformatic_toolkit/output_repository/O4_diversity/O4_alignment.npo; Input files updated by another job: /mnt/seaes01-data01/nixon-microbiome/shared/bioinformatic_toolkit/output_repository/O4_diversity/O4_alignment.fasta
    wildcards: sample=O4
    threads: 20
    resources: tmpdir=/tmp


        nonpareil -s /mnt/seaes01-data01/nixon-microbiome/shared/bioinformatic_toolkit/output_repository/O4_diversity/O4_alignment.fasta -t 20 -T alignment -f fasta -b /mnt/seaes01-data01/nixon-microbiome/shared/bioinformatic_toolkit/output_repository/O4_diversity/O4_alignment.npo
        

[Wed Nov 27 21:08:33 2024]
rule metawrap_bin:
    input: /mnt/seaes01-data01/nixon-microbiome/shared/bioinformatic_toolkit/output_repository/N2_assembly/contigs.fasta, /mnt/seaes01-data01/nixon-microbiome/shared/bioinformatic_toolkit/output_repository/temp/N2_sym_1.fastq, /mnt/seaes01-data01/nixon-microbiome/shared/bioinformatic_toolkit/output_repository/temp/N2_sym_2.fastq
    output: /mnt/seaes01-data01/nixon-microbiome/shared/bioinformatic_toolkit/output_repository/N2_mags_bins, /mnt/seaes01-data01/nixon-microbiome/shared/bioinformatic_toolkit/output_repository/N2_mags_bins/concoct_bins, /mnt/seaes01-data01/nixon-microbiome/shared/bioinformatic_toolkit/output_repository/N2_mags_bins/maxbin2_bins, /mnt/seaes01-data01/nixon-microbiome/shared/bioinformatic_toolkit/output_repository/N2_mags_bins/metabat2_bins
    jobid: 79
    reason: Missing output files: /mnt/seaes01-data01/nixon-microbiome/shared/bioinformatic_toolkit/output_repository/N2_mags_bins/concoct_bins, /mnt/seaes01-data01/nixon-microbiome/shared/bioinformatic_toolkit/output_repository/N2_mags_bins/metabat2_bins, /mnt/seaes01-data01/nixon-microbiome/shared/bioinformatic_toolkit/output_repository/N2_mags_bins/maxbin2_bins; Input files updated by another job: /mnt/seaes01-data01/nixon-microbiome/shared/bioinformatic_toolkit/output_repository/temp/N2_sym_1.fastq, /mnt/seaes01-data01/nixon-microbiome/shared/bioinformatic_toolkit/output_repository/N2_assembly/contigs.fasta, /mnt/seaes01-data01/nixon-microbiome/shared/bioinformatic_toolkit/output_repository/temp/N2_sym_2.fastq
    wildcards: sample=N2
    threads: 20
    resources: tmpdir=/tmp


	checkm data setRoot /mnt/seaes01-data01/nixon-microbiome/shared/databases1/checkm        
	metawrap binning -o /mnt/seaes01-data01/nixon-microbiome/shared/bioinformatic_toolkit/output_repository/N2_mags_bins -a /mnt/seaes01-data01/nixon-microbiome/shared/bioinformatic_toolkit/output_repository/N2_assembly/contigs.fasta -t 20         --maxbin2 --metabat2 --concoct --universal /mnt/seaes01-data01/nixon-microbiome/shared/bioinformatic_toolkit/output_repository/temp/N2_sym_1.fastq /mnt/seaes01-data01/nixon-microbiome/shared/bioinformatic_toolkit/output_repository/temp/N2_sym_2.fastq
        

[Wed Nov 27 21:08:33 2024]
rule alignment:
    input: /mnt/seaes01-data01/nixon-microbiome/shared/bioinformatic_toolkit/output_repository/O1_diversity/O1_alignment.fasta
    output: /mnt/seaes01-data01/nixon-microbiome/shared/bioinformatic_toolkit/output_repository/O1_diversity/O1_alignment.npo
    jobid: 343
    reason: Missing output files: /mnt/seaes01-data01/nixon-microbiome/shared/bioinformatic_toolkit/output_repository/O1_diversity/O1_alignment.npo; Input files updated by another job: /mnt/seaes01-data01/nixon-microbiome/shared/bioinformatic_toolkit/output_repository/O1_diversity/O1_alignment.fasta
    wildcards: sample=O1
    threads: 20
    resources: tmpdir=/tmp


        nonpareil -s /mnt/seaes01-data01/nixon-microbiome/shared/bioinformatic_toolkit/output_repository/O1_diversity/O1_alignment.fasta -t 20 -T alignment -f fasta -b /mnt/seaes01-data01/nixon-microbiome/shared/bioinformatic_toolkit/output_repository/O1_diversity/O1_alignment.npo
        

[Wed Nov 27 21:08:33 2024]
rule convert:
    input: /mnt/seaes01-data01/nixon-microbiome/shared/bioinformatic_toolkit/output_repository/F2_forward_paired.fq
    output: /mnt/seaes01-data01/nixon-microbiome/shared/bioinformatic_toolkit/output_repository/F2_diversity/F2_alignment.fasta
    jobid: 334
    reason: Missing output files: /mnt/seaes01-data01/nixon-microbiome/shared/bioinformatic_toolkit/output_repository/F2_diversity/F2_alignment.fasta; Input files updated by another job: /mnt/seaes01-data01/nixon-microbiome/shared/bioinformatic_toolkit/output_repository/F2_forward_paired.fq
    wildcards: sample=F2
    threads: 20
    resources: tmpdir=/tmp


        cat /mnt/seaes01-data01/nixon-microbiome/shared/bioinformatic_toolkit/output_repository/F2_forward_paired.fq | paste - - - - |         awk 'BEGIN{FS="\t"}{print ">"substr($1,2)"\n"$2}' > /mnt/seaes01-data01/nixon-microbiome/shared/bioinformatic_toolkit/output_repository/F2_diversity/F2_alignment.fasta
        

[Wed Nov 27 21:08:33 2024]
rule filter_seq_contigs:
    input: /mnt/seaes01-data01/nixon-microbiome/shared/bioinformatic_toolkit/output_repository/O1_contigs_IDs_trimmed.fasta
    output: /mnt/seaes01-data01/nixon-microbiome/shared/bioinformatic_toolkit/output_repository/O1_contigs_filtered_500.fa
    jobid: 50
    reason: Missing output files: /mnt/seaes01-data01/nixon-microbiome/shared/bioinformatic_toolkit/output_repository/O1_contigs_filtered_500.fa; Input files updated by another job: /mnt/seaes01-data01/nixon-microbiome/shared/bioinformatic_toolkit/output_repository/O1_contigs_IDs_trimmed.fasta
    wildcards: sample=O1
    threads: 20
    resources: tmpdir=/tmp

python /mnt/seaes01-data01/nixon-microbiome/shared/scripts/pullseq_python3.py -i /mnt/seaes01-data01/nixon-microbiome/shared/bioinformatic_toolkit/output_repository/O1_contigs_IDs_trimmed.fasta -o /mnt/seaes01-data01/nixon-microbiome/shared/bioinformatic_toolkit/output_repository/O1_contigs_filtered_500.fa -m 500

[Wed Nov 27 21:08:33 2024]
rule antismash:
    input: /mnt/seaes01-data01/nixon-microbiome/shared/bioinformatic_toolkit/output_repository/F1_assembly/contigs.fasta
    output: /mnt/seaes01-data01/nixon-microbiome/shared/bioinformatic_toolkit/output_repository/F1_antismash, /mnt/seaes01-data01/nixon-microbiome/shared/bioinformatic_toolkit/output_repository/F1_antismash/knownclusterblastoutput.txt
    jobid: 321
    reason: Missing output files: /mnt/seaes01-data01/nixon-microbiome/shared/bioinformatic_toolkit/output_repository/F1_antismash/knownclusterblastoutput.txt; Input files updated by another job: /mnt/seaes01-data01/nixon-microbiome/shared/bioinformatic_toolkit/output_repository/F1_assembly/contigs.fasta
    wildcards: sample=F1
    threads: 20
    resources: tmpdir=/tmp


        antismash --cpus 20                   --genefinding-tool prodigal                   --allow-long-headers                   --cb-knownclusters                   --output-dir /mnt/seaes01-data01/nixon-microbiome/shared/bioinformatic_toolkit/output_repository/F1_antismash                   /mnt/seaes01-data01/nixon-microbiome/shared/bioinformatic_toolkit/output_repository/F1_assembly/contigs.fasta
        

[Wed Nov 27 21:08:33 2024]
rule genomad_end_to_end:
    input: /mnt/seaes01-data01/nixon-microbiome/shared/bioinformatic_toolkit/output_repository/N1_assembly/contigs.fasta
    output: /mnt/seaes01-data01/nixon-microbiome/shared/bioinformatic_toolkit/output_repository/N1_genomad
    jobid: 314
    reason: Missing output files: /mnt/seaes01-data01/nixon-microbiome/shared/bioinformatic_toolkit/output_repository/N1_genomad; Input files updated by another job: /mnt/seaes01-data01/nixon-microbiome/shared/bioinformatic_toolkit/output_repository/N1_assembly/contigs.fasta
    wildcards: sample=N1
    threads: 20
    resources: tmpdir=/tmp


        genomad end-to-end --enable-score-calibration --cleanup --splits 8 /mnt/seaes01-data01/nixon-microbiome/shared/bioinformatic_toolkit/output_repository/N1_assembly/contigs.fasta /mnt/seaes01-data01/nixon-microbiome/shared/bioinformatic_toolkit/output_repository/N1_genomad /mnt/data/genomad_db_v1.7
        

[Wed Nov 27 21:08:33 2024]
rule cut:
    input: /mnt/seaes01-data01/nixon-microbiome/shared/bioinformatic_toolkit/output_repository/N1_assembly/contigs.fasta
    output: /mnt/seaes01-data01/nixon-microbiome/shared/bioinformatic_toolkit/output_repository/N1_contigs_IDs_trimmed.fasta
    jobid: 42
    reason: Missing output files: /mnt/seaes01-data01/nixon-microbiome/shared/bioinformatic_toolkit/output_repository/N1_contigs_IDs_trimmed.fasta; Input files updated by another job: /mnt/seaes01-data01/nixon-microbiome/shared/bioinformatic_toolkit/output_repository/N1_assembly/contigs.fasta
    wildcards: sample=N1
    threads: 20
    resources: tmpdir=/tmp

cut -d 'l' -f1 /mnt/seaes01-data01/nixon-microbiome/shared/bioinformatic_toolkit/output_repository/N1_assembly/contigs.fasta > /mnt/seaes01-data01/nixon-microbiome/shared/bioinformatic_toolkit/output_repository/N1_contigs_IDs_trimmed.fasta

[Wed Nov 27 21:08:33 2024]
rule metawrap_bin:
    input: /mnt/seaes01-data01/nixon-microbiome/shared/bioinformatic_toolkit/output_repository/O3_assembly/contigs.fasta, /mnt/seaes01-data01/nixon-microbiome/shared/bioinformatic_toolkit/output_repository/temp/O3_sym_1.fastq, /mnt/seaes01-data01/nixon-microbiome/shared/bioinformatic_toolkit/output_repository/temp/O3_sym_2.fastq
    output: /mnt/seaes01-data01/nixon-microbiome/shared/bioinformatic_toolkit/output_repository/O3_mags_bins, /mnt/seaes01-data01/nixon-microbiome/shared/bioinformatic_toolkit/output_repository/O3_mags_bins/concoct_bins, /mnt/seaes01-data01/nixon-microbiome/shared/bioinformatic_toolkit/output_repository/O3_mags_bins/maxbin2_bins, /mnt/seaes01-data01/nixon-microbiome/shared/bioinformatic_toolkit/output_repository/O3_mags_bins/metabat2_bins
    jobid: 87
    reason: Missing output files: /mnt/seaes01-data01/nixon-microbiome/shared/bioinformatic_toolkit/output_repository/O3_mags_bins/concoct_bins, /mnt/seaes01-data01/nixon-microbiome/shared/bioinformatic_toolkit/output_repository/O3_mags_bins/maxbin2_bins, /mnt/seaes01-data01/nixon-microbiome/shared/bioinformatic_toolkit/output_repository/O3_mags_bins/metabat2_bins; Input files updated by another job: /mnt/seaes01-data01/nixon-microbiome/shared/bioinformatic_toolkit/output_repository/temp/O3_sym_2.fastq, /mnt/seaes01-data01/nixon-microbiome/shared/bioinformatic_toolkit/output_repository/temp/O3_sym_1.fastq, /mnt/seaes01-data01/nixon-microbiome/shared/bioinformatic_toolkit/output_repository/O3_assembly/contigs.fasta
    wildcards: sample=O3
    threads: 20
    resources: tmpdir=/tmp


	checkm data setRoot /mnt/seaes01-data01/nixon-microbiome/shared/databases1/checkm        
	metawrap binning -o /mnt/seaes01-data01/nixon-microbiome/shared/bioinformatic_toolkit/output_repository/O3_mags_bins -a /mnt/seaes01-data01/nixon-microbiome/shared/bioinformatic_toolkit/output_repository/O3_assembly/contigs.fasta -t 20         --maxbin2 --metabat2 --concoct --universal /mnt/seaes01-data01/nixon-microbiome/shared/bioinformatic_toolkit/output_repository/temp/O3_sym_1.fastq /mnt/seaes01-data01/nixon-microbiome/shared/bioinformatic_toolkit/output_repository/temp/O3_sym_2.fastq
        

[Wed Nov 27 21:08:33 2024]
rule cut_IDs:
    input: /mnt/seaes01-data01/nixon-microbiome/shared/bioinformatic_toolkit/output_repository/O4_assembly/contigs.fasta
    output: /mnt/seaes01-data01/nixon-microbiome/shared/bioinformatic_toolkit/output_repository/O4_tpm/O4_contigs_IDs_cut.fasta
    jobid: 294
    reason: Missing output files: /mnt/seaes01-data01/nixon-microbiome/shared/bioinformatic_toolkit/output_repository/O4_tpm/O4_contigs_IDs_cut.fasta; Input files updated by another job: /mnt/seaes01-data01/nixon-microbiome/shared/bioinformatic_toolkit/output_repository/O4_assembly/contigs.fasta
    wildcards: sample=O4
    threads: 20
    resources: tmpdir=/tmp

cut -d 'l' -f1 /mnt/seaes01-data01/nixon-microbiome/shared/bioinformatic_toolkit/output_repository/O4_assembly/contigs.fasta > /mnt/seaes01-data01/nixon-microbiome/shared/bioinformatic_toolkit/output_repository/O4_tpm/O4_contigs_IDs_cut.fasta

[Wed Nov 27 21:08:33 2024]
rule spades:
    input: /mnt/seaes01-data01/nixon-microbiome/shared/bioinformatic_toolkit/output_repository/F2_forward_paired.fq, /mnt/seaes01-data01/nixon-microbiome/shared/bioinformatic_toolkit/output_repository/F2_reverse_paired.fq
    output: /mnt/seaes01-data01/nixon-microbiome/shared/bioinformatic_toolkit/output_repository/F2_assembly, /mnt/seaes01-data01/nixon-microbiome/shared/bioinformatic_toolkit/output_repository/F2_assembly/contigs.fasta
    jobid: 22
    reason: Missing output files: /mnt/seaes01-data01/nixon-microbiome/shared/bioinformatic_toolkit/output_repository/F2_assembly/contigs.fasta; Input files updated by another job: /mnt/seaes01-data01/nixon-microbiome/shared/bioinformatic_toolkit/output_repository/F2_forward_paired.fq, /mnt/seaes01-data01/nixon-microbiome/shared/bioinformatic_toolkit/output_repository/F2_reverse_paired.fq
    wildcards: sample=F2
    threads: 20
    resources: tmpdir=/tmp


        metaspades.py -m 2000 -1 /mnt/seaes01-data01/nixon-microbiome/shared/bioinformatic_toolkit/output_repository/F2_forward_paired.fq -2 /mnt/seaes01-data01/nixon-microbiome/shared/bioinformatic_toolkit/output_repository/F2_reverse_paired.fq -o /mnt/seaes01-data01/nixon-microbiome/shared/bioinformatic_toolkit/output_repository/F2_assembly -t 20
        

[Wed Nov 27 21:08:33 2024]
rule kaiju_refseq:
    input: /mnt/seaes01-data01/nixon-microbiome/shared/bioinformatic_toolkit/output_repository/F2_forward_paired.fq, /mnt/seaes01-data01/nixon-microbiome/shared/bioinformatic_toolkit/output_repository/F2_reverse_paired.fq
    output: /mnt/seaes01-data01/nixon-microbiome/shared/bioinformatic_toolkit/output_repository/F2_kaiju_refseq
    jobid: 134
    reason: Missing output files: /mnt/seaes01-data01/nixon-microbiome/shared/bioinformatic_toolkit/output_repository/F2_kaiju_refseq; Input files updated by another job: /mnt/seaes01-data01/nixon-microbiome/shared/bioinformatic_toolkit/output_repository/F2_forward_paired.fq, /mnt/seaes01-data01/nixon-microbiome/shared/bioinformatic_toolkit/output_repository/F2_reverse_paired.fq
    wildcards: sample=F2
    threads: 20
    resources: tmpdir=/tmp


        kaiju -v -z 20               -t /mnt/seaes01-data01/nixon-microbiome/shared/kaiju_databases/kaiju_db_nr_euk_2023-05-10/nodes.dmp               -f /mnt/seaes01-data01/nixon-microbiome/shared/kaiju_databases/kaiju_db_nr_euk_2023-05-10/kaiju_db_nr_euk.fmi               -i /mnt/seaes01-data01/nixon-microbiome/shared/bioinformatic_toolkit/output_repository/F2_forward_paired.fq               -j /mnt/seaes01-data01/nixon-microbiome/shared/bioinformatic_toolkit/output_repository/F2_reverse_paired.fq               -o /mnt/seaes01-data01/nixon-microbiome/shared/bioinformatic_toolkit/output_repository/F2_kaiju_refseq
        

[Wed Nov 27 21:08:33 2024]
rule alignment:
    input: /mnt/seaes01-data01/nixon-microbiome/shared/bioinformatic_toolkit/output_repository/N1_diversity/N1_alignment.fasta
    output: /mnt/seaes01-data01/nixon-microbiome/shared/bioinformatic_toolkit/output_repository/N1_diversity/N1_alignment.npo
    jobid: 337
    reason: Missing output files: /mnt/seaes01-data01/nixon-microbiome/shared/bioinformatic_toolkit/output_repository/N1_diversity/N1_alignment.npo; Input files updated by another job: /mnt/seaes01-data01/nixon-microbiome/shared/bioinformatic_toolkit/output_repository/N1_diversity/N1_alignment.fasta
    wildcards: sample=N1
    threads: 20
    resources: tmpdir=/tmp


        nonpareil -s /mnt/seaes01-data01/nixon-microbiome/shared/bioinformatic_toolkit/output_repository/N1_diversity/N1_alignment.fasta -t 20 -T alignment -f fasta -b /mnt/seaes01-data01/nixon-microbiome/shared/bioinformatic_toolkit/output_repository/N1_diversity/N1_alignment.npo
        

[Wed Nov 27 21:08:33 2024]
rule fastqc:
    input: /mnt/seaes01-data01/nixon-microbiome/shared/bioinformatic_toolkit/output_repository/F2_forward_paired.fq, /mnt/seaes01-data01/nixon-microbiome/shared/bioinformatic_toolkit/output_repository/F2_reverse_paired.fq
    output: /mnt/seaes01-data01/nixon-microbiome/shared/bioinformatic_toolkit/output_repository/F2_fastqc
    jobid: 12
    reason: Missing output files: /mnt/seaes01-data01/nixon-microbiome/shared/bioinformatic_toolkit/output_repository/F2_fastqc; Input files updated by another job: /mnt/seaes01-data01/nixon-microbiome/shared/bioinformatic_toolkit/output_repository/F2_forward_paired.fq, /mnt/seaes01-data01/nixon-microbiome/shared/bioinformatic_toolkit/output_repository/F2_reverse_paired.fq
    wildcards: sample=F2
    threads: 20
    resources: tmpdir=/tmp


        mkdir /mnt/seaes01-data01/nixon-microbiome/shared/bioinformatic_toolkit/output_repository/F2_fastqc
        fastqc -o /mnt/seaes01-data01/nixon-microbiome/shared/bioinformatic_toolkit/output_repository/F2_fastqc /mnt/seaes01-data01/nixon-microbiome/shared/bioinformatic_toolkit/output_repository/F2_forward_paired.fq -t 20 /mnt/seaes01-data01/nixon-microbiome/shared/bioinformatic_toolkit/output_repository/F2_reverse_paired.fq
        

[Wed Nov 27 21:08:33 2024]
rule cut:
    input: /mnt/seaes01-data01/nixon-microbiome/shared/bioinformatic_toolkit/output_repository/O3_assembly/contigs.fasta
    output: /mnt/seaes01-data01/nixon-microbiome/shared/bioinformatic_toolkit/output_repository/O3_contigs_IDs_trimmed.fasta
    jobid: 57
    reason: Missing output files: /mnt/seaes01-data01/nixon-microbiome/shared/bioinformatic_toolkit/output_repository/O3_contigs_IDs_trimmed.fasta; Input files updated by another job: /mnt/seaes01-data01/nixon-microbiome/shared/bioinformatic_toolkit/output_repository/O3_assembly/contigs.fasta
    wildcards: sample=O3
    threads: 20
    resources: tmpdir=/tmp

cut -d 'l' -f1 /mnt/seaes01-data01/nixon-microbiome/shared/bioinformatic_toolkit/output_repository/O3_assembly/contigs.fasta > /mnt/seaes01-data01/nixon-microbiome/shared/bioinformatic_toolkit/output_repository/O3_contigs_IDs_trimmed.fasta

[Wed Nov 27 21:08:33 2024]
rule cut_IDs:
    input: /mnt/seaes01-data01/nixon-microbiome/shared/bioinformatic_toolkit/output_repository/N1_assembly/contigs.fasta
    output: /mnt/seaes01-data01/nixon-microbiome/shared/bioinformatic_toolkit/output_repository/N1_tpm/N1_contigs_IDs_cut.fasta
    jobid: 210
    reason: Missing output files: /mnt/seaes01-data01/nixon-microbiome/shared/bioinformatic_toolkit/output_repository/N1_tpm/N1_contigs_IDs_cut.fasta; Input files updated by another job: /mnt/seaes01-data01/nixon-microbiome/shared/bioinformatic_toolkit/output_repository/N1_assembly/contigs.fasta
    wildcards: sample=N1
    threads: 20
    resources: tmpdir=/tmp

cut -d 'l' -f1 /mnt/seaes01-data01/nixon-microbiome/shared/bioinformatic_toolkit/output_repository/N1_assembly/contigs.fasta > /mnt/seaes01-data01/nixon-microbiome/shared/bioinformatic_toolkit/output_repository/N1_tpm/N1_contigs_IDs_cut.fasta

[Wed Nov 27 21:08:33 2024]
rule antismash:
    input: /mnt/seaes01-data01/nixon-microbiome/shared/bioinformatic_toolkit/output_repository/O3_assembly/contigs.fasta
    output: /mnt/seaes01-data01/nixon-microbiome/shared/bioinformatic_toolkit/output_repository/O3_antismash, /mnt/seaes01-data01/nixon-microbiome/shared/bioinformatic_toolkit/output_repository/O3_antismash/knownclusterblastoutput.txt
    jobid: 329
    reason: Missing output files: /mnt/seaes01-data01/nixon-microbiome/shared/bioinformatic_toolkit/output_repository/O3_antismash/knownclusterblastoutput.txt; Input files updated by another job: /mnt/seaes01-data01/nixon-microbiome/shared/bioinformatic_toolkit/output_repository/O3_assembly/contigs.fasta
    wildcards: sample=O3
    threads: 20
    resources: tmpdir=/tmp


        antismash --cpus 20                   --genefinding-tool prodigal                   --allow-long-headers                   --cb-knownclusters                   --output-dir /mnt/seaes01-data01/nixon-microbiome/shared/bioinformatic_toolkit/output_repository/O3_antismash                   /mnt/seaes01-data01/nixon-microbiome/shared/bioinformatic_toolkit/output_repository/O3_assembly/contigs.fasta
        

[Wed Nov 27 21:08:33 2024]
rule genomad_end_to_end:
    input: /mnt/seaes01-data01/nixon-microbiome/shared/bioinformatic_toolkit/output_repository/N2_assembly/contigs.fasta
    output: /mnt/seaes01-data01/nixon-microbiome/shared/bioinformatic_toolkit/output_repository/N2_genomad
    jobid: 315
    reason: Missing output files: /mnt/seaes01-data01/nixon-microbiome/shared/bioinformatic_toolkit/output_repository/N2_genomad; Input files updated by another job: /mnt/seaes01-data01/nixon-microbiome/shared/bioinformatic_toolkit/output_repository/N2_assembly/contigs.fasta
    wildcards: sample=N2
    threads: 20
    resources: tmpdir=/tmp


        genomad end-to-end --enable-score-calibration --cleanup --splits 8 /mnt/seaes01-data01/nixon-microbiome/shared/bioinformatic_toolkit/output_repository/N2_assembly/contigs.fasta /mnt/seaes01-data01/nixon-microbiome/shared/bioinformatic_toolkit/output_repository/N2_genomad /mnt/data/genomad_db_v1.7
        

[Wed Nov 27 21:08:33 2024]
rule read_length:
    input: /mnt/seaes01-data01/nixon-microbiome/shared/bioinformatic_toolkit/output_repository/O2_forward_paired.fq
    output: /mnt/seaes01-data01/nixon-microbiome/shared/bioinformatic_toolkit/output_repository/O2_tpm/O2.readlength
    jobid: 261
    reason: Missing output files: /mnt/seaes01-data01/nixon-microbiome/shared/bioinformatic_toolkit/output_repository/O2_tpm/O2.readlength; Input files updated by another job: /mnt/seaes01-data01/nixon-microbiome/shared/bioinformatic_toolkit/output_repository/O2_forward_paired.fq
    wildcards: sample=O2
    threads: 20
    resources: tmpdir=/tmp

awk 'NR%4==2{sum+=length($0)}END{print sum/(NR/4)}' /mnt/seaes01-data01/nixon-microbiome/shared/bioinformatic_toolkit/output_repository/O2_forward_paired.fq > /mnt/seaes01-data01/nixon-microbiome/shared/bioinformatic_toolkit/output_repository/O2_tpm/O2.readlength

[Wed Nov 27 21:08:33 2024]
rule kaiju_table_Genus:
    input: /mnt/seaes01-data01/nixon-microbiome/shared/bioinformatic_toolkit/output_repository/F1_kaiju_refseq
    output: /mnt/seaes01-data01/nixon-microbiome/shared/bioinformatic_toolkit/output_repository/F1_GENUS_kaiju.table
    jobid: 151
    reason: Missing output files: /mnt/seaes01-data01/nixon-microbiome/shared/bioinformatic_toolkit/output_repository/F1_GENUS_kaiju.table; Input files updated by another job: /mnt/seaes01-data01/nixon-microbiome/shared/bioinformatic_toolkit/output_repository/F1_kaiju_refseq
    wildcards: sample=F1
    threads: 20
    resources: tmpdir=/tmp


        kaiju2table -t /mnt/seaes01-data01/nixon-microbiome/shared/kaiju_databases/kaiju_db_nr_euk_2023-05-10/nodes.dmp                     -n /mnt/seaes01-data01/nixon-microbiome/shared/kaiju_databases/kaiju_db_nr_euk_2023-05-10/names.dmp                     -r genus -u -o /mnt/seaes01-data01/nixon-microbiome/shared/bioinformatic_toolkit/output_repository/F1_GENUS_kaiju.table /mnt/seaes01-data01/nixon-microbiome/shared/bioinformatic_toolkit/output_repository/F1_kaiju_refseq
        

[Wed Nov 27 21:08:33 2024]
rule symlink_reads:
    input: /mnt/seaes01-data01/nixon-microbiome/shared/bioinformatic_toolkit/output_repository/O2_forward_paired.fq, /mnt/seaes01-data01/nixon-microbiome/shared/bioinformatic_toolkit/output_repository/O2_reverse_paired.fq
    output: /mnt/seaes01-data01/nixon-microbiome/shared/bioinformatic_toolkit/output_repository/temp/O2_sym_1.fastq, /mnt/seaes01-data01/nixon-microbiome/shared/bioinformatic_toolkit/output_repository/temp/O2_sym_2.fastq
    jobid: 86
    reason: Missing output files: /mnt/seaes01-data01/nixon-microbiome/shared/bioinformatic_toolkit/output_repository/temp/O2_sym_1.fastq, /mnt/seaes01-data01/nixon-microbiome/shared/bioinformatic_toolkit/output_repository/temp/O2_sym_2.fastq; Input files updated by another job: /mnt/seaes01-data01/nixon-microbiome/shared/bioinformatic_toolkit/output_repository/O2_reverse_paired.fq, /mnt/seaes01-data01/nixon-microbiome/shared/bioinformatic_toolkit/output_repository/O2_forward_paired.fq
    wildcards: sample=O2
    resources: tmpdir=/tmp


        mkdir -p {config['output_dir']}/temp
        ln -sf /mnt/seaes01-data01/nixon-microbiome/shared/bioinformatic_toolkit/output_repository/O2_forward_paired.fq /mnt/seaes01-data01/nixon-microbiome/shared/bioinformatic_toolkit/output_repository/temp/O2_sym_1.fastq
        ln -sf /mnt/seaes01-data01/nixon-microbiome/shared/bioinformatic_toolkit/output_repository/O2_reverse_paired.fq /mnt/seaes01-data01/nixon-microbiome/shared/bioinformatic_toolkit/output_repository/temp/O2_sym_2.fastq
        

[Wed Nov 27 21:08:33 2024]
rule convert:
    input: /mnt/seaes01-data01/nixon-microbiome/shared/bioinformatic_toolkit/output_repository/F3_forward_paired.fq
    output: /mnt/seaes01-data01/nixon-microbiome/shared/bioinformatic_toolkit/output_repository/F3_diversity/F3_alignment.fasta
    jobid: 336
    reason: Missing output files: /mnt/seaes01-data01/nixon-microbiome/shared/bioinformatic_toolkit/output_repository/F3_diversity/F3_alignment.fasta; Input files updated by another job: /mnt/seaes01-data01/nixon-microbiome/shared/bioinformatic_toolkit/output_repository/F3_forward_paired.fq
    wildcards: sample=F3
    threads: 20
    resources: tmpdir=/tmp


        cat /mnt/seaes01-data01/nixon-microbiome/shared/bioinformatic_toolkit/output_repository/F3_forward_paired.fq | paste - - - - |         awk 'BEGIN{FS="\t"}{print ">"substr($1,2)"\n"$2}' > /mnt/seaes01-data01/nixon-microbiome/shared/bioinformatic_toolkit/output_repository/F3_diversity/F3_alignment.fasta
        

[Wed Nov 27 21:08:33 2024]
rule filter_seq:
    input: /mnt/seaes01-data01/nixon-microbiome/shared/bioinformatic_toolkit/output_repository/N3_tpm/N3_contigs_IDs_cut.fasta
    output: /mnt/seaes01-data01/nixon-microbiome/shared/bioinformatic_toolkit/output_repository/N3_tpm/N3_scaffold_filtered.fa
    jobid: 237
    reason: Missing output files: /mnt/seaes01-data01/nixon-microbiome/shared/bioinformatic_toolkit/output_repository/N3_tpm/N3_scaffold_filtered.fa; Input files updated by another job: /mnt/seaes01-data01/nixon-microbiome/shared/bioinformatic_toolkit/output_repository/N3_tpm/N3_contigs_IDs_cut.fasta
    wildcards: sample=N3
    threads: 20
    resources: tmpdir=/tmp

python /mnt/seaes01-data01/nixon-microbiome/shared/scripts/pullseq_python3.py -i /mnt/seaes01-data01/nixon-microbiome/shared/bioinformatic_toolkit/output_repository/N3_tpm/N3_contigs_IDs_cut.fasta -o /mnt/seaes01-data01/nixon-microbiome/shared/bioinformatic_toolkit/output_repository/N3_tpm/N3_scaffold_filtered.fa -m 100

[Wed Nov 27 21:08:33 2024]
rule metawrap_bin:
    input: /mnt/seaes01-data01/nixon-microbiome/shared/bioinformatic_toolkit/output_repository/N3_assembly/contigs.fasta, /mnt/seaes01-data01/nixon-microbiome/shared/bioinformatic_toolkit/output_repository/temp/N3_sym_1.fastq, /mnt/seaes01-data01/nixon-microbiome/shared/bioinformatic_toolkit/output_repository/temp/N3_sym_2.fastq
    output: /mnt/seaes01-data01/nixon-microbiome/shared/bioinformatic_toolkit/output_repository/N3_mags_bins, /mnt/seaes01-data01/nixon-microbiome/shared/bioinformatic_toolkit/output_repository/N3_mags_bins/concoct_bins, /mnt/seaes01-data01/nixon-microbiome/shared/bioinformatic_toolkit/output_repository/N3_mags_bins/maxbin2_bins, /mnt/seaes01-data01/nixon-microbiome/shared/bioinformatic_toolkit/output_repository/N3_mags_bins/metabat2_bins
    jobid: 81
    reason: Missing output files: /mnt/seaes01-data01/nixon-microbiome/shared/bioinformatic_toolkit/output_repository/N3_mags_bins/concoct_bins, /mnt/seaes01-data01/nixon-microbiome/shared/bioinformatic_toolkit/output_repository/N3_mags_bins/metabat2_bins, /mnt/seaes01-data01/nixon-microbiome/shared/bioinformatic_toolkit/output_repository/N3_mags_bins/maxbin2_bins; Input files updated by another job: /mnt/seaes01-data01/nixon-microbiome/shared/bioinformatic_toolkit/output_repository/temp/N3_sym_1.fastq, /mnt/seaes01-data01/nixon-microbiome/shared/bioinformatic_toolkit/output_repository/temp/N3_sym_2.fastq
    wildcards: sample=N3
    threads: 20
    resources: tmpdir=/tmp


	checkm data setRoot /mnt/seaes01-data01/nixon-microbiome/shared/databases1/checkm        
	metawrap binning -o /mnt/seaes01-data01/nixon-microbiome/shared/bioinformatic_toolkit/output_repository/N3_mags_bins -a /mnt/seaes01-data01/nixon-microbiome/shared/bioinformatic_toolkit/output_repository/N3_assembly/contigs.fasta -t 20         --maxbin2 --metabat2 --concoct --universal /mnt/seaes01-data01/nixon-microbiome/shared/bioinformatic_toolkit/output_repository/temp/N3_sym_1.fastq /mnt/seaes01-data01/nixon-microbiome/shared/bioinformatic_toolkit/output_repository/temp/N3_sym_2.fastq
        

[Wed Nov 27 21:08:33 2024]
rule spades:
    input: /mnt/seaes01-data01/nixon-microbiome/shared/bioinformatic_toolkit/output_repository/F3_forward_paired.fq, /mnt/seaes01-data01/nixon-microbiome/shared/bioinformatic_toolkit/output_repository/F3_reverse_paired.fq
    output: /mnt/seaes01-data01/nixon-microbiome/shared/bioinformatic_toolkit/output_repository/F3_assembly, /mnt/seaes01-data01/nixon-microbiome/shared/bioinformatic_toolkit/output_repository/F3_assembly/contigs.fasta
    jobid: 23
    reason: Missing output files: /mnt/seaes01-data01/nixon-microbiome/shared/bioinformatic_toolkit/output_repository/F3_assembly/contigs.fasta; Input files updated by another job: /mnt/seaes01-data01/nixon-microbiome/shared/bioinformatic_toolkit/output_repository/F3_forward_paired.fq, /mnt/seaes01-data01/nixon-microbiome/shared/bioinformatic_toolkit/output_repository/F3_reverse_paired.fq
    wildcards: sample=F3
    threads: 20
    resources: tmpdir=/tmp


        metaspades.py -m 2000 -1 /mnt/seaes01-data01/nixon-microbiome/shared/bioinformatic_toolkit/output_repository/F3_forward_paired.fq -2 /mnt/seaes01-data01/nixon-microbiome/shared/bioinformatic_toolkit/output_repository/F3_reverse_paired.fq -o /mnt/seaes01-data01/nixon-microbiome/shared/bioinformatic_toolkit/output_repository/F3_assembly -t 20
        

[Wed Nov 27 21:08:33 2024]
rule cut_IDs:
    input: /mnt/seaes01-data01/nixon-microbiome/shared/bioinformatic_toolkit/output_repository/N2_assembly/contigs.fasta
    output: /mnt/seaes01-data01/nixon-microbiome/shared/bioinformatic_toolkit/output_repository/N2_tpm/N2_contigs_IDs_cut.fasta
    jobid: 224
    reason: Missing output files: /mnt/seaes01-data01/nixon-microbiome/shared/bioinformatic_toolkit/output_repository/N2_tpm/N2_contigs_IDs_cut.fasta; Input files updated by another job: /mnt/seaes01-data01/nixon-microbiome/shared/bioinformatic_toolkit/output_repository/N2_assembly/contigs.fasta
    wildcards: sample=N2
    threads: 20
    resources: tmpdir=/tmp

cut -d 'l' -f1 /mnt/seaes01-data01/nixon-microbiome/shared/bioinformatic_toolkit/output_repository/N2_assembly/contigs.fasta > /mnt/seaes01-data01/nixon-microbiome/shared/bioinformatic_toolkit/output_repository/N2_tpm/N2_contigs_IDs_cut.fasta

[Wed Nov 27 21:08:33 2024]
rule antismash:
    input: /mnt/seaes01-data01/nixon-microbiome/shared/bioinformatic_toolkit/output_repository/O4_assembly/contigs.fasta
    output: /mnt/seaes01-data01/nixon-microbiome/shared/bioinformatic_toolkit/output_repository/O4_antismash, /mnt/seaes01-data01/nixon-microbiome/shared/bioinformatic_toolkit/output_repository/O4_antismash/knownclusterblastoutput.txt
    jobid: 330
    reason: Missing output files: /mnt/seaes01-data01/nixon-microbiome/shared/bioinformatic_toolkit/output_repository/O4_antismash/knownclusterblastoutput.txt; Input files updated by another job: /mnt/seaes01-data01/nixon-microbiome/shared/bioinformatic_toolkit/output_repository/O4_assembly/contigs.fasta
    wildcards: sample=O4
    threads: 20
    resources: tmpdir=/tmp


        antismash --cpus 20                   --genefinding-tool prodigal                   --allow-long-headers                   --cb-knownclusters                   --output-dir /mnt/seaes01-data01/nixon-microbiome/shared/bioinformatic_toolkit/output_repository/O4_antismash                   /mnt/seaes01-data01/nixon-microbiome/shared/bioinformatic_toolkit/output_repository/O4_assembly/contigs.fasta
        

[Wed Nov 27 21:08:33 2024]
rule filter_seq:
    input: /mnt/seaes01-data01/nixon-microbiome/shared/bioinformatic_toolkit/output_repository/O1_tpm/O1_contigs_IDs_cut.fasta
    output: /mnt/seaes01-data01/nixon-microbiome/shared/bioinformatic_toolkit/output_repository/O1_tpm/O1_scaffold_filtered.fa
    jobid: 251
    reason: Missing output files: /mnt/seaes01-data01/nixon-microbiome/shared/bioinformatic_toolkit/output_repository/O1_tpm/O1_scaffold_filtered.fa; Input files updated by another job: /mnt/seaes01-data01/nixon-microbiome/shared/bioinformatic_toolkit/output_repository/O1_tpm/O1_contigs_IDs_cut.fasta
    wildcards: sample=O1
    threads: 20
    resources: tmpdir=/tmp

python /mnt/seaes01-data01/nixon-microbiome/shared/scripts/pullseq_python3.py -i /mnt/seaes01-data01/nixon-microbiome/shared/bioinformatic_toolkit/output_repository/O1_tpm/O1_contigs_IDs_cut.fasta -o /mnt/seaes01-data01/nixon-microbiome/shared/bioinformatic_toolkit/output_repository/O1_tpm/O1_scaffold_filtered.fa -m 100
Would remove temporary output /mnt/seaes01-data01/nixon-microbiome/shared/bioinformatic_toolkit/output_repository/temp/O4_sym_1.fastq
Would remove temporary output /mnt/seaes01-data01/nixon-microbiome/shared/bioinformatic_toolkit/output_repository/temp/O4_sym_2.fastq
Would remove temporary output /mnt/seaes01-data01/nixon-microbiome/shared/bioinformatic_toolkit/output_repository/temp/O1_sym_2.fastq
Would remove temporary output /mnt/seaes01-data01/nixon-microbiome/shared/bioinformatic_toolkit/output_repository/temp/O1_sym_1.fastq
Would remove temporary output /mnt/seaes01-data01/nixon-microbiome/shared/bioinformatic_toolkit/output_repository/temp/N1_sym_2.fastq
Would remove temporary output /mnt/seaes01-data01/nixon-microbiome/shared/bioinformatic_toolkit/output_repository/temp/N1_sym_1.fastq
Would remove temporary output /mnt/seaes01-data01/nixon-microbiome/shared/bioinformatic_toolkit/output_repository/temp/F1_sym_1.fastq
Would remove temporary output /mnt/seaes01-data01/nixon-microbiome/shared/bioinformatic_toolkit/output_repository/temp/F1_sym_2.fastq
Would remove temporary output /mnt/seaes01-data01/nixon-microbiome/shared/bioinformatic_toolkit/output_repository/temp/N2_sym_1.fastq
Would remove temporary output /mnt/seaes01-data01/nixon-microbiome/shared/bioinformatic_toolkit/output_repository/temp/N2_sym_2.fastq
Would remove temporary output /mnt/seaes01-data01/nixon-microbiome/shared/bioinformatic_toolkit/output_repository/temp/O3_sym_2.fastq
Would remove temporary output /mnt/seaes01-data01/nixon-microbiome/shared/bioinformatic_toolkit/output_repository/temp/O3_sym_1.fastq
Would remove temporary output /mnt/seaes01-data01/nixon-microbiome/shared/bioinformatic_toolkit/output_repository/temp/N3_sym_1.fastq
Would remove temporary output /mnt/seaes01-data01/nixon-microbiome/shared/bioinformatic_toolkit/output_repository/temp/N3_sym_2.fastq

[Wed Nov 27 21:08:33 2024]
rule kaiju_table_Class:
    input: /mnt/seaes01-data01/nixon-microbiome/shared/bioinformatic_toolkit/output_repository/O2_kaiju_refseq
    output: /mnt/seaes01-data01/nixon-microbiome/shared/bioinformatic_toolkit/output_repository/O2_CLASS_kaiju.table
    jobid: 145
    reason: Missing output files: /mnt/seaes01-data01/nixon-microbiome/shared/bioinformatic_toolkit/output_repository/O2_CLASS_kaiju.table; Input files updated by another job: /mnt/seaes01-data01/nixon-microbiome/shared/bioinformatic_toolkit/output_repository/O2_kaiju_refseq
    wildcards: sample=O2
    threads: 20
    resources: tmpdir=/tmp


        kaiju2table -t /mnt/seaes01-data01/nixon-microbiome/shared/kaiju_databases/kaiju_db_nr_euk_2023-05-10/nodes.dmp                     -n /mnt/seaes01-data01/nixon-microbiome/shared/kaiju_databases/kaiju_db_nr_euk_2023-05-10/names.dmp                     -r class -u -o /mnt/seaes01-data01/nixon-microbiome/shared/bioinformatic_toolkit/output_repository/O2_CLASS_kaiju.table /mnt/seaes01-data01/nixon-microbiome/shared/bioinformatic_toolkit/output_repository/O2_kaiju_refseq
        

[Wed Nov 27 21:08:33 2024]
rule alignment:
    input: /mnt/seaes01-data01/nixon-microbiome/shared/bioinformatic_toolkit/output_repository/O2_diversity/O2_alignment.fasta
    output: /mnt/seaes01-data01/nixon-microbiome/shared/bioinformatic_toolkit/output_repository/O2_diversity/O2_alignment.npo
    jobid: 345
    reason: Missing output files: /mnt/seaes01-data01/nixon-microbiome/shared/bioinformatic_toolkit/output_repository/O2_diversity/O2_alignment.npo; Input files updated by another job: /mnt/seaes01-data01/nixon-microbiome/shared/bioinformatic_toolkit/output_repository/O2_diversity/O2_alignment.fasta
    wildcards: sample=O2
    threads: 20
    resources: tmpdir=/tmp


        nonpareil -s /mnt/seaes01-data01/nixon-microbiome/shared/bioinformatic_toolkit/output_repository/O2_diversity/O2_alignment.fasta -t 20 -T alignment -f fasta -b /mnt/seaes01-data01/nixon-microbiome/shared/bioinformatic_toolkit/output_repository/O2_diversity/O2_alignment.npo
        

[Wed Nov 27 21:08:33 2024]
rule metawrap_bin:
    input: /mnt/seaes01-data01/nixon-microbiome/shared/bioinformatic_toolkit/output_repository/F3_assembly/contigs.fasta, /mnt/seaes01-data01/nixon-microbiome/shared/bioinformatic_toolkit/output_repository/temp/F3_sym_1.fastq, /mnt/seaes01-data01/nixon-microbiome/shared/bioinformatic_toolkit/output_repository/temp/F3_sym_2.fastq
    output: /mnt/seaes01-data01/nixon-microbiome/shared/bioinformatic_toolkit/output_repository/F3_mags_bins, /mnt/seaes01-data01/nixon-microbiome/shared/bioinformatic_toolkit/output_repository/F3_mags_bins/concoct_bins, /mnt/seaes01-data01/nixon-microbiome/shared/bioinformatic_toolkit/output_repository/F3_mags_bins/maxbin2_bins, /mnt/seaes01-data01/nixon-microbiome/shared/bioinformatic_toolkit/output_repository/F3_mags_bins/metabat2_bins
    jobid: 75
    reason: Missing output files: /mnt/seaes01-data01/nixon-microbiome/shared/bioinformatic_toolkit/output_repository/F3_mags_bins/metabat2_bins, /mnt/seaes01-data01/nixon-microbiome/shared/bioinformatic_toolkit/output_repository/F3_mags_bins/maxbin2_bins, /mnt/seaes01-data01/nixon-microbiome/shared/bioinformatic_toolkit/output_repository/F3_mags_bins/concoct_bins; Input files updated by another job: /mnt/seaes01-data01/nixon-microbiome/shared/bioinformatic_toolkit/output_repository/temp/F3_sym_1.fastq, /mnt/seaes01-data01/nixon-microbiome/shared/bioinformatic_toolkit/output_repository/temp/F3_sym_2.fastq, /mnt/seaes01-data01/nixon-microbiome/shared/bioinformatic_toolkit/output_repository/F3_assembly/contigs.fasta
    wildcards: sample=F3
    threads: 20
    resources: tmpdir=/tmp


	checkm data setRoot /mnt/seaes01-data01/nixon-microbiome/shared/databases1/checkm        
	metawrap binning -o /mnt/seaes01-data01/nixon-microbiome/shared/bioinformatic_toolkit/output_repository/F3_mags_bins -a /mnt/seaes01-data01/nixon-microbiome/shared/bioinformatic_toolkit/output_repository/F3_assembly/contigs.fasta -t 20         --maxbin2 --metabat2 --concoct --universal /mnt/seaes01-data01/nixon-microbiome/shared/bioinformatic_toolkit/output_repository/temp/F3_sym_1.fastq /mnt/seaes01-data01/nixon-microbiome/shared/bioinformatic_toolkit/output_repository/temp/F3_sym_2.fastq
        

[Wed Nov 27 21:08:33 2024]
rule filter_seq:
    input: /mnt/seaes01-data01/nixon-microbiome/shared/bioinformatic_toolkit/output_repository/F1_tpm/F1_contigs_IDs_cut.fasta
    output: /mnt/seaes01-data01/nixon-microbiome/shared/bioinformatic_toolkit/output_repository/F1_tpm/F1_scaffold_filtered.fa
    jobid: 167
    reason: Missing output files: /mnt/seaes01-data01/nixon-microbiome/shared/bioinformatic_toolkit/output_repository/F1_tpm/F1_scaffold_filtered.fa; Input files updated by another job: /mnt/seaes01-data01/nixon-microbiome/shared/bioinformatic_toolkit/output_repository/F1_tpm/F1_contigs_IDs_cut.fasta
    wildcards: sample=F1
    threads: 20
    resources: tmpdir=/tmp

python /mnt/seaes01-data01/nixon-microbiome/shared/scripts/pullseq_python3.py -i /mnt/seaes01-data01/nixon-microbiome/shared/bioinformatic_toolkit/output_repository/F1_tpm/F1_contigs_IDs_cut.fasta -o /mnt/seaes01-data01/nixon-microbiome/shared/bioinformatic_toolkit/output_repository/F1_tpm/F1_scaffold_filtered.fa -m 100

[Wed Nov 27 21:08:33 2024]
rule kaiju_table_Genus:
    input: /mnt/seaes01-data01/nixon-microbiome/shared/bioinformatic_toolkit/output_repository/F2_kaiju_refseq
    output: /mnt/seaes01-data01/nixon-microbiome/shared/bioinformatic_toolkit/output_repository/F2_GENUS_kaiju.table
    jobid: 152
    reason: Missing output files: /mnt/seaes01-data01/nixon-microbiome/shared/bioinformatic_toolkit/output_repository/F2_GENUS_kaiju.table; Input files updated by another job: /mnt/seaes01-data01/nixon-microbiome/shared/bioinformatic_toolkit/output_repository/F2_kaiju_refseq
    wildcards: sample=F2
    threads: 20
    resources: tmpdir=/tmp


        kaiju2table -t /mnt/seaes01-data01/nixon-microbiome/shared/kaiju_databases/kaiju_db_nr_euk_2023-05-10/nodes.dmp                     -n /mnt/seaes01-data01/nixon-microbiome/shared/kaiju_databases/kaiju_db_nr_euk_2023-05-10/names.dmp                     -r genus -u -o /mnt/seaes01-data01/nixon-microbiome/shared/bioinformatic_toolkit/output_repository/F2_GENUS_kaiju.table /mnt/seaes01-data01/nixon-microbiome/shared/bioinformatic_toolkit/output_repository/F2_kaiju_refseq
        

[Wed Nov 27 21:08:33 2024]
rule bin_refinement:
    input: /mnt/seaes01-data01/nixon-microbiome/shared/bioinformatic_toolkit/output_repository/N3_mags_bins/concoct_bins, /mnt/seaes01-data01/nixon-microbiome/shared/bioinformatic_toolkit/output_repository/N3_mags_bins/maxbin2_bins, /mnt/seaes01-data01/nixon-microbiome/shared/bioinformatic_toolkit/output_repository/N3_mags_bins/metabat2_bins
    output: /mnt/seaes01-data01/nixon-microbiome/shared/bioinformatic_toolkit/output_repository/N3_refined_mag_directory, /mnt/seaes01-data01/nixon-microbiome/shared/bioinformatic_toolkit/output_repository/N3_refined_mag_directory/metawrap_50_10_bins
    jobid: 96
    reason: Missing output files: /mnt/seaes01-data01/nixon-microbiome/shared/bioinformatic_toolkit/output_repository/N3_refined_mag_directory/metawrap_50_10_bins, /mnt/seaes01-data01/nixon-microbiome/shared/bioinformatic_toolkit/output_repository/N3_refined_mag_directory; Input files updated by another job: /mnt/seaes01-data01/nixon-microbiome/shared/bioinformatic_toolkit/output_repository/N3_mags_bins/concoct_bins, /mnt/seaes01-data01/nixon-microbiome/shared/bioinformatic_toolkit/output_repository/N3_mags_bins/metabat2_bins, /mnt/seaes01-data01/nixon-microbiome/shared/bioinformatic_toolkit/output_repository/N3_mags_bins/maxbin2_bins
    wildcards: sample=N3
    threads: 20
    resources: tmpdir=/tmp


        metawrap bin_refinement -o /mnt/seaes01-data01/nixon-microbiome/shared/bioinformatic_toolkit/output_repository/N3_refined_mag_directory -t 20 -A /mnt/seaes01-data01/nixon-microbiome/shared/bioinformatic_toolkit/output_repository/N3_mags_bins/concoct_bins -B /mnt/seaes01-data01/nixon-microbiome/shared/bioinformatic_toolkit/output_repository/N3_mags_bins/maxbin2_bins -C /mnt/seaes01-data01/nixon-microbiome/shared/bioinformatic_toolkit/output_repository/N3_mags_bins/metabat2_bins -c 50 -x 10
        

[Wed Nov 27 21:08:33 2024]
rule filter_seq:
    input: /mnt/seaes01-data01/nixon-microbiome/shared/bioinformatic_toolkit/output_repository/O3_tpm/O3_contigs_IDs_cut.fasta
    output: /mnt/seaes01-data01/nixon-microbiome/shared/bioinformatic_toolkit/output_repository/O3_tpm/O3_scaffold_filtered.fa
    jobid: 279
    reason: Missing output files: /mnt/seaes01-data01/nixon-microbiome/shared/bioinformatic_toolkit/output_repository/O3_tpm/O3_scaffold_filtered.fa; Input files updated by another job: /mnt/seaes01-data01/nixon-microbiome/shared/bioinformatic_toolkit/output_repository/O3_tpm/O3_contigs_IDs_cut.fasta
    wildcards: sample=O3
    threads: 20
    resources: tmpdir=/tmp

python /mnt/seaes01-data01/nixon-microbiome/shared/scripts/pullseq_python3.py -i /mnt/seaes01-data01/nixon-microbiome/shared/bioinformatic_toolkit/output_repository/O3_tpm/O3_contigs_IDs_cut.fasta -o /mnt/seaes01-data01/nixon-microbiome/shared/bioinformatic_toolkit/output_repository/O3_tpm/O3_scaffold_filtered.fa -m 100

[Wed Nov 27 21:08:33 2024]
rule alignment:
    input: /mnt/seaes01-data01/nixon-microbiome/shared/bioinformatic_toolkit/output_repository/F2_diversity/F2_alignment.fasta
    output: /mnt/seaes01-data01/nixon-microbiome/shared/bioinformatic_toolkit/output_repository/F2_diversity/F2_alignment.npo
    jobid: 333
    reason: Missing output files: /mnt/seaes01-data01/nixon-microbiome/shared/bioinformatic_toolkit/output_repository/F2_diversity/F2_alignment.npo; Input files updated by another job: /mnt/seaes01-data01/nixon-microbiome/shared/bioinformatic_toolkit/output_repository/F2_diversity/F2_alignment.fasta
    wildcards: sample=F2
    threads: 20
    resources: tmpdir=/tmp


        nonpareil -s /mnt/seaes01-data01/nixon-microbiome/shared/bioinformatic_toolkit/output_repository/F2_diversity/F2_alignment.fasta -t 20 -T alignment -f fasta -b /mnt/seaes01-data01/nixon-microbiome/shared/bioinformatic_toolkit/output_repository/F2_diversity/F2_alignment.npo
        

[Wed Nov 27 21:08:33 2024]
rule genomad_end_to_end:
    input: /mnt/seaes01-data01/nixon-microbiome/shared/bioinformatic_toolkit/output_repository/O2_assembly/contigs.fasta
    output: /mnt/seaes01-data01/nixon-microbiome/shared/bioinformatic_toolkit/output_repository/O2_genomad
    jobid: 318
    reason: Missing output files: /mnt/seaes01-data01/nixon-microbiome/shared/bioinformatic_toolkit/output_repository/O2_genomad; Input files updated by another job: /mnt/seaes01-data01/nixon-microbiome/shared/bioinformatic_toolkit/output_repository/O2_assembly/contigs.fasta
    wildcards: sample=O2
    threads: 20
    resources: tmpdir=/tmp


        genomad end-to-end --enable-score-calibration --cleanup --splits 8 /mnt/seaes01-data01/nixon-microbiome/shared/bioinformatic_toolkit/output_repository/O2_assembly/contigs.fasta /mnt/seaes01-data01/nixon-microbiome/shared/bioinformatic_toolkit/output_repository/O2_genomad /mnt/data/genomad_db_v1.7
        

[Wed Nov 27 21:08:33 2024]
rule bowtie_build:
    input: /mnt/seaes01-data01/nixon-microbiome/shared/bioinformatic_toolkit/output_repository/O1_tpm/O1_scaffold_filtered.fa
    output: /mnt/seaes01-data01/nixon-microbiome/shared/bioinformatic_toolkit/output_repository/O1_tpm/O1_index.done
    jobid: 257
    reason: Missing output files: /mnt/seaes01-data01/nixon-microbiome/shared/bioinformatic_toolkit/output_repository/O1_tpm/O1_index.done; Input files updated by another job: /mnt/seaes01-data01/nixon-microbiome/shared/bioinformatic_toolkit/output_repository/O1_tpm/O1_scaffold_filtered.fa
    wildcards: sample=O1
    threads: 20
    resources: tmpdir=/tmp

bowtie2-build /mnt/seaes01-data01/nixon-microbiome/shared/bioinformatic_toolkit/output_repository/O1_tpm/O1_scaffold_filtered.fa /mnt/seaes01-data01/nixon-microbiome/shared/bioinformatic_toolkit/output_repository/O1_tpm/O1_scaffold_filtered.fa && echo done > /mnt/seaes01-data01/nixon-microbiome/shared/bioinformatic_toolkit/output_repository/O1_tpm/O1_index.done

[Wed Nov 27 21:08:33 2024]
rule bin_refinement:
    input: /mnt/seaes01-data01/nixon-microbiome/shared/bioinformatic_toolkit/output_repository/O1_mags_bins/concoct_bins, /mnt/seaes01-data01/nixon-microbiome/shared/bioinformatic_toolkit/output_repository/O1_mags_bins/maxbin2_bins, /mnt/seaes01-data01/nixon-microbiome/shared/bioinformatic_toolkit/output_repository/O1_mags_bins/metabat2_bins
    output: /mnt/seaes01-data01/nixon-microbiome/shared/bioinformatic_toolkit/output_repository/O1_refined_mag_directory, /mnt/seaes01-data01/nixon-microbiome/shared/bioinformatic_toolkit/output_repository/O1_refined_mag_directory/metawrap_50_10_bins
    jobid: 97
    reason: Missing output files: /mnt/seaes01-data01/nixon-microbiome/shared/bioinformatic_toolkit/output_repository/O1_refined_mag_directory/metawrap_50_10_bins, /mnt/seaes01-data01/nixon-microbiome/shared/bioinformatic_toolkit/output_repository/O1_refined_mag_directory; Input files updated by another job: /mnt/seaes01-data01/nixon-microbiome/shared/bioinformatic_toolkit/output_repository/O1_mags_bins/concoct_bins, /mnt/seaes01-data01/nixon-microbiome/shared/bioinformatic_toolkit/output_repository/O1_mags_bins/metabat2_bins, /mnt/seaes01-data01/nixon-microbiome/shared/bioinformatic_toolkit/output_repository/O1_mags_bins/maxbin2_bins
    wildcards: sample=O1
    threads: 20
    resources: tmpdir=/tmp


        metawrap bin_refinement -o /mnt/seaes01-data01/nixon-microbiome/shared/bioinformatic_toolkit/output_repository/O1_refined_mag_directory -t 20 -A /mnt/seaes01-data01/nixon-microbiome/shared/bioinformatic_toolkit/output_repository/O1_mags_bins/concoct_bins -B /mnt/seaes01-data01/nixon-microbiome/shared/bioinformatic_toolkit/output_repository/O1_mags_bins/maxbin2_bins -C /mnt/seaes01-data01/nixon-microbiome/shared/bioinformatic_toolkit/output_repository/O1_mags_bins/metabat2_bins -c 50 -x 10
        

[Wed Nov 27 21:08:33 2024]
rule kaiju_table_Genus:
    input: /mnt/seaes01-data01/nixon-microbiome/shared/bioinformatic_toolkit/output_repository/F3_kaiju_refseq
    output: /mnt/seaes01-data01/nixon-microbiome/shared/bioinformatic_toolkit/output_repository/F3_GENUS_kaiju.table
    jobid: 153
    reason: Missing output files: /mnt/seaes01-data01/nixon-microbiome/shared/bioinformatic_toolkit/output_repository/F3_GENUS_kaiju.table; Input files updated by another job: /mnt/seaes01-data01/nixon-microbiome/shared/bioinformatic_toolkit/output_repository/F3_kaiju_refseq
    wildcards: sample=F3
    threads: 20
    resources: tmpdir=/tmp


        kaiju2table -t /mnt/seaes01-data01/nixon-microbiome/shared/kaiju_databases/kaiju_db_nr_euk_2023-05-10/nodes.dmp                     -n /mnt/seaes01-data01/nixon-microbiome/shared/kaiju_databases/kaiju_db_nr_euk_2023-05-10/names.dmp                     -r genus -u -o /mnt/seaes01-data01/nixon-microbiome/shared/bioinformatic_toolkit/output_repository/F3_GENUS_kaiju.table /mnt/seaes01-data01/nixon-microbiome/shared/bioinformatic_toolkit/output_repository/F3_kaiju_refseq
        

[Wed Nov 27 21:08:33 2024]
rule bin_refinement:
    input: /mnt/seaes01-data01/nixon-microbiome/shared/bioinformatic_toolkit/output_repository/F1_mags_bins/concoct_bins, /mnt/seaes01-data01/nixon-microbiome/shared/bioinformatic_toolkit/output_repository/F1_mags_bins/maxbin2_bins, /mnt/seaes01-data01/nixon-microbiome/shared/bioinformatic_toolkit/output_repository/F1_mags_bins/metabat2_bins
    output: /mnt/seaes01-data01/nixon-microbiome/shared/bioinformatic_toolkit/output_repository/F1_refined_mag_directory, /mnt/seaes01-data01/nixon-microbiome/shared/bioinformatic_toolkit/output_repository/F1_refined_mag_directory/metawrap_50_10_bins
    jobid: 91
    reason: Missing output files: /mnt/seaes01-data01/nixon-microbiome/shared/bioinformatic_toolkit/output_repository/F1_refined_mag_directory/metawrap_50_10_bins, /mnt/seaes01-data01/nixon-microbiome/shared/bioinformatic_toolkit/output_repository/F1_refined_mag_directory; Input files updated by another job: /mnt/seaes01-data01/nixon-microbiome/shared/bioinformatic_toolkit/output_repository/F1_mags_bins/concoct_bins, /mnt/seaes01-data01/nixon-microbiome/shared/bioinformatic_toolkit/output_repository/F1_mags_bins/metabat2_bins, /mnt/seaes01-data01/nixon-microbiome/shared/bioinformatic_toolkit/output_repository/F1_mags_bins/maxbin2_bins
    wildcards: sample=F1
    threads: 20
    resources: tmpdir=/tmp


        metawrap bin_refinement -o /mnt/seaes01-data01/nixon-microbiome/shared/bioinformatic_toolkit/output_repository/F1_refined_mag_directory -t 20 -A /mnt/seaes01-data01/nixon-microbiome/shared/bioinformatic_toolkit/output_repository/F1_mags_bins/concoct_bins -B /mnt/seaes01-data01/nixon-microbiome/shared/bioinformatic_toolkit/output_repository/F1_mags_bins/maxbin2_bins -C /mnt/seaes01-data01/nixon-microbiome/shared/bioinformatic_toolkit/output_repository/F1_mags_bins/metabat2_bins -c 50 -x 10
        

[Wed Nov 27 21:08:33 2024]
rule filter_seq_contigs:
    input: /mnt/seaes01-data01/nixon-microbiome/shared/bioinformatic_toolkit/output_repository/F1_contigs_IDs_trimmed.fasta
    output: /mnt/seaes01-data01/nixon-microbiome/shared/bioinformatic_toolkit/output_repository/F1_contigs_filtered_500.fa
    jobid: 32
    reason: Missing output files: /mnt/seaes01-data01/nixon-microbiome/shared/bioinformatic_toolkit/output_repository/F1_contigs_filtered_500.fa; Input files updated by another job: /mnt/seaes01-data01/nixon-microbiome/shared/bioinformatic_toolkit/output_repository/F1_contigs_IDs_trimmed.fasta
    wildcards: sample=F1
    threads: 20
    resources: tmpdir=/tmp

python /mnt/seaes01-data01/nixon-microbiome/shared/scripts/pullseq_python3.py -i /mnt/seaes01-data01/nixon-microbiome/shared/bioinformatic_toolkit/output_repository/F1_contigs_IDs_trimmed.fasta -o /mnt/seaes01-data01/nixon-microbiome/shared/bioinformatic_toolkit/output_repository/F1_contigs_filtered_500.fa -m 500

[Wed Nov 27 21:08:33 2024]
rule cut:
    input: /mnt/seaes01-data01/nixon-microbiome/shared/bioinformatic_toolkit/output_repository/F3_assembly/contigs.fasta
    output: /mnt/seaes01-data01/nixon-microbiome/shared/bioinformatic_toolkit/output_repository/F3_contigs_IDs_trimmed.fasta
    jobid: 39
    reason: Missing output files: /mnt/seaes01-data01/nixon-microbiome/shared/bioinformatic_toolkit/output_repository/F3_contigs_IDs_trimmed.fasta; Input files updated by another job: /mnt/seaes01-data01/nixon-microbiome/shared/bioinformatic_toolkit/output_repository/F3_assembly/contigs.fasta
    wildcards: sample=F3
    threads: 20
    resources: tmpdir=/tmp

cut -d 'l' -f1 /mnt/seaes01-data01/nixon-microbiome/shared/bioinformatic_toolkit/output_repository/F3_assembly/contigs.fasta > /mnt/seaes01-data01/nixon-microbiome/shared/bioinformatic_toolkit/output_repository/F3_contigs_IDs_trimmed.fasta

[Wed Nov 27 21:08:33 2024]
rule kaiju_table_Class:
    input: /mnt/seaes01-data01/nixon-microbiome/shared/bioinformatic_toolkit/output_repository/F2_kaiju_refseq
    output: /mnt/seaes01-data01/nixon-microbiome/shared/bioinformatic_toolkit/output_repository/F2_CLASS_kaiju.table
    jobid: 133
    reason: Missing output files: /mnt/seaes01-data01/nixon-microbiome/shared/bioinformatic_toolkit/output_repository/F2_CLASS_kaiju.table; Input files updated by another job: /mnt/seaes01-data01/nixon-microbiome/shared/bioinformatic_toolkit/output_repository/F2_kaiju_refseq
    wildcards: sample=F2
    threads: 20
    resources: tmpdir=/tmp


        kaiju2table -t /mnt/seaes01-data01/nixon-microbiome/shared/kaiju_databases/kaiju_db_nr_euk_2023-05-10/nodes.dmp                     -n /mnt/seaes01-data01/nixon-microbiome/shared/kaiju_databases/kaiju_db_nr_euk_2023-05-10/names.dmp                     -r class -u -o /mnt/seaes01-data01/nixon-microbiome/shared/bioinformatic_toolkit/output_repository/F2_CLASS_kaiju.table /mnt/seaes01-data01/nixon-microbiome/shared/bioinformatic_toolkit/output_repository/F2_kaiju_refseq
        

[Wed Nov 27 21:08:33 2024]
rule cut:
    input: /mnt/seaes01-data01/nixon-microbiome/shared/bioinformatic_toolkit/output_repository/O2_assembly/contigs.fasta
    output: /mnt/seaes01-data01/nixon-microbiome/shared/bioinformatic_toolkit/output_repository/O2_contigs_IDs_trimmed.fasta
    jobid: 54
    reason: Missing output files: /mnt/seaes01-data01/nixon-microbiome/shared/bioinformatic_toolkit/output_repository/O2_contigs_IDs_trimmed.fasta; Input files updated by another job: /mnt/seaes01-data01/nixon-microbiome/shared/bioinformatic_toolkit/output_repository/O2_assembly/contigs.fasta
    wildcards: sample=O2
    threads: 20
    resources: tmpdir=/tmp

cut -d 'l' -f1 /mnt/seaes01-data01/nixon-microbiome/shared/bioinformatic_toolkit/output_repository/O2_assembly/contigs.fasta > /mnt/seaes01-data01/nixon-microbiome/shared/bioinformatic_toolkit/output_repository/O2_contigs_IDs_trimmed.fasta

[Wed Nov 27 21:08:33 2024]
rule cut_IDs:
    input: /mnt/seaes01-data01/nixon-microbiome/shared/bioinformatic_toolkit/output_repository/O2_assembly/contigs.fasta
    output: /mnt/seaes01-data01/nixon-microbiome/shared/bioinformatic_toolkit/output_repository/O2_tpm/O2_contigs_IDs_cut.fasta
    jobid: 266
    reason: Missing output files: /mnt/seaes01-data01/nixon-microbiome/shared/bioinformatic_toolkit/output_repository/O2_tpm/O2_contigs_IDs_cut.fasta; Input files updated by another job: /mnt/seaes01-data01/nixon-microbiome/shared/bioinformatic_toolkit/output_repository/O2_assembly/contigs.fasta
    wildcards: sample=O2
    threads: 20
    resources: tmpdir=/tmp

cut -d 'l' -f1 /mnt/seaes01-data01/nixon-microbiome/shared/bioinformatic_toolkit/output_repository/O2_assembly/contigs.fasta > /mnt/seaes01-data01/nixon-microbiome/shared/bioinformatic_toolkit/output_repository/O2_tpm/O2_contigs_IDs_cut.fasta

[Wed Nov 27 21:08:33 2024]
rule filter_seq_contigs:
    input: /mnt/seaes01-data01/nixon-microbiome/shared/bioinformatic_toolkit/output_repository/N1_contigs_IDs_trimmed.fasta
    output: /mnt/seaes01-data01/nixon-microbiome/shared/bioinformatic_toolkit/output_repository/N1_contigs_filtered_500.fa
    jobid: 41
    reason: Missing output files: /mnt/seaes01-data01/nixon-microbiome/shared/bioinformatic_toolkit/output_repository/N1_contigs_filtered_500.fa; Input files updated by another job: /mnt/seaes01-data01/nixon-microbiome/shared/bioinformatic_toolkit/output_repository/N1_contigs_IDs_trimmed.fasta
    wildcards: sample=N1
    threads: 20
    resources: tmpdir=/tmp

python /mnt/seaes01-data01/nixon-microbiome/shared/scripts/pullseq_python3.py -i /mnt/seaes01-data01/nixon-microbiome/shared/bioinformatic_toolkit/output_repository/N1_contigs_IDs_trimmed.fasta -o /mnt/seaes01-data01/nixon-microbiome/shared/bioinformatic_toolkit/output_repository/N1_contigs_filtered_500.fa -m 500

[Wed Nov 27 21:08:33 2024]
rule genomad_end_to_end:
    input: /mnt/seaes01-data01/nixon-microbiome/shared/bioinformatic_toolkit/output_repository/F2_assembly/contigs.fasta
    output: /mnt/seaes01-data01/nixon-microbiome/shared/bioinformatic_toolkit/output_repository/F2_genomad
    jobid: 312
    reason: Missing output files: /mnt/seaes01-data01/nixon-microbiome/shared/bioinformatic_toolkit/output_repository/F2_genomad; Input files updated by another job: /mnt/seaes01-data01/nixon-microbiome/shared/bioinformatic_toolkit/output_repository/F2_assembly/contigs.fasta
    wildcards: sample=F2
    threads: 20
    resources: tmpdir=/tmp


        genomad end-to-end --enable-score-calibration --cleanup --splits 8 /mnt/seaes01-data01/nixon-microbiome/shared/bioinformatic_toolkit/output_repository/F2_assembly/contigs.fasta /mnt/seaes01-data01/nixon-microbiome/shared/bioinformatic_toolkit/output_repository/F2_genomad /mnt/data/genomad_db_v1.7
        

[Wed Nov 27 21:08:33 2024]
rule filter_seq:
    input: /mnt/seaes01-data01/nixon-microbiome/shared/bioinformatic_toolkit/output_repository/O4_tpm/O4_contigs_IDs_cut.fasta
    output: /mnt/seaes01-data01/nixon-microbiome/shared/bioinformatic_toolkit/output_repository/O4_tpm/O4_scaffold_filtered.fa
    jobid: 293
    reason: Missing output files: /mnt/seaes01-data01/nixon-microbiome/shared/bioinformatic_toolkit/output_repository/O4_tpm/O4_scaffold_filtered.fa; Input files updated by another job: /mnt/seaes01-data01/nixon-microbiome/shared/bioinformatic_toolkit/output_repository/O4_tpm/O4_contigs_IDs_cut.fasta
    wildcards: sample=O4
    threads: 20
    resources: tmpdir=/tmp

python /mnt/seaes01-data01/nixon-microbiome/shared/scripts/pullseq_python3.py -i /mnt/seaes01-data01/nixon-microbiome/shared/bioinformatic_toolkit/output_repository/O4_tpm/O4_contigs_IDs_cut.fasta -o /mnt/seaes01-data01/nixon-microbiome/shared/bioinformatic_toolkit/output_repository/O4_tpm/O4_scaffold_filtered.fa -m 100

[Wed Nov 27 21:08:33 2024]
rule metawrap_bin:
    input: /mnt/seaes01-data01/nixon-microbiome/shared/bioinformatic_toolkit/output_repository/O2_assembly/contigs.fasta, /mnt/seaes01-data01/nixon-microbiome/shared/bioinformatic_toolkit/output_repository/temp/O2_sym_1.fastq, /mnt/seaes01-data01/nixon-microbiome/shared/bioinformatic_toolkit/output_repository/temp/O2_sym_2.fastq
    output: /mnt/seaes01-data01/nixon-microbiome/shared/bioinformatic_toolkit/output_repository/O2_mags_bins, /mnt/seaes01-data01/nixon-microbiome/shared/bioinformatic_toolkit/output_repository/O2_mags_bins/concoct_bins, /mnt/seaes01-data01/nixon-microbiome/shared/bioinformatic_toolkit/output_repository/O2_mags_bins/maxbin2_bins, /mnt/seaes01-data01/nixon-microbiome/shared/bioinformatic_toolkit/output_repository/O2_mags_bins/metabat2_bins
    jobid: 85
    reason: Missing output files: /mnt/seaes01-data01/nixon-microbiome/shared/bioinformatic_toolkit/output_repository/O2_mags_bins/maxbin2_bins, /mnt/seaes01-data01/nixon-microbiome/shared/bioinformatic_toolkit/output_repository/O2_mags_bins/concoct_bins, /mnt/seaes01-data01/nixon-microbiome/shared/bioinformatic_toolkit/output_repository/O2_mags_bins/metabat2_bins; Input files updated by another job: /mnt/seaes01-data01/nixon-microbiome/shared/bioinformatic_toolkit/output_repository/temp/O2_sym_2.fastq, /mnt/seaes01-data01/nixon-microbiome/shared/bioinformatic_toolkit/output_repository/temp/O2_sym_1.fastq, /mnt/seaes01-data01/nixon-microbiome/shared/bioinformatic_toolkit/output_repository/O2_assembly/contigs.fasta
    wildcards: sample=O2
    threads: 20
    resources: tmpdir=/tmp


	checkm data setRoot /mnt/seaes01-data01/nixon-microbiome/shared/databases1/checkm        
	metawrap binning -o /mnt/seaes01-data01/nixon-microbiome/shared/bioinformatic_toolkit/output_repository/O2_mags_bins -a /mnt/seaes01-data01/nixon-microbiome/shared/bioinformatic_toolkit/output_repository/O2_assembly/contigs.fasta -t 20         --maxbin2 --metabat2 --concoct --universal /mnt/seaes01-data01/nixon-microbiome/shared/bioinformatic_toolkit/output_repository/temp/O2_sym_1.fastq /mnt/seaes01-data01/nixon-microbiome/shared/bioinformatic_toolkit/output_repository/temp/O2_sym_2.fastq
        

[Wed Nov 27 21:08:33 2024]
rule prokka:
    input: /mnt/seaes01-data01/nixon-microbiome/shared/bioinformatic_toolkit/output_repository/O1_contigs_filtered_500.fa
    output: /mnt/seaes01-data01/nixon-microbiome/shared/bioinformatic_toolkit/output_repository/O1_prokka, /mnt/seaes01-data01/nixon-microbiome/shared/bioinformatic_toolkit/output_repository/O1_prokka/O1_annotated.gff, /mnt/seaes01-data01/nixon-microbiome/shared/bioinformatic_toolkit/output_repository/O1_prokka/O1_annotated.tsv, /mnt/seaes01-data01/nixon-microbiome/shared/bioinformatic_toolkit/output_repository/O1_prokka/O1_annotated.faa
    jobid: 49
    reason: Missing output files: /mnt/seaes01-data01/nixon-microbiome/shared/bioinformatic_toolkit/output_repository/O1_prokka/O1_annotated.tsv, /mnt/seaes01-data01/nixon-microbiome/shared/bioinformatic_toolkit/output_repository/O1_prokka/O1_annotated.faa, /mnt/seaes01-data01/nixon-microbiome/shared/bioinformatic_toolkit/output_repository/O1_prokka/O1_annotated.gff; Input files updated by another job: /mnt/seaes01-data01/nixon-microbiome/shared/bioinformatic_toolkit/output_repository/O1_contigs_filtered_500.fa
    wildcards: sample=O1
    threads: 20
    resources: tmpdir=/tmp


        prokka --outdir /mnt/seaes01-data01/nixon-microbiome/shared/bioinformatic_toolkit/output_repository/O1_prokka                --prefix O1_annotated                --force --cpus 20 --metagenome /mnt/seaes01-data01/nixon-microbiome/shared/bioinformatic_toolkit/output_repository/O1_contigs_filtered_500.fa
        

[Wed Nov 27 21:08:33 2024]
rule alignment:
    input: /mnt/seaes01-data01/nixon-microbiome/shared/bioinformatic_toolkit/output_repository/F3_diversity/F3_alignment.fasta
    output: /mnt/seaes01-data01/nixon-microbiome/shared/bioinformatic_toolkit/output_repository/F3_diversity/F3_alignment.npo
    jobid: 335
    reason: Missing output files: /mnt/seaes01-data01/nixon-microbiome/shared/bioinformatic_toolkit/output_repository/F3_diversity/F3_alignment.npo; Input files updated by another job: /mnt/seaes01-data01/nixon-microbiome/shared/bioinformatic_toolkit/output_repository/F3_diversity/F3_alignment.fasta
    wildcards: sample=F3
    threads: 20
    resources: tmpdir=/tmp


        nonpareil -s /mnt/seaes01-data01/nixon-microbiome/shared/bioinformatic_toolkit/output_repository/F3_diversity/F3_alignment.fasta -t 20 -T alignment -f fasta -b /mnt/seaes01-data01/nixon-microbiome/shared/bioinformatic_toolkit/output_repository/F3_diversity/F3_alignment.npo
        

[Wed Nov 27 21:08:33 2024]
rule filter_seq_contigs:
    input: /mnt/seaes01-data01/nixon-microbiome/shared/bioinformatic_toolkit/output_repository/O3_contigs_IDs_trimmed.fasta
    output: /mnt/seaes01-data01/nixon-microbiome/shared/bioinformatic_toolkit/output_repository/O3_contigs_filtered_500.fa
    jobid: 56
    reason: Missing output files: /mnt/seaes01-data01/nixon-microbiome/shared/bioinformatic_toolkit/output_repository/O3_contigs_filtered_500.fa; Input files updated by another job: /mnt/seaes01-data01/nixon-microbiome/shared/bioinformatic_toolkit/output_repository/O3_contigs_IDs_trimmed.fasta
    wildcards: sample=O3
    threads: 20
    resources: tmpdir=/tmp

python /mnt/seaes01-data01/nixon-microbiome/shared/scripts/pullseq_python3.py -i /mnt/seaes01-data01/nixon-microbiome/shared/bioinformatic_toolkit/output_repository/O3_contigs_IDs_trimmed.fasta -o /mnt/seaes01-data01/nixon-microbiome/shared/bioinformatic_toolkit/output_repository/O3_contigs_filtered_500.fa -m 500

[Wed Nov 27 21:08:33 2024]
rule filter_seq:
    input: /mnt/seaes01-data01/nixon-microbiome/shared/bioinformatic_toolkit/output_repository/N1_tpm/N1_contigs_IDs_cut.fasta
    output: /mnt/seaes01-data01/nixon-microbiome/shared/bioinformatic_toolkit/output_repository/N1_tpm/N1_scaffold_filtered.fa
    jobid: 209
    reason: Missing output files: /mnt/seaes01-data01/nixon-microbiome/shared/bioinformatic_toolkit/output_repository/N1_tpm/N1_scaffold_filtered.fa; Input files updated by another job: /mnt/seaes01-data01/nixon-microbiome/shared/bioinformatic_toolkit/output_repository/N1_tpm/N1_contigs_IDs_cut.fasta
    wildcards: sample=N1
    threads: 20
    resources: tmpdir=/tmp

python /mnt/seaes01-data01/nixon-microbiome/shared/scripts/pullseq_python3.py -i /mnt/seaes01-data01/nixon-microbiome/shared/bioinformatic_toolkit/output_repository/N1_tpm/N1_contigs_IDs_cut.fasta -o /mnt/seaes01-data01/nixon-microbiome/shared/bioinformatic_toolkit/output_repository/N1_tpm/N1_scaffold_filtered.fa -m 100

[Wed Nov 27 21:08:33 2024]
rule bin_refinement:
    input: /mnt/seaes01-data01/nixon-microbiome/shared/bioinformatic_toolkit/output_repository/O3_mags_bins/concoct_bins, /mnt/seaes01-data01/nixon-microbiome/shared/bioinformatic_toolkit/output_repository/O3_mags_bins/maxbin2_bins, /mnt/seaes01-data01/nixon-microbiome/shared/bioinformatic_toolkit/output_repository/O3_mags_bins/metabat2_bins
    output: /mnt/seaes01-data01/nixon-microbiome/shared/bioinformatic_toolkit/output_repository/O3_refined_mag_directory, /mnt/seaes01-data01/nixon-microbiome/shared/bioinformatic_toolkit/output_repository/O3_refined_mag_directory/metawrap_50_10_bins
    jobid: 99
    reason: Missing output files: /mnt/seaes01-data01/nixon-microbiome/shared/bioinformatic_toolkit/output_repository/O3_refined_mag_directory, /mnt/seaes01-data01/nixon-microbiome/shared/bioinformatic_toolkit/output_repository/O3_refined_mag_directory/metawrap_50_10_bins; Input files updated by another job: /mnt/seaes01-data01/nixon-microbiome/shared/bioinformatic_toolkit/output_repository/O3_mags_bins/concoct_bins, /mnt/seaes01-data01/nixon-microbiome/shared/bioinformatic_toolkit/output_repository/O3_mags_bins/maxbin2_bins, /mnt/seaes01-data01/nixon-microbiome/shared/bioinformatic_toolkit/output_repository/O3_mags_bins/metabat2_bins
    wildcards: sample=O3
    threads: 20
    resources: tmpdir=/tmp


        metawrap bin_refinement -o /mnt/seaes01-data01/nixon-microbiome/shared/bioinformatic_toolkit/output_repository/O3_refined_mag_directory -t 20 -A /mnt/seaes01-data01/nixon-microbiome/shared/bioinformatic_toolkit/output_repository/O3_mags_bins/concoct_bins -B /mnt/seaes01-data01/nixon-microbiome/shared/bioinformatic_toolkit/output_repository/O3_mags_bins/maxbin2_bins -C /mnt/seaes01-data01/nixon-microbiome/shared/bioinformatic_toolkit/output_repository/O3_mags_bins/metabat2_bins -c 50 -x 10
        

[Wed Nov 27 21:08:33 2024]
rule genomad_end_to_end:
    input: /mnt/seaes01-data01/nixon-microbiome/shared/bioinformatic_toolkit/output_repository/F3_assembly/contigs.fasta
    output: /mnt/seaes01-data01/nixon-microbiome/shared/bioinformatic_toolkit/output_repository/F3_genomad
    jobid: 313
    reason: Missing output files: /mnt/seaes01-data01/nixon-microbiome/shared/bioinformatic_toolkit/output_repository/F3_genomad; Input files updated by another job: /mnt/seaes01-data01/nixon-microbiome/shared/bioinformatic_toolkit/output_repository/F3_assembly/contigs.fasta
    wildcards: sample=F3
    threads: 20
    resources: tmpdir=/tmp


        genomad end-to-end --enable-score-calibration --cleanup --splits 8 /mnt/seaes01-data01/nixon-microbiome/shared/bioinformatic_toolkit/output_repository/F3_assembly/contigs.fasta /mnt/seaes01-data01/nixon-microbiome/shared/bioinformatic_toolkit/output_repository/F3_genomad /mnt/data/genomad_db_v1.7
        

[Wed Nov 27 21:08:33 2024]
rule kaiju_table_Class:
    input: /mnt/seaes01-data01/nixon-microbiome/shared/bioinformatic_toolkit/output_repository/F3_kaiju_refseq
    output: /mnt/seaes01-data01/nixon-microbiome/shared/bioinformatic_toolkit/output_repository/F3_CLASS_kaiju.table
    jobid: 135
    reason: Missing output files: /mnt/seaes01-data01/nixon-microbiome/shared/bioinformatic_toolkit/output_repository/F3_CLASS_kaiju.table; Input files updated by another job: /mnt/seaes01-data01/nixon-microbiome/shared/bioinformatic_toolkit/output_repository/F3_kaiju_refseq
    wildcards: sample=F3
    threads: 20
    resources: tmpdir=/tmp


        kaiju2table -t /mnt/seaes01-data01/nixon-microbiome/shared/kaiju_databases/kaiju_db_nr_euk_2023-05-10/nodes.dmp                     -n /mnt/seaes01-data01/nixon-microbiome/shared/kaiju_databases/kaiju_db_nr_euk_2023-05-10/names.dmp                     -r class -u -o /mnt/seaes01-data01/nixon-microbiome/shared/bioinformatic_toolkit/output_repository/F3_CLASS_kaiju.table /mnt/seaes01-data01/nixon-microbiome/shared/bioinformatic_toolkit/output_repository/F3_kaiju_refseq
        

[Wed Nov 27 21:08:33 2024]
rule cut_IDs:
    input: /mnt/seaes01-data01/nixon-microbiome/shared/bioinformatic_toolkit/output_repository/F2_assembly/contigs.fasta
    output: /mnt/seaes01-data01/nixon-microbiome/shared/bioinformatic_toolkit/output_repository/F2_tpm/F2_contigs_IDs_cut.fasta
    jobid: 182
    reason: Missing output files: /mnt/seaes01-data01/nixon-microbiome/shared/bioinformatic_toolkit/output_repository/F2_tpm/F2_contigs_IDs_cut.fasta; Input files updated by another job: /mnt/seaes01-data01/nixon-microbiome/shared/bioinformatic_toolkit/output_repository/F2_assembly/contigs.fasta
    wildcards: sample=F2
    threads: 20
    resources: tmpdir=/tmp

cut -d 'l' -f1 /mnt/seaes01-data01/nixon-microbiome/shared/bioinformatic_toolkit/output_repository/F2_assembly/contigs.fasta > /mnt/seaes01-data01/nixon-microbiome/shared/bioinformatic_toolkit/output_repository/F2_tpm/F2_contigs_IDs_cut.fasta

[Wed Nov 27 21:08:33 2024]
rule tpm_prokka:
    input: /mnt/seaes01-data01/nixon-microbiome/shared/bioinformatic_toolkit/output_repository/N3_tpm/N3_scaffold_filtered.fa
    output: /mnt/seaes01-data01/nixon-microbiome/shared/bioinformatic_toolkit/output_repository/N3_tpm/N3_tpm_prokka, /mnt/seaes01-data01/nixon-microbiome/shared/bioinformatic_toolkit/output_repository/N3_tpm/N3_tpm_prokka/N3_filtered_prokka.gff, /mnt/seaes01-data01/nixon-microbiome/shared/bioinformatic_toolkit/output_repository/N3_tpm/N3_tpm_prokka/N3_filtered_prokka.tsv, /mnt/seaes01-data01/nixon-microbiome/shared/bioinformatic_toolkit/output_repository/N3_tpm/N3_tpm_prokka/N3_filtered_prokka.faa
    jobid: 236
    reason: Missing output files: /mnt/seaes01-data01/nixon-microbiome/shared/bioinformatic_toolkit/output_repository/N3_tpm/N3_tpm_prokka/N3_filtered_prokka.gff, /mnt/seaes01-data01/nixon-microbiome/shared/bioinformatic_toolkit/output_repository/N3_tpm/N3_tpm_prokka/N3_filtered_prokka.faa, /mnt/seaes01-data01/nixon-microbiome/shared/bioinformatic_toolkit/output_repository/N3_tpm/N3_tpm_prokka/N3_filtered_prokka.tsv; Input files updated by another job: /mnt/seaes01-data01/nixon-microbiome/shared/bioinformatic_toolkit/output_repository/N3_tpm/N3_scaffold_filtered.fa
    wildcards: sample=N3
    threads: 20
    resources: tmpdir=/tmp


        prokka --outdir /mnt/seaes01-data01/nixon-microbiome/shared/bioinformatic_toolkit/output_repository/N3_tpm/N3_tpm_prokka                --prefix N3_filtered_prokka                --force --cpus 20 --metagenome /mnt/seaes01-data01/nixon-microbiome/shared/bioinformatic_toolkit/output_repository/N3_tpm/N3_scaffold_filtered.fa
        

[Wed Nov 27 21:08:33 2024]
rule metawrap_bin:
    input: /mnt/seaes01-data01/nixon-microbiome/shared/bioinformatic_toolkit/output_repository/F2_assembly/contigs.fasta, /mnt/seaes01-data01/nixon-microbiome/shared/bioinformatic_toolkit/output_repository/temp/F2_sym_1.fastq, /mnt/seaes01-data01/nixon-microbiome/shared/bioinformatic_toolkit/output_repository/temp/F2_sym_2.fastq
    output: /mnt/seaes01-data01/nixon-microbiome/shared/bioinformatic_toolkit/output_repository/F2_mags_bins, /mnt/seaes01-data01/nixon-microbiome/shared/bioinformatic_toolkit/output_repository/F2_mags_bins/concoct_bins, /mnt/seaes01-data01/nixon-microbiome/shared/bioinformatic_toolkit/output_repository/F2_mags_bins/maxbin2_bins, /mnt/seaes01-data01/nixon-microbiome/shared/bioinformatic_toolkit/output_repository/F2_mags_bins/metabat2_bins
    jobid: 73
    reason: Missing output files: /mnt/seaes01-data01/nixon-microbiome/shared/bioinformatic_toolkit/output_repository/F2_mags_bins/metabat2_bins, /mnt/seaes01-data01/nixon-microbiome/shared/bioinformatic_toolkit/output_repository/F2_mags_bins/concoct_bins, /mnt/seaes01-data01/nixon-microbiome/shared/bioinformatic_toolkit/output_repository/F2_mags_bins/maxbin2_bins; Input files updated by another job: /mnt/seaes01-data01/nixon-microbiome/shared/bioinformatic_toolkit/output_repository/temp/F2_sym_1.fastq, /mnt/seaes01-data01/nixon-microbiome/shared/bioinformatic_toolkit/output_repository/F2_assembly/contigs.fasta, /mnt/seaes01-data01/nixon-microbiome/shared/bioinformatic_toolkit/output_repository/temp/F2_sym_2.fastq
    wildcards: sample=F2
    threads: 20
    resources: tmpdir=/tmp


	checkm data setRoot /mnt/seaes01-data01/nixon-microbiome/shared/databases1/checkm        
	metawrap binning -o /mnt/seaes01-data01/nixon-microbiome/shared/bioinformatic_toolkit/output_repository/F2_mags_bins -a /mnt/seaes01-data01/nixon-microbiome/shared/bioinformatic_toolkit/output_repository/F2_assembly/contigs.fasta -t 20         --maxbin2 --metabat2 --concoct --universal /mnt/seaes01-data01/nixon-microbiome/shared/bioinformatic_toolkit/output_repository/temp/F2_sym_1.fastq /mnt/seaes01-data01/nixon-microbiome/shared/bioinformatic_toolkit/output_repository/temp/F2_sym_2.fastq
        

[Wed Nov 27 21:08:33 2024]
rule filter_seq:
    input: /mnt/seaes01-data01/nixon-microbiome/shared/bioinformatic_toolkit/output_repository/N2_tpm/N2_contigs_IDs_cut.fasta
    output: /mnt/seaes01-data01/nixon-microbiome/shared/bioinformatic_toolkit/output_repository/N2_tpm/N2_scaffold_filtered.fa
    jobid: 223
    reason: Missing output files: /mnt/seaes01-data01/nixon-microbiome/shared/bioinformatic_toolkit/output_repository/N2_tpm/N2_scaffold_filtered.fa; Input files updated by another job: /mnt/seaes01-data01/nixon-microbiome/shared/bioinformatic_toolkit/output_repository/N2_tpm/N2_contigs_IDs_cut.fasta
    wildcards: sample=N2
    threads: 20
    resources: tmpdir=/tmp

python /mnt/seaes01-data01/nixon-microbiome/shared/scripts/pullseq_python3.py -i /mnt/seaes01-data01/nixon-microbiome/shared/bioinformatic_toolkit/output_repository/N2_tpm/N2_contigs_IDs_cut.fasta -o /mnt/seaes01-data01/nixon-microbiome/shared/bioinformatic_toolkit/output_repository/N2_tpm/N2_scaffold_filtered.fa -m 100

[Wed Nov 27 21:08:33 2024]
rule antismash:
    input: /mnt/seaes01-data01/nixon-microbiome/shared/bioinformatic_toolkit/output_repository/O2_assembly/contigs.fasta
    output: /mnt/seaes01-data01/nixon-microbiome/shared/bioinformatic_toolkit/output_repository/O2_antismash, /mnt/seaes01-data01/nixon-microbiome/shared/bioinformatic_toolkit/output_repository/O2_antismash/knownclusterblastoutput.txt
    jobid: 328
    reason: Missing output files: /mnt/seaes01-data01/nixon-microbiome/shared/bioinformatic_toolkit/output_repository/O2_antismash/knownclusterblastoutput.txt; Input files updated by another job: /mnt/seaes01-data01/nixon-microbiome/shared/bioinformatic_toolkit/output_repository/O2_assembly/contigs.fasta
    wildcards: sample=O2
    threads: 20
    resources: tmpdir=/tmp


        antismash --cpus 20                   --genefinding-tool prodigal                   --allow-long-headers                   --cb-knownclusters                   --output-dir /mnt/seaes01-data01/nixon-microbiome/shared/bioinformatic_toolkit/output_repository/O2_antismash                   /mnt/seaes01-data01/nixon-microbiome/shared/bioinformatic_toolkit/output_repository/O2_assembly/contigs.fasta
        

[Wed Nov 27 21:08:33 2024]
rule bin_refinement:
    input: /mnt/seaes01-data01/nixon-microbiome/shared/bioinformatic_toolkit/output_repository/O4_mags_bins/concoct_bins, /mnt/seaes01-data01/nixon-microbiome/shared/bioinformatic_toolkit/output_repository/O4_mags_bins/maxbin2_bins, /mnt/seaes01-data01/nixon-microbiome/shared/bioinformatic_toolkit/output_repository/O4_mags_bins/metabat2_bins
    output: /mnt/seaes01-data01/nixon-microbiome/shared/bioinformatic_toolkit/output_repository/O4_refined_mag_directory, /mnt/seaes01-data01/nixon-microbiome/shared/bioinformatic_toolkit/output_repository/O4_refined_mag_directory/metawrap_50_10_bins
    jobid: 100
    reason: Missing output files: /mnt/seaes01-data01/nixon-microbiome/shared/bioinformatic_toolkit/output_repository/O4_refined_mag_directory, /mnt/seaes01-data01/nixon-microbiome/shared/bioinformatic_toolkit/output_repository/O4_refined_mag_directory/metawrap_50_10_bins; Input files updated by another job: /mnt/seaes01-data01/nixon-microbiome/shared/bioinformatic_toolkit/output_repository/O4_mags_bins/concoct_bins, /mnt/seaes01-data01/nixon-microbiome/shared/bioinformatic_toolkit/output_repository/O4_mags_bins/maxbin2_bins, /mnt/seaes01-data01/nixon-microbiome/shared/bioinformatic_toolkit/output_repository/O4_mags_bins/metabat2_bins
    wildcards: sample=O4
    threads: 20
    resources: tmpdir=/tmp


        metawrap bin_refinement -o /mnt/seaes01-data01/nixon-microbiome/shared/bioinformatic_toolkit/output_repository/O4_refined_mag_directory -t 20 -A /mnt/seaes01-data01/nixon-microbiome/shared/bioinformatic_toolkit/output_repository/O4_mags_bins/concoct_bins -B /mnt/seaes01-data01/nixon-microbiome/shared/bioinformatic_toolkit/output_repository/O4_mags_bins/maxbin2_bins -C /mnt/seaes01-data01/nixon-microbiome/shared/bioinformatic_toolkit/output_repository/O4_mags_bins/metabat2_bins -c 50 -x 10
        

[Wed Nov 27 21:08:33 2024]
rule cut_IDs:
    input: /mnt/seaes01-data01/nixon-microbiome/shared/bioinformatic_toolkit/output_repository/F3_assembly/contigs.fasta
    output: /mnt/seaes01-data01/nixon-microbiome/shared/bioinformatic_toolkit/output_repository/F3_tpm/F3_contigs_IDs_cut.fasta
    jobid: 196
    reason: Missing output files: /mnt/seaes01-data01/nixon-microbiome/shared/bioinformatic_toolkit/output_repository/F3_tpm/F3_contigs_IDs_cut.fasta; Input files updated by another job: /mnt/seaes01-data01/nixon-microbiome/shared/bioinformatic_toolkit/output_repository/F3_assembly/contigs.fasta
    wildcards: sample=F3
    threads: 20
    resources: tmpdir=/tmp

cut -d 'l' -f1 /mnt/seaes01-data01/nixon-microbiome/shared/bioinformatic_toolkit/output_repository/F3_assembly/contigs.fasta > /mnt/seaes01-data01/nixon-microbiome/shared/bioinformatic_toolkit/output_repository/F3_tpm/F3_contigs_IDs_cut.fasta

[Wed Nov 27 21:08:33 2024]
rule tpm_prokka:
    input: /mnt/seaes01-data01/nixon-microbiome/shared/bioinformatic_toolkit/output_repository/O1_tpm/O1_scaffold_filtered.fa
    output: /mnt/seaes01-data01/nixon-microbiome/shared/bioinformatic_toolkit/output_repository/O1_tpm/O1_tpm_prokka, /mnt/seaes01-data01/nixon-microbiome/shared/bioinformatic_toolkit/output_repository/O1_tpm/O1_tpm_prokka/O1_filtered_prokka.gff, /mnt/seaes01-data01/nixon-microbiome/shared/bioinformatic_toolkit/output_repository/O1_tpm/O1_tpm_prokka/O1_filtered_prokka.tsv, /mnt/seaes01-data01/nixon-microbiome/shared/bioinformatic_toolkit/output_repository/O1_tpm/O1_tpm_prokka/O1_filtered_prokka.faa
    jobid: 250
    reason: Missing output files: /mnt/seaes01-data01/nixon-microbiome/shared/bioinformatic_toolkit/output_repository/O1_tpm/O1_tpm_prokka/O1_filtered_prokka.tsv, /mnt/seaes01-data01/nixon-microbiome/shared/bioinformatic_toolkit/output_repository/O1_tpm/O1_tpm_prokka/O1_filtered_prokka.faa, /mnt/seaes01-data01/nixon-microbiome/shared/bioinformatic_toolkit/output_repository/O1_tpm/O1_tpm_prokka/O1_filtered_prokka.gff; Input files updated by another job: /mnt/seaes01-data01/nixon-microbiome/shared/bioinformatic_toolkit/output_repository/O1_tpm/O1_scaffold_filtered.fa
    wildcards: sample=O1
    threads: 20
    resources: tmpdir=/tmp


        prokka --outdir /mnt/seaes01-data01/nixon-microbiome/shared/bioinformatic_toolkit/output_repository/O1_tpm/O1_tpm_prokka                --prefix O1_filtered_prokka                --force --cpus 20 --metagenome /mnt/seaes01-data01/nixon-microbiome/shared/bioinformatic_toolkit/output_repository/O1_tpm/O1_scaffold_filtered.fa
        

[Wed Nov 27 21:08:33 2024]
rule antismash:
    input: /mnt/seaes01-data01/nixon-microbiome/shared/bioinformatic_toolkit/output_repository/F2_assembly/contigs.fasta
    output: /mnt/seaes01-data01/nixon-microbiome/shared/bioinformatic_toolkit/output_repository/F2_antismash, /mnt/seaes01-data01/nixon-microbiome/shared/bioinformatic_toolkit/output_repository/F2_antismash/knownclusterblastoutput.txt
    jobid: 322
    reason: Missing output files: /mnt/seaes01-data01/nixon-microbiome/shared/bioinformatic_toolkit/output_repository/F2_antismash/knownclusterblastoutput.txt; Input files updated by another job: /mnt/seaes01-data01/nixon-microbiome/shared/bioinformatic_toolkit/output_repository/F2_assembly/contigs.fasta
    wildcards: sample=F2
    threads: 20
    resources: tmpdir=/tmp


        antismash --cpus 20                   --genefinding-tool prodigal                   --allow-long-headers                   --cb-knownclusters                   --output-dir /mnt/seaes01-data01/nixon-microbiome/shared/bioinformatic_toolkit/output_repository/F2_antismash                   /mnt/seaes01-data01/nixon-microbiome/shared/bioinformatic_toolkit/output_repository/F2_assembly/contigs.fasta
        

[Wed Nov 27 21:08:33 2024]
rule filter_seq_contigs:
    input: /mnt/seaes01-data01/nixon-microbiome/shared/bioinformatic_toolkit/output_repository/N2_contigs_IDs_trimmed.fasta
    output: /mnt/seaes01-data01/nixon-microbiome/shared/bioinformatic_toolkit/output_repository/N2_contigs_filtered_500.fa
    jobid: 44
    reason: Missing output files: /mnt/seaes01-data01/nixon-microbiome/shared/bioinformatic_toolkit/output_repository/N2_contigs_filtered_500.fa; Input files updated by another job: /mnt/seaes01-data01/nixon-microbiome/shared/bioinformatic_toolkit/output_repository/N2_contigs_IDs_trimmed.fasta
    wildcards: sample=N2
    threads: 20
    resources: tmpdir=/tmp

python /mnt/seaes01-data01/nixon-microbiome/shared/scripts/pullseq_python3.py -i /mnt/seaes01-data01/nixon-microbiome/shared/bioinformatic_toolkit/output_repository/N2_contigs_IDs_trimmed.fasta -o /mnt/seaes01-data01/nixon-microbiome/shared/bioinformatic_toolkit/output_repository/N2_contigs_filtered_500.fa -m 500

[Wed Nov 27 21:08:33 2024]
rule bin_refinement:
    input: /mnt/seaes01-data01/nixon-microbiome/shared/bioinformatic_toolkit/output_repository/N1_mags_bins/concoct_bins, /mnt/seaes01-data01/nixon-microbiome/shared/bioinformatic_toolkit/output_repository/N1_mags_bins/maxbin2_bins, /mnt/seaes01-data01/nixon-microbiome/shared/bioinformatic_toolkit/output_repository/N1_mags_bins/metabat2_bins
    output: /mnt/seaes01-data01/nixon-microbiome/shared/bioinformatic_toolkit/output_repository/N1_refined_mag_directory, /mnt/seaes01-data01/nixon-microbiome/shared/bioinformatic_toolkit/output_repository/N1_refined_mag_directory/metawrap_50_10_bins
    jobid: 94
    reason: Missing output files: /mnt/seaes01-data01/nixon-microbiome/shared/bioinformatic_toolkit/output_repository/N1_refined_mag_directory/metawrap_50_10_bins, /mnt/seaes01-data01/nixon-microbiome/shared/bioinformatic_toolkit/output_repository/N1_refined_mag_directory; Input files updated by another job: /mnt/seaes01-data01/nixon-microbiome/shared/bioinformatic_toolkit/output_repository/N1_mags_bins/metabat2_bins, /mnt/seaes01-data01/nixon-microbiome/shared/bioinformatic_toolkit/output_repository/N1_mags_bins/concoct_bins, /mnt/seaes01-data01/nixon-microbiome/shared/bioinformatic_toolkit/output_repository/N1_mags_bins/maxbin2_bins
    wildcards: sample=N1
    threads: 20
    resources: tmpdir=/tmp


        metawrap bin_refinement -o /mnt/seaes01-data01/nixon-microbiome/shared/bioinformatic_toolkit/output_repository/N1_refined_mag_directory -t 20 -A /mnt/seaes01-data01/nixon-microbiome/shared/bioinformatic_toolkit/output_repository/N1_mags_bins/concoct_bins -B /mnt/seaes01-data01/nixon-microbiome/shared/bioinformatic_toolkit/output_repository/N1_mags_bins/maxbin2_bins -C /mnt/seaes01-data01/nixon-microbiome/shared/bioinformatic_toolkit/output_repository/N1_mags_bins/metabat2_bins -c 50 -x 10
        

[Wed Nov 27 21:08:33 2024]
rule cut:
    input: /mnt/seaes01-data01/nixon-microbiome/shared/bioinformatic_toolkit/output_repository/F2_assembly/contigs.fasta
    output: /mnt/seaes01-data01/nixon-microbiome/shared/bioinformatic_toolkit/output_repository/F2_contigs_IDs_trimmed.fasta
    jobid: 36
    reason: Missing output files: /mnt/seaes01-data01/nixon-microbiome/shared/bioinformatic_toolkit/output_repository/F2_contigs_IDs_trimmed.fasta; Input files updated by another job: /mnt/seaes01-data01/nixon-microbiome/shared/bioinformatic_toolkit/output_repository/F2_assembly/contigs.fasta
    wildcards: sample=F2
    threads: 20
    resources: tmpdir=/tmp

cut -d 'l' -f1 /mnt/seaes01-data01/nixon-microbiome/shared/bioinformatic_toolkit/output_repository/F2_assembly/contigs.fasta > /mnt/seaes01-data01/nixon-microbiome/shared/bioinformatic_toolkit/output_repository/F2_contigs_IDs_trimmed.fasta

[Wed Nov 27 21:08:33 2024]
rule bowtie_build:
    input: /mnt/seaes01-data01/nixon-microbiome/shared/bioinformatic_toolkit/output_repository/N3_tpm/N3_scaffold_filtered.fa
    output: /mnt/seaes01-data01/nixon-microbiome/shared/bioinformatic_toolkit/output_repository/N3_tpm/N3_index.done
    jobid: 243
    reason: Missing output files: /mnt/seaes01-data01/nixon-microbiome/shared/bioinformatic_toolkit/output_repository/N3_tpm/N3_index.done; Input files updated by another job: /mnt/seaes01-data01/nixon-microbiome/shared/bioinformatic_toolkit/output_repository/N3_tpm/N3_scaffold_filtered.fa
    wildcards: sample=N3
    threads: 20
    resources: tmpdir=/tmp

bowtie2-build /mnt/seaes01-data01/nixon-microbiome/shared/bioinformatic_toolkit/output_repository/N3_tpm/N3_scaffold_filtered.fa /mnt/seaes01-data01/nixon-microbiome/shared/bioinformatic_toolkit/output_repository/N3_tpm/N3_scaffold_filtered.fa && echo done > /mnt/seaes01-data01/nixon-microbiome/shared/bioinformatic_toolkit/output_repository/N3_tpm/N3_index.done

[Wed Nov 27 21:08:33 2024]
rule metaquast:
    input: /mnt/seaes01-data01/nixon-microbiome/shared/bioinformatic_toolkit/output_repository/O1_contigs_filtered_500.fa
    output: /mnt/seaes01-data01/nixon-microbiome/shared/bioinformatic_toolkit/output_repository/O1_quast_report
    log: /mnt/seaes01-data01/nixon-microbiome/shared/bioinformatic_toolkit/output_repository/O1_quast.log
    jobid: 67
    reason: Missing output files: /mnt/seaes01-data01/nixon-microbiome/shared/bioinformatic_toolkit/output_repository/O1_quast_report; Input files updated by another job: /mnt/seaes01-data01/nixon-microbiome/shared/bioinformatic_toolkit/output_repository/O1_contigs_filtered_500.fa
    wildcards: sample=O1
    threads: 20
    resources: tmpdir=/tmp


        metaquast.py --threads 20 -o /mnt/seaes01-data01/nixon-microbiome/shared/bioinformatic_toolkit/output_repository/O1_quast_report /mnt/seaes01-data01/nixon-microbiome/shared/bioinformatic_toolkit/output_repository/O1_contigs_filtered_500.fa
        

[Wed Nov 27 21:08:33 2024]
rule filter_seq_contigs:
    input: /mnt/seaes01-data01/nixon-microbiome/shared/bioinformatic_toolkit/output_repository/O4_contigs_IDs_trimmed.fasta
    output: /mnt/seaes01-data01/nixon-microbiome/shared/bioinformatic_toolkit/output_repository/O4_contigs_filtered_500.fa
    jobid: 59
    reason: Missing output files: /mnt/seaes01-data01/nixon-microbiome/shared/bioinformatic_toolkit/output_repository/O4_contigs_filtered_500.fa; Input files updated by another job: /mnt/seaes01-data01/nixon-microbiome/shared/bioinformatic_toolkit/output_repository/O4_contigs_IDs_trimmed.fasta
    wildcards: sample=O4
    threads: 20
    resources: tmpdir=/tmp

python /mnt/seaes01-data01/nixon-microbiome/shared/scripts/pullseq_python3.py -i /mnt/seaes01-data01/nixon-microbiome/shared/bioinformatic_toolkit/output_repository/O4_contigs_IDs_trimmed.fasta -o /mnt/seaes01-data01/nixon-microbiome/shared/bioinformatic_toolkit/output_repository/O4_contigs_filtered_500.fa -m 500

[Wed Nov 27 21:08:33 2024]
rule antismash:
    input: /mnt/seaes01-data01/nixon-microbiome/shared/bioinformatic_toolkit/output_repository/F3_assembly/contigs.fasta
    output: /mnt/seaes01-data01/nixon-microbiome/shared/bioinformatic_toolkit/output_repository/F3_antismash, /mnt/seaes01-data01/nixon-microbiome/shared/bioinformatic_toolkit/output_repository/F3_antismash/knownclusterblastoutput.txt
    jobid: 323
    reason: Missing output files: /mnt/seaes01-data01/nixon-microbiome/shared/bioinformatic_toolkit/output_repository/F3_antismash/knownclusterblastoutput.txt; Input files updated by another job: /mnt/seaes01-data01/nixon-microbiome/shared/bioinformatic_toolkit/output_repository/F3_assembly/contigs.fasta
    wildcards: sample=F3
    threads: 20
    resources: tmpdir=/tmp


        antismash --cpus 20                   --genefinding-tool prodigal                   --allow-long-headers                   --cb-knownclusters                   --output-dir /mnt/seaes01-data01/nixon-microbiome/shared/bioinformatic_toolkit/output_repository/F3_antismash                   /mnt/seaes01-data01/nixon-microbiome/shared/bioinformatic_toolkit/output_repository/F3_assembly/contigs.fasta
        

[Wed Nov 27 21:08:33 2024]
rule kaiju_table_Genus:
    input: /mnt/seaes01-data01/nixon-microbiome/shared/bioinformatic_toolkit/output_repository/O2_kaiju_refseq
    output: /mnt/seaes01-data01/nixon-microbiome/shared/bioinformatic_toolkit/output_repository/O2_GENUS_kaiju.table
    jobid: 158
    reason: Missing output files: /mnt/seaes01-data01/nixon-microbiome/shared/bioinformatic_toolkit/output_repository/O2_GENUS_kaiju.table; Input files updated by another job: /mnt/seaes01-data01/nixon-microbiome/shared/bioinformatic_toolkit/output_repository/O2_kaiju_refseq
    wildcards: sample=O2
    threads: 20
    resources: tmpdir=/tmp


        kaiju2table -t /mnt/seaes01-data01/nixon-microbiome/shared/kaiju_databases/kaiju_db_nr_euk_2023-05-10/nodes.dmp                     -n /mnt/seaes01-data01/nixon-microbiome/shared/kaiju_databases/kaiju_db_nr_euk_2023-05-10/names.dmp                     -r genus -u -o /mnt/seaes01-data01/nixon-microbiome/shared/bioinformatic_toolkit/output_repository/O2_GENUS_kaiju.table /mnt/seaes01-data01/nixon-microbiome/shared/bioinformatic_toolkit/output_repository/O2_kaiju_refseq
        

[Wed Nov 27 21:08:33 2024]
rule bin_refinement:
    input: /mnt/seaes01-data01/nixon-microbiome/shared/bioinformatic_toolkit/output_repository/N2_mags_bins/concoct_bins, /mnt/seaes01-data01/nixon-microbiome/shared/bioinformatic_toolkit/output_repository/N2_mags_bins/maxbin2_bins, /mnt/seaes01-data01/nixon-microbiome/shared/bioinformatic_toolkit/output_repository/N2_mags_bins/metabat2_bins
    output: /mnt/seaes01-data01/nixon-microbiome/shared/bioinformatic_toolkit/output_repository/N2_refined_mag_directory, /mnt/seaes01-data01/nixon-microbiome/shared/bioinformatic_toolkit/output_repository/N2_refined_mag_directory/metawrap_50_10_bins
    jobid: 95
    reason: Missing output files: /mnt/seaes01-data01/nixon-microbiome/shared/bioinformatic_toolkit/output_repository/N2_refined_mag_directory/metawrap_50_10_bins, /mnt/seaes01-data01/nixon-microbiome/shared/bioinformatic_toolkit/output_repository/N2_refined_mag_directory; Input files updated by another job: /mnt/seaes01-data01/nixon-microbiome/shared/bioinformatic_toolkit/output_repository/N2_mags_bins/concoct_bins, /mnt/seaes01-data01/nixon-microbiome/shared/bioinformatic_toolkit/output_repository/N2_mags_bins/metabat2_bins, /mnt/seaes01-data01/nixon-microbiome/shared/bioinformatic_toolkit/output_repository/N2_mags_bins/maxbin2_bins
    wildcards: sample=N2
    threads: 20
    resources: tmpdir=/tmp


        metawrap bin_refinement -o /mnt/seaes01-data01/nixon-microbiome/shared/bioinformatic_toolkit/output_repository/N2_refined_mag_directory -t 20 -A /mnt/seaes01-data01/nixon-microbiome/shared/bioinformatic_toolkit/output_repository/N2_mags_bins/concoct_bins -B /mnt/seaes01-data01/nixon-microbiome/shared/bioinformatic_toolkit/output_repository/N2_mags_bins/maxbin2_bins -C /mnt/seaes01-data01/nixon-microbiome/shared/bioinformatic_toolkit/output_repository/N2_mags_bins/metabat2_bins -c 50 -x 10
        
Would remove temporary output /mnt/seaes01-data01/nixon-microbiome/shared/bioinformatic_toolkit/output_repository/temp/F3_sym_1.fastq
Would remove temporary output /mnt/seaes01-data01/nixon-microbiome/shared/bioinformatic_toolkit/output_repository/temp/F3_sym_2.fastq
Would remove temporary output /mnt/seaes01-data01/nixon-microbiome/shared/bioinformatic_toolkit/output_repository/temp/O2_sym_1.fastq
Would remove temporary output /mnt/seaes01-data01/nixon-microbiome/shared/bioinformatic_toolkit/output_repository/temp/O2_sym_2.fastq
Would remove temporary output /mnt/seaes01-data01/nixon-microbiome/shared/bioinformatic_toolkit/output_repository/temp/F2_sym_1.fastq
Would remove temporary output /mnt/seaes01-data01/nixon-microbiome/shared/bioinformatic_toolkit/output_repository/temp/F2_sym_2.fastq

[Wed Nov 27 21:08:33 2024]
rule prokka:
    input: /mnt/seaes01-data01/nixon-microbiome/shared/bioinformatic_toolkit/output_repository/F1_contigs_filtered_500.fa
    output: /mnt/seaes01-data01/nixon-microbiome/shared/bioinformatic_toolkit/output_repository/F1_prokka, /mnt/seaes01-data01/nixon-microbiome/shared/bioinformatic_toolkit/output_repository/F1_prokka/F1_annotated.gff, /mnt/seaes01-data01/nixon-microbiome/shared/bioinformatic_toolkit/output_repository/F1_prokka/F1_annotated.tsv, /mnt/seaes01-data01/nixon-microbiome/shared/bioinformatic_toolkit/output_repository/F1_prokka/F1_annotated.faa
    jobid: 31
    reason: Missing output files: /mnt/seaes01-data01/nixon-microbiome/shared/bioinformatic_toolkit/output_repository/F1_prokka/F1_annotated.gff, /mnt/seaes01-data01/nixon-microbiome/shared/bioinformatic_toolkit/output_repository/F1_prokka/F1_annotated.tsv, /mnt/seaes01-data01/nixon-microbiome/shared/bioinformatic_toolkit/output_repository/F1_prokka/F1_annotated.faa; Input files updated by another job: /mnt/seaes01-data01/nixon-microbiome/shared/bioinformatic_toolkit/output_repository/F1_contigs_filtered_500.fa
    wildcards: sample=F1
    threads: 20
    resources: tmpdir=/tmp


        prokka --outdir /mnt/seaes01-data01/nixon-microbiome/shared/bioinformatic_toolkit/output_repository/F1_prokka                --prefix F1_annotated                --force --cpus 20 --metagenome /mnt/seaes01-data01/nixon-microbiome/shared/bioinformatic_toolkit/output_repository/F1_contigs_filtered_500.fa
        

[Wed Nov 27 21:08:33 2024]
rule kofam:
    input: /mnt/seaes01-data01/nixon-microbiome/shared/bioinformatic_toolkit/output_repository/O1_tpm/O1_tpm_prokka/O1_filtered_prokka.faa
    output: /mnt/seaes01-data01/nixon-microbiome/shared/bioinformatic_toolkit/output_repository/O1_tpm/O1_kofam_oneline.txt
    jobid: 258
    reason: Missing output files: /mnt/seaes01-data01/nixon-microbiome/shared/bioinformatic_toolkit/output_repository/O1_tpm/O1_kofam_oneline.txt; Input files updated by another job: /mnt/seaes01-data01/nixon-microbiome/shared/bioinformatic_toolkit/output_repository/O1_tpm/O1_tpm_prokka/O1_filtered_prokka.faa
    wildcards: sample=O1
    threads: 20
    resources: tmpdir=/tmp

RuleException in rule kofam  in line 45 of /mnt/seaes01-data01/nixon-microbiome/shared/bioinformatic_toolkit/tpm.smk:
NameError: The name 'kofam' is unknown in this context. Please make sure that you defined that variable. Also note that braces not used for variable access have to be escaped by repeating them, i.e. {{print $1}}, when formatting the following:
exec_annotation -o {kofam.output} -p /mnt/seaes01-data01/nixon-microbiome/shared/databases/kofam/profiles -k /mnt/seaes01-data01/nixon-microbiome/shared/databases/kofam/ko_list --cpu {threads} -f mapper-one-line --tmp-dir {wildcards.sample}_kofam_tmpdir {input}
