#
# There is insufficient memory for the Java Runtime Environment to continue.
# Native memory allocation (malloc) failed to allocate 128 bytes for AllocateHeap
# Possible reasons:
#   The system is out of physical RAM or swap space
#   The process is running with CompressedOops enabled, and the Java Heap may be blocking the growth of the native heap
# Possible solutions:
#   Reduce memory load on the system
#   Increase physical memory or swap space
#   Check if swap backing store is full
#   Decrease Java heap size (-Xmx/-Xms)
#   Decrease number of Java threads
#   Decrease Java thread stack sizes (-Xss)
#   Set larger code cache with -XX:ReservedCodeCacheSize=
#   JVM is running with Zero Based Compressed Oops mode in which the Java heap is
#     placed in the first 32GB address space. The Java Heap base address is the
#     maximum limit for the native heap growth. Please use -XX:HeapBaseMinAddress
#     to set the Java Heap base and to place the Java Heap above 32GB virtual address.
# This output file may be truncated or incomplete.
#
#  Out of Memory Error (allocation.inline.hpp:61), pid=46255, tid=0x00007f7ab8ece700
#
# JRE version: OpenJDK Runtime Environment (8.0_412-b08) (build 1.8.0_412-b08)
# Java VM: OpenJDK 64-Bit Server VM (25.412-b08 mixed mode linux-amd64 compressed oops)
# Failed to write core dump. Core dumps have been disabled. To enable core dumping, try "ulimit -c unlimited" before starting Java again
#

---------------  T H R E A D  ---------------

Current thread (0x00007f7b38184800):  JavaThread "C1 CompilerThread12" daemon [_thread_in_vm, id=46324, stack(0x00007f7ab8dcf000,0x00007f7ab8ecf000)]

Stack: [0x00007f7ab8dcf000,0x00007f7ab8ecf000],  sp=0x00007f7ab8eccf60,  free space=1015k
Native frames: (J=compiled Java code, j=interpreted, Vv=VM code, C=native code)
V  [libjvm.so+0xb6a76d]
V  [libjvm.so+0x50d40a]
V  [libjvm.so+0x48c918]
V  [libjvm.so+0x48cd12]
V  [libjvm.so+0x9079b7]
V  [libjvm.so+0x908250]
V  [libjvm.so+0x431d6a]
V  [libjvm.so+0x36d6b7]
V  [libjvm.so+0x36da52]
V  [libjvm.so+0x36e834]
V  [libjvm.so+0x4c09b2]
V  [libjvm.so+0x4c16e0]
V  [libjvm.so+0xb11d32]
V  [libjvm.so+0x942a62]
C  [libpthread.so.0+0x7ea5]


Current CompileTask:
C1:    252  474       3       com.sun.tools.javac.util.Name::<init> (10 bytes)


---------------  P R O C E S S  ---------------

Java Threads: ( => current thread )
  0x00007f7b38194000 JavaThread "Service Thread" daemon [_thread_blocked, id=46330, stack(0x00007f7ab8aca000,0x00007f7ab8bcb000)]
  0x00007f7b38189000 JavaThread "C1 CompilerThread14" daemon [_thread_blocked, id=46326, stack(0x00007f7ab8bcd000,0x00007f7ab8ccd000)]
  0x00007f7b38186800 JavaThread "C1 CompilerThread13" daemon [_thread_blocked, id=46325, stack(0x00007f7ab8cce000,0x00007f7ab8dce000)]
=>0x00007f7b38184800 JavaThread "C1 CompilerThread12" daemon [_thread_in_vm, id=46324, stack(0x00007f7ab8dcf000,0x00007f7ab8ecf000)]
  0x00007f7b38182000 JavaThread "C1 CompilerThread11" daemon [_thread_blocked, id=46323, stack(0x00007f7ab8ed0000,0x00007f7ab8fd0000)]
  0x00007f7b3817f800 JavaThread "C1 CompilerThread10" daemon [_thread_in_native, id=46322, stack(0x00007f7ab8fd1000,0x00007f7ab90d1000)]
  0x00007f7b3817d800 JavaThread "C2 CompilerThread9" daemon [_thread_blocked, id=46321, stack(0x00007f7ab90d2000,0x00007f7ab91d2000)]
  0x00007f7b3817b000 JavaThread "C2 CompilerThread8" daemon [_thread_blocked, id=46320, stack(0x00007f7ab91d3000,0x00007f7ab92d3000)]
  0x00007f7b38179000 JavaThread "C2 CompilerThread7" daemon [_thread_blocked, id=46319, stack(0x00007f7ab92d4000,0x00007f7ab93d4000)]
  0x00007f7b38176800 JavaThread "C2 CompilerThread6" daemon [_thread_blocked, id=46318, stack(0x00007f7ab93d5000,0x00007f7ab94d5000)]
  0x00007f7b38174800 JavaThread "C2 CompilerThread5" daemon [_thread_blocked, id=46317, stack(0x00007f7ab94d6000,0x00007f7ab95d6000)]
  0x00007f7b38172000 JavaThread "C2 CompilerThread4" daemon [_thread_blocked, id=46316, stack(0x00007f7ab95d7000,0x00007f7ab96d7000)]
  0x00007f7b38168000 JavaThread "C2 CompilerThread3" daemon [_thread_blocked, id=46315, stack(0x00007f7ab96d8000,0x00007f7ab97d8000)]
  0x00007f7b38165800 JavaThread "C2 CompilerThread2" daemon [_thread_blocked, id=46313, stack(0x00007f7ab97d9000,0x00007f7ab98d9000)]
  0x00007f7b38163800 JavaThread "C2 CompilerThread1" daemon [_thread_blocked, id=46311, stack(0x00007f7ab98da000,0x00007f7ab99da000)]
  0x00007f7b38161000 JavaThread "C2 CompilerThread0" daemon [_thread_blocked, id=46309, stack(0x00007f7ab99db000,0x00007f7ab9adb000)]
  0x00007f7b38150800 JavaThread "Signal Dispatcher" daemon [_thread_blocked, id=46307, stack(0x00007f7ab9adb000,0x00007f7ab9bdc000)]
  0x00007f7b38126000 JavaThread "Finalizer" daemon [_thread_blocked, id=46301, stack(0x00007f7ab9bdc000,0x00007f7ab9cdd000)]
  0x00007f7b38121000 JavaThread "Reference Handler" daemon [_thread_blocked, id=46300, stack(0x00007f7ab9cdd000,0x00007f7ab9dde000)]
  0x00007f7b3804c000 JavaThread "main" [_thread_blocked, id=46257, stack(0x00007f7b3fa62000,0x00007f7b3fb62000)]

Other Threads:
  0x00007f7b38117000 VMThread [stack: 0x00007f7ab9ddf000,0x00007f7ab9edf000] [id=46299]
  0x00007f7b38196800 WatcherThread [stack: 0x00007f7ab89c9000,0x00007f7ab8ac9000] [id=46331]

VM state:not at safepoint (normal execution)

VM Mutex/Monitor currently owned by a thread:  ([mutex/lock_event])
[0x00007f7b38048300] CodeCache_lock - owner thread: 0x00007f7b38184800
[0x00007f7b38049980] Compile_lock - owner thread: 0x00007f7b38184800
[0x00007f7b38049a80] MethodCompileQueue_lock - owner thread: 0x00007f7b38184800

heap address: 0x00000006c0000000, size: 4096 MB, Compressed Oops mode: Zero based, Oop shift amount: 3
Narrow klass base: 0x0000000000000000, Narrow klass shift: 3
Compressed class space size: 1073741824 Address: 0x00000007c0000000

Heap:
 PSYoungGen      total 6656K, used 4760K [0x000000076ab00000, 0x000000076bc00000, 0x00000007c0000000)
  eden space 6144K, 77% used [0x000000076ab00000,0x000000076afa6310,0x000000076b100000)
  from space 512K, 0% used [0x000000076b100000,0x000000076b100000,0x000000076b180000)
  to   space 2560K, 0% used [0x000000076b980000,0x000000076b980000,0x000000076bc00000)
 ParOldGen       total 8192K, used 3550K [0x00000006c0000000, 0x00000006c0800000, 0x000000076ab00000)
  object space 8192K, 43% used [0x00000006c0000000,0x00000006c03779b0,0x00000006c0800000)
 Metaspace       used 8016K, capacity 8404K, committed 8704K, reserved 1056768K
  class space    used 886K, capacity 912K, committed 1024K, reserved 1048576K

Card table byte_map: [0x00007f7b28236000,0x00007f7b28a37000] byte_map_base: 0x00007f7b24c36000

Marking Bits: (ParMarkBitMap*) 0x00007f7b3ed31640
 Begin Bits: [0x00007f7a84000000, 0x00007f7a88000000)
 End Bits:   [0x00007f7a88000000, 0x00007f7a8c000000)

Polling page: 0x00007f7b3fb81000

CodeCache: size=245760Kb used=4473Kb max_used=4473Kb free=241286Kb
 bounds [0x00007f7b28df7000, 0x00007f7b29257000, 0x00007f7b37df7000]
 total_blobs=772 nmethods=470 adapters=210
 compilation: enabled

Compilation events (250 events):
Event: 0.198 Thread 0x00007f7b3817f800  349       3       java.io.UnixFileSystem::normalize (75 bytes)
Event: 0.198 Thread 0x00007f7b38182000 nmethod 345 0x00007f7b2920d9d0 code [0x00007f7b2920db40, 0x00007f7b2920de48]
Event: 0.198 Thread 0x00007f7b38184800 nmethod 347 0x00007f7b2920df90 code [0x00007f7b2920e120, 0x00007f7b2920e5c8]
Event: 0.198 Thread 0x00007f7b38182000  350       1       java.lang.StringCoding$StringDecoder::requestedCharsetName (5 bytes)
Event: 0.198 Thread 0x00007f7b38182000 nmethod 350 0x00007f7b2920a4d0 code [0x00007f7b2920a620, 0x00007f7b2920a730]
Event: 0.198 Thread 0x00007f7b3817f800 nmethod 349 0x00007f7b2920e710 code [0x00007f7b2920e8e0, 0x00007f7b2920ef48]
Event: 0.201 Thread 0x00007f7b38184800  351       3       java.lang.String::checkBounds (46 bytes)
Event: 0.201 Thread 0x00007f7b38189000  352       3       com.sun.tools.javac.file.ZipFileIndex::access$500 (6 bytes)
Event: 0.201 Thread 0x00007f7b38182000  353       3       com.sun.tools.javac.file.ZipFileIndex::get4ByteLittleEndian (47 bytes)
Event: 0.201 Thread 0x00007f7b38189000 nmethod 352 0x00007f7b2920f450 code [0x00007f7b2920f5c0, 0x00007f7b2920f728]
Event: 0.201 Thread 0x00007f7b38189000  354       3       com.sun.tools.javac.file.ZipFileIndex::access$400 (6 bytes)
Event: 0.201 Thread 0x00007f7b38186800  355       3       com.sun.tools.javac.file.ZipFileIndex::get2ByteLittleEndian (21 bytes)
Event: 0.201 Thread 0x00007f7b38182000 nmethod 353 0x00007f7b2920f7d0 code [0x00007f7b2920f940, 0x00007f7b2920fb10]
Event: 0.201 Thread 0x00007f7b38184800 nmethod 351 0x00007f7b2920fc50 code [0x00007f7b2920fe00, 0x00007f7b29210168]
Event: 0.201 Thread 0x00007f7b38189000 nmethod 354 0x00007f7b29210310 code [0x00007f7b29210480, 0x00007f7b29210650]
Event: 0.201 Thread 0x00007f7b38186800 nmethod 355 0x00007f7b292107d0 code [0x00007f7b29210940, 0x00007f7b29210ad0]
Event: 0.201 Thread 0x00007f7b38182000  356       3       java.lang.String::<init> (38 bytes)
Event: 0.201 Thread 0x00007f7b38184800  357   !   3       java.lang.StringCoding::decode (120 bytes)
Event: 0.201 Thread 0x00007f7b3817f800  358   !   3       java.lang.StringCoding$StringDecoder::decode (179 bytes)
Event: 0.201 Thread 0x00007f7b38189000  359       3       java.lang.StringCoding::access$100 (8 bytes)
Event: 0.201 Thread 0x00007f7b38186800  360       3       java.lang.StringCoding::safeTrim (24 bytes)
Event: 0.201 Thread 0x00007f7b38182000 nmethod 356 0x00007f7b29210bd0 code [0x00007f7b29210d60, 0x00007f7b292110c8]
Event: 0.201 Thread 0x00007f7b38182000  361       3       com.sun.tools.javac.file.ZipFileIndex$ZipDirectory::readEntry (587 bytes)
Event: 0.201 Thread 0x00007f7b38189000 nmethod 359 0x00007f7b29211250 code [0x00007f7b29211400, 0x00007f7b29211928]
Event: 0.201 Thread 0x00007f7b38189000  362       1       com.sun.tools.javac.file.ZipFileIndex::access$600 (5 bytes)
Event: 0.201 Thread 0x00007f7b38189000 nmethod 362 0x00007f7b29211b90 code [0x00007f7b29211ce0, 0x00007f7b29211dd0]
Event: 0.201 Thread 0x00007f7b38189000  363       1       com.sun.tools.javac.file.ZipFileIndex::access$1000 (5 bytes)
Event: 0.201 Thread 0x00007f7b38186800 nmethod 360 0x00007f7b29211e50 code [0x00007f7b29211fe0, 0x00007f7b292124a8]
Event: 0.201 Thread 0x00007f7b38189000 nmethod 363 0x00007f7b29212650 code [0x00007f7b292127a0, 0x00007f7b29212890]
Event: 0.201 Thread 0x00007f7b38189000  364       3       java.util.ArrayList::add (29 bytes)
Event: 0.201 Thread 0x00007f7b38186800  365       3       java.util.ArrayList::ensureCapacityInternal (13 bytes)
Event: 0.202 Thread 0x00007f7b38186800 nmethod 365 0x00007f7b29212910 code [0x00007f7b29212aa0, 0x00007f7b29212e28]
Event: 0.202 Thread 0x00007f7b38186800  366       3       java.util.ArrayList::calculateCapacity (16 bytes)
Event: 0.202 Thread 0x00007f7b38189000 nmethod 364 0x00007f7b29212f90 code [0x00007f7b29213140, 0x00007f7b292136c8]
Event: 0.202 Thread 0x00007f7b38186800 nmethod 366 0x00007f7b29213950 code [0x00007f7b29213ac0, 0x00007f7b29213cf0]
Event: 0.202 Thread 0x00007f7b38189000  367       3       java.util.ArrayList::ensureExplicitCapacity (26 bytes)
Event: 0.202 Thread 0x00007f7b38186800  368       3       com.sun.tools.javac.file.RelativePath::hashCode (8 bytes)
Event: 0.202 Thread 0x00007f7b38186800 nmethod 368 0x00007f7b29213d90 code [0x00007f7b29213f00, 0x00007f7b29214128]
Event: 0.202 Thread 0x00007f7b38186800  369       1       java.util.LinkedHashMap::removeEldestEntry (2 bytes)
Event: 0.202 Thread 0x00007f7b38189000 nmethod 367 0x00007f7b292141d0 code [0x00007f7b29214340, 0x00007f7b29214528]
Event: 0.202 Thread 0x00007f7b38168000  370       4       com.sun.tools.javac.file.ZipFileIndex::get4ByteLittleEndian (47 bytes)
Event: 0.202 Thread 0x00007f7b38172000  371       4       sun.nio.cs.UTF_8$Decoder::decode (779 bytes)
Event: 0.202 Thread 0x00007f7b38186800 nmethod 369 0x00007f7b29214610 code [0x00007f7b29214760, 0x00007f7b29214870]
Event: 0.202 Thread 0x00007f7b38184800 nmethod 357 0x00007f7b292148d0 code [0x00007f7b29214c20, 0x00007f7b292166f8]
Event: 0.202 Thread 0x00007f7b3817f800 nmethod 358 0x00007f7b29217610 code [0x00007f7b29217980, 0x00007f7b29219678]
Event: 0.202 Thread 0x00007f7b38184800  373       3       com.sun.tools.javac.file.ZipFileIndex$Entry::setNativeTime (6 bytes)
Event: 0.202 Thread 0x00007f7b3817f800  372       3       com.sun.tools.javac.file.ZipFileIndex$Entry::<init> (15 bytes)
Event: 0.202 Thread 0x00007f7b38184800 nmethod 373 0x00007f7b2921a810 code [0x00007f7b2921a960, 0x00007f7b2921aab0]
Event: 0.202 Thread 0x00007f7b3817f800 nmethod 372 0x00007f7b2921ab50 code [0x00007f7b2921acc0, 0x00007f7b2921aeb0]
Event: 0.202 Thread 0x00007f7b38168000 nmethod 370 0x00007f7b2921dc10 code [0x00007f7b2921dd60, 0x00007f7b2921de38]
Event: 0.203 Thread 0x00007f7b38182000 nmethod 361 0x00007f7b2921df10 code [0x00007f7b2921e300, 0x00007f7b29220398]
Event: 0.203 Thread 0x00007f7b3817d800  374 %     4       com.sun.tools.javac.file.ZipFileIndex$ZipDirectory::readEntry @ 102 (587 bytes)
Event: 0.203 Thread 0x00007f7b38186800  376       3       java.lang.ref.Reference::<init> (7 bytes)
Event: 0.203 Thread 0x00007f7b38189000  375       3       java.lang.ref.SoftReference::<init> (13 bytes)
Event: 0.203 Thread 0x00007f7b38186800 nmethod 376 0x00007f7b2921d710 code [0x00007f7b2921d880, 0x00007f7b2921db10]
Event: 0.203 Thread 0x00007f7b38189000 nmethod 375 0x00007f7b2921d190 code [0x00007f7b2921d300, 0x00007f7b2921d5f0]
Event: 0.203 Thread 0x00007f7b38189000  377       3       com.sun.tools.javac.file.RelativePath$RelativeDirectory::<init> (44 bytes)
Event: 0.203 Thread 0x00007f7b38184800  378       3       com.sun.tools.javac.file.RelativePath::<init> (10 bytes)
Event: 0.203 Thread 0x00007f7b38182000  379       1       com.sun.tools.javac.file.RelativePath::getPath (5 bytes)
Event: 0.203 Thread 0x00007f7b38184800 nmethod 378 0x00007f7b2921cd90 code [0x00007f7b2921cf00, 0x00007f7b2921d0d0]
Event: 0.203 Thread 0x00007f7b38182000 nmethod 379 0x00007f7b2921cad0 code [0x00007f7b2921cc20, 0x00007f7b2921cd30]
Event: 0.203 Thread 0x00007f7b38186800  380       3       com.sun.tools.javac.file.ZipFileIndex::access$700 (6 bytes)
Event: 0.203 Thread 0x00007f7b38184800  381       3       com.sun.tools.javac.file.ZipFileIndex::getRelativeDirectory (62 bytes)
Event: 0.203 Thread 0x00007f7b3817f800  382       1       java.util.HashMap$Node::getKey (5 bytes)
Event: 0.203 Thread 0x00007f7b38186800 nmethod 380 0x00007f7b2921c710 code [0x00007f7b2921c880, 0x00007f7b2921c9e8]
Event: 0.203 Thread 0x00007f7b3817f800 nmethod 382 0x00007f7b2921c450 code [0x00007f7b2921c5a0, 0x00007f7b2921c6b0]
Event: 0.203 Thread 0x00007f7b38189000 nmethod 377 0x00007f7b2921b250 code [0x00007f7b2921b460, 0x00007f7b2921bf98]
Event: 0.203 Thread 0x00007f7b38184800 nmethod 381 0x00007f7b29221a50 code [0x00007f7b29221c40, 0x00007f7b29222628]
Event: 0.203 Thread 0x00007f7b38184800  383       3       java.lang.String::compareTo (78 bytes)
Event: 0.203 Thread 0x00007f7b38182000  384       3       com.sun.tools.javac.file.ZipFileIndex$Entry::compareTo (9 bytes)
Event: 0.203 Thread 0x00007f7b38186800  385       3       com.sun.tools.javac.file.ZipFileIndex$Entry::compareTo (40 bytes)
Event: 0.204 Thread 0x00007f7b38182000 nmethod 384 0x00007f7b29222990 code [0x00007f7b29222b00, 0x00007f7b29222d68]
Event: 0.204 Thread 0x00007f7b38184800 nmethod 383 0x00007f7b29222e10 code [0x00007f7b29222fa0, 0x00007f7b292232f0]
Event: 0.204 Thread 0x00007f7b38186800 nmethod 385 0x00007f7b29223510 code [0x00007f7b292236a0, 0x00007f7b29223b18]
Event: 0.204 Thread 0x00007f7b38168000  386       4       java.lang.String::compareTo (78 bytes)
Event: 0.204 Thread 0x00007f7b38172000 nmethod 371 0x00007f7b29226b50 code [0x00007f7b29226ca0, 0x00007f7b29226ef8]
Event: 0.205 Thread 0x00007f7b38168000 nmethod 386 0x00007f7b29227050 code [0x00007f7b292271a0, 0x00007f7b29227358]
Event: 0.206 Thread 0x00007f7b38174800  387       4       java.util.HashMap::getNode (148 bytes)
Event: 0.206 Thread 0x00007f7b3817f800  388       3       java.util.LinkedHashMap::newNode (23 bytes)
Event: 0.206 Thread 0x00007f7b38189000  389       3       java.util.LinkedHashMap$Entry::<init> (10 bytes)
Event: 0.206 Thread 0x00007f7b38182000  390       3       java.util.LinkedHashMap::linkNodeLast (33 bytes)
Event: 0.206 Thread 0x00007f7b38184800  391       3       java.util.LinkedHashMap::afterNodeInsertion (40 bytes)
Event: 0.206 Thread 0x00007f7b38189000 nmethod 389 0x00007f7b29226690 code [0x00007f7b29226800, 0x00007f7b29226a50]
Event: 0.206 Thread 0x00007f7b38182000 nmethod 390 0x00007f7b29226210 code [0x00007f7b29226380, 0x00007f7b292265b0]
Event: 0.206 Thread 0x00007f7b3817f800 nmethod 388 0x00007f7b29225a10 code [0x00007f7b29225ba0, 0x00007f7b29225ff0]
Event: 0.206 Thread 0x00007f7b38184800 nmethod 391 0x00007f7b29225190 code [0x00007f7b29225340, 0x00007f7b29225888]
Event: 0.206 Thread 0x00007f7b38186800  392       3       com.sun.tools.javac.file.RelativePath$RelativeDirectory::dirname (46 bytes)
Event: 0.207 Thread 0x00007f7b38186800 nmethod 392 0x00007f7b29224990 code [0x00007f7b29224b20, 0x00007f7b29224fc8]
Event: 0.207 Thread 0x00007f7b38189000  393       3       java.util.AbstractList::<init> (10 bytes)
Event: 0.207 Thread 0x00007f7b38189000 nmethod 393 0x00007f7b29224510 code [0x00007f7b29224680, 0x00007f7b29224890]
Event: 0.207 Thread 0x00007f7b38189000  394       3       java.util.ArrayList::<init> (12 bytes)
Event: 0.207 Thread 0x00007f7b38189000 nmethod 394 0x00007f7b29223fd0 code [0x00007f7b29224140, 0x00007f7b292243d0]
Event: 0.207 Thread 0x00007f7b38189000  395       1       com.sun.tools.javac.util.List::nil (4 bytes)
Event: 0.207 Thread 0x00007f7b38189000 nmethod 395 0x00007f7b29223d10 code [0x00007f7b29223e60, 0x00007f7b29223f50]
Event: 0.222 Thread 0x00007f7b38174800 nmethod 387 0x00007f7b2922a450 code [0x00007f7b2922a5c0, 0x00007f7b2922a958]
Event: 0.222 Thread 0x00007f7b38182000  396       3       java.util.zip.ZipFile$ZipFileInputStream::finalize (5 bytes)
Event: 0.222 Thread 0x00007f7b38184800  397   !   3       java.lang.ref.Finalizer::remove (94 bytes)
Event: 0.222 Thread 0x00007f7b38182000 nmethod 396 0x00007f7b2922a090 code [0x00007f7b2922a200, 0x00007f7b2922a3a8]
Event: 0.222 Thread 0x00007f7b38174800  398       4       java.lang.AbstractStringBuilder::append (50 bytes)
Event: 0.222 Thread 0x00007f7b3817b000  399       4       java.lang.String::getChars (62 bytes)
Event: 0.222 Thread 0x00007f7b38184800 nmethod 397 0x00007f7b29229890 code [0x00007f7b29229a20, 0x00007f7b29229f30]
Event: 0.223 Thread 0x00007f7b38186800  400       3       com.sun.tools.javac.file.ZipFileIndex$DirectoryEntry::<init> (67 bytes)
Event: 0.223 Thread 0x00007f7b38186800 nmethod 400 0x00007f7b29228ed0 code [0x00007f7b29229080, 0x00007f7b292295f0]
Event: 0.223 Thread 0x00007f7b38184800  401       3       java.util.HashMap::resize (359 bytes)
Event: 0.223 Thread 0x00007f7b38165800  402       4       java.lang.ThreadLocal::get (38 bytes)
Event: 0.223 Thread 0x00007f7b38161000  403       4       java.util.LinkedHashMap::get (33 bytes)
Event: 0.223 Thread 0x00007f7b38163800  404       4       com.sun.tools.javac.file.RelativePath::hashCode (8 bytes)
Event: 0.223 Thread 0x00007f7b38172000  405       4       java.lang.String::checkBounds (46 bytes)
Event: 0.223 Thread 0x00007f7b38168000  406       4       java.util.ArrayList::add (29 bytes)
Event: 0.223 Thread 0x00007f7b38179000  407       4       java.lang.ThreadLocal$ThreadLocalMap::getEntry (42 bytes)
Event: 0.223 Thread 0x00007f7b38176800  410   !   4       java.lang.StringCoding$StringDecoder::decode (179 bytes)
Event: 0.224 Thread 0x00007f7b38189000  411       3       com.sun.tools.javac.file.RelativePath::equals (24 bytes)
Event: 0.224 Thread 0x00007f7b3817b000 nmethod 399 0x00007f7b29227590 code [0x00007f7b292276e0, 0x00007f7b29227878]
Event: 0.224 Thread 0x00007f7b3817b000  408       4       java.lang.String::<init> (38 bytes)
Event: 0.224 Thread 0x00007f7b38189000 nmethod 411 0x00007f7b292287d0 code [0x00007f7b29228960, 0x00007f7b29228da8]
Event: 0.224 Thread 0x00007f7b38184800 nmethod 401 0x00007f7b2922c490 code [0x00007f7b2922c6e0, 0x00007f7b2922d928]
Event: 0.225 Thread 0x00007f7b38172000 nmethod 405 0x00007f7b2921af50 code [0x00007f7b2921b0a0, 0x00007f7b2921b158]
Event: 0.225 Thread 0x00007f7b38172000  409   !   4       java.lang.StringCoding::decode (120 bytes)
Event: 0.225 Thread 0x00007f7b38179000 nmethod 407 0x00007f7b29228410 code [0x00007f7b29228560, 0x00007f7b29228698]
Event: 0.225 Thread 0x00007f7b38165800 nmethod 402 0x00007f7b29227fd0 code [0x00007f7b29228120, 0x00007f7b29228278]
Event: 0.225 Thread 0x00007f7b38168000 nmethod 406 0x00007f7b29227b50 code [0x00007f7b29227cc0, 0x00007f7b29227e48]
Event: 0.225 Thread 0x00007f7b38163800 nmethod 404 0x00007f7b2922f490 code [0x00007f7b2922f5e0, 0x00007f7b2922f778]
Event: 0.226 Thread 0x00007f7b38176800 nmethod 410 0x00007f7b2922ee50 code [0x00007f7b2922efc0, 0x00007f7b2922f228]
Event: 0.227 Thread 0x00007f7b38174800 nmethod 398 0x00007f7b2922e510 code [0x00007f7b2922e680, 0x00007f7b2922eaf8]
Event: 0.227 Thread 0x00007f7b38161000 nmethod 403 0x00007f7b2922bc90 code [0x00007f7b2922be00, 0x00007f7b2922c158]
Event: 0.227 Thread 0x00007f7b38186800  412       1       java.util.HashMap::afterNodeInsertion (1 bytes)
Event: 0.227 Thread 0x00007f7b38186800 nmethod 412 0x00007f7b2922e250 code [0x00007f7b2922e3a0, 0x00007f7b2922e4b0]
Event: 0.228 Thread 0x00007f7b38189000  414       3       java.util.LinkedHashMap$LinkedHashIterator::hasNext (13 bytes)
Event: 0.228 Thread 0x00007f7b38184800  415       3       java.util.LinkedHashMap$LinkedKeyIterator::next (8 bytes)
Event: 0.228 Thread 0x00007f7b38179000  413       4       com.sun.tools.javac.file.ZipFileIndex$Entry::<init> (15 bytes)
Event: 0.228 Thread 0x00007f7b38186800  416       3       java.util.LinkedHashMap$LinkedHashIterator::nextNode (54 bytes)
Event: 0.228 Thread 0x00007f7b3817f800  417       3       com.sun.tools.javac.file.RelativePath$RelativeDirectory::basename (44 bytes)
Event: 0.228 Thread 0x00007f7b38189000 nmethod 414 0x00007f7b2922b910 code [0x00007f7b2922ba80, 0x00007f7b2922bc30]
Event: 0.228 Thread 0x00007f7b38184800 nmethod 415 0x00007f7b2922b450 code [0x00007f7b2922b5c0, 0x00007f7b2922b868]
Event: 0.229 Thread 0x00007f7b38172000 nmethod 409 0x00007f7b29230450 code [0x00007f7b29230600, 0x00007f7b29230c08]
Event: 0.229 Thread 0x00007f7b38179000 nmethod 413 0x00007f7b29231890 code [0x00007f7b292319e0, 0x00007f7b29231a78]
Event: 0.229 Thread 0x00007f7b38186800 nmethod 416 0x00007f7b2922add0 code [0x00007f7b2922af60, 0x00007f7b2922b2b8]
Event: 0.229 Thread 0x00007f7b38179000  418       4       java.util.HashMap::get (23 bytes)
Event: 0.229 Thread 0x00007f7b38163800  419       4       java.lang.String::substring (79 bytes)
Event: 0.229 Thread 0x00007f7b3817f800 nmethod 417 0x00007f7b2922fd10 code [0x00007f7b2922fea0, 0x00007f7b292302d8]
Event: 0.229 Thread 0x00007f7b3817b000 nmethod 408 0x00007f7b29235c50 code [0x00007f7b29235e20, 0x00007f7b29236548]
Event: 0.229 Thread 0x00007f7b38176800  420       4       com.sun.tools.javac.file.ZipFileIndex$Entry::compareTo (9 bytes)
Event: 0.230 Thread 0x00007f7b38174800  421       4       com.sun.tools.javac.file.ZipFileIndex$Entry::compareTo (40 bytes)
Event: 0.230 Thread 0x00007f7b38176800 nmethod 420 0x00007f7b29232b10 code [0x00007f7b29232c80, 0x00007f7b29233038]
Event: 0.230 Thread 0x00007f7b38174800 nmethod 421 0x00007f7b29232490 code [0x00007f7b292325e0, 0x00007f7b29232978]
Event: 0.231 Thread 0x00007f7b38182000  422       3       java.util.ComparableTimSort::gallopRight (327 bytes)
Event: 0.231 Thread 0x00007f7b38186800  423       3       java.util.ComparableTimSort::binarySort (223 bytes)
Event: 0.231 Thread 0x00007f7b3817f800  424       3       java.util.ComparableTimSort::gallopLeft (327 bytes)
Event: 0.231 Thread 0x00007f7b38179000 nmethod 418 0x00007f7b29231d50 code [0x00007f7b29231ec0, 0x00007f7b29232198]
Event: 0.231 Thread 0x00007f7b38186800 nmethod 423 0x00007f7b29234ad0 code [0x00007f7b29234cc0, 0x00007f7b292357b8]
Event: 0.231 Thread 0x00007f7b38182000 nmethod 422 0x00007f7b29233950 code [0x00007f7b29233b60, 0x00007f7b29234638]
Event: 0.231 Thread 0x00007f7b3817f800 nmethod 424 0x00007f7b292392d0 code [0x00007f7b292394e0, 0x00007f7b29239f98]
Event: 0.232 Thread 0x00007f7b38189000  425       3       java.util.ComparableTimSort::mergeLo (656 bytes)
Event: 0.232 Thread 0x00007f7b38163800 nmethod 419 0x00007f7b29237550 code [0x00007f7b292376c0, 0x00007f7b29237ad8]
Event: 0.232 Thread 0x00007f7b38184800  426       3       java.util.ComparableTimSort::countRunAndMakeAscending (123 bytes)
Event: 0.232 Thread 0x00007f7b38186800  428       3       java.util.ComparableTimSort::mergeCollapse (101 bytes)
Event: 0.232 Thread 0x00007f7b38182000  427       3       java.util.ComparableTimSort::pushRun (31 bytes)
Event: 0.233 Thread 0x00007f7b3817f800  429       3       java.util.ComparableTimSort::mergeAt (356 bytes)
Event: 0.233 Thread 0x00007f7b38182000 nmethod 427 0x00007f7b2922f850 code [0x00007f7b2922f9c0, 0x00007f7b2922fb70]
Event: 0.233 Thread 0x00007f7b38186800 nmethod 428 0x00007f7b29238b10 code [0x00007f7b29238cc0, 0x00007f7b292390d8]
Event: 0.233 Thread 0x00007f7b38189000 nmethod 425 0x00007f7b2923bf10 code [0x00007f7b2923c260, 0x00007f7b2923e638]
Event: 0.233 Thread 0x00007f7b38184800 nmethod 426 0x00007f7b2923a990 code [0x00007f7b2923abc0, 0x00007f7b2923b9a8]
Event: 0.233 Thread 0x00007f7b3817f800 nmethod 429 0x00007f7b2923f350 code [0x00007f7b2923f540, 0x00007f7b2923fd18]
Event: 0.233 Thread 0x00007f7b38182000  430       3       java.util.ComparableTimSort::mergeHi (729 bytes)
Event: 0.233 Thread 0x00007f7b38186800  431       3       java.util.ComparableTimSort::ensureCapacity (91 bytes)
Event: 0.233 Thread 0x00007f7b38186800 nmethod 431 0x00007f7b29236ed0 code [0x00007f7b29237040, 0x00007f7b292373d0]
Event: 0.234 Thread 0x00007f7b38163800  432 %     4       java.util.ComparableTimSort::binarySort @ 72 (223 bytes)
Event: 0.234 Thread 0x00007f7b38182000 nmethod 430 0x00007f7b292401d0 code [0x00007f7b29240520, 0x00007f7b292429f8]
Event: 0.235 Thread 0x00007f7b38189000  433       3       java.lang.String::<init> (38 bytes)
Event: 0.235 Thread 0x00007f7b38184800  434   !   3       java.lang.StringCoding::decode (120 bytes)
Event: 0.235 Thread 0x00007f7b38174800  435       4       java.lang.StringCoding::deref (19 bytes)
Event: 0.235 Thread 0x00007f7b38189000 nmethod 433 0x00007f7b29233250 code [0x00007f7b292333e0, 0x00007f7b29233748]
Event: 0.236 Thread 0x00007f7b3817f800  436       3       java.io.File::hashCode (8 bytes)
Event: 0.236 Thread 0x00007f7b38186800  437       3       java.io.UnixFileSystem::hashCode (11 bytes)
Event: 0.236 Thread 0x00007f7b3817f800 nmethod 436 0x00007f7b2923a410 code [0x00007f7b2923a580, 0x00007f7b2923a828]
Event: 0.236 Thread 0x00007f7b38186800 nmethod 437 0x00007f7b292313d0 code [0x00007f7b29231540, 0x00007f7b29231788]
Event: 0.236 Thread 0x00007f7b38184800 nmethod 434 0x00007f7b29243790 code [0x00007f7b29243ae0, 0x00007f7b29245578]
Event: 0.237 Thread 0x00007f7b38174800 nmethod 435 0x00007f7b29238510 code [0x00007f7b29238680, 0x00007f7b29238858]
Event: 0.238 Thread 0x00007f7b3817d800 nmethod 374% 0x00007f7b2924c290 code [0x00007f7b2924c5e0, 0x00007f7b2924de98]
Event: 0.238 Thread 0x00007f7b38172000  438       4       com.sun.tools.javac.file.ZipFileIndex$ZipDirectory::readEntry (587 bytes)
Event: 0.240 Thread 0x00007f7b38163800 nmethod 432% 0x00007f7b29247890 code [0x00007f7b29247a60, 0x00007f7b292484f8]
Event: 0.241 Thread 0x00007f7b38182000  439       3       sun.nio.cs.US_ASCII$Decoder::decode (62 bytes)
Event: 0.241 Thread 0x00007f7b38174800  440       4       java.lang.String::equals (81 bytes)
Event: 0.241 Thread 0x00007f7b38182000 nmethod 439 0x00007f7b29237dd0 code [0x00007f7b29237f60, 0x00007f7b292382d0]
Event: 0.241 Thread 0x00007f7b38189000  441       3       java.io.File::isInvalid (47 bytes)
Event: 0.241 Thread 0x00007f7b38189000 nmethod 441 0x00007f7b29247050 code [0x00007f7b292471e0, 0x00007f7b29247708]
Event: 0.242 Thread 0x00007f7b38186800  442       1       com.sun.tools.javac.file.ZipFileIndex::access$800 (5 bytes)
Event: 0.242 Thread 0x00007f7b38186800 nmethod 442 0x00007f7b29246d90 code [0x00007f7b29246ee0, 0x00007f7b29246fd0]
Event: 0.242 Thread 0x00007f7b38186800  443       3       com.sun.tools.javac.util.List::nonEmpty (13 bytes)
Event: 0.242 Thread 0x00007f7b38186800 nmethod 443 0x00007f7b292469d0 code [0x00007f7b29246b40, 0x00007f7b29246cf0]
Event: 0.242 Thread 0x00007f7b38182000  444       3       com.sun.tools.javac.util.List::setTail (7 bytes)
Event: 0.242 Thread 0x00007f7b38174800 nmethod 440 0x00007f7b29246590 code [0x00007f7b292466e0, 0x00007f7b29246858]
Event: 0.242 Thread 0x00007f7b38182000 nmethod 444 0x00007f7b2924bf50 code [0x00007f7b2924c0a0, 0x00007f7b2924c210]
Event: 0.242 Thread 0x00007f7b38182000  445       3       com.sun.tools.javac.util.List::isEmpty (13 bytes)
Event: 0.242 Thread 0x00007f7b3817f800  446       1       java.util.ArrayList::access$000 (5 bytes)
Event: 0.242 Thread 0x00007f7b38182000 nmethod 445 0x00007f7b2924bb90 code [0x00007f7b2924bd00, 0x00007f7b2924beb0]
Event: 0.242 Thread 0x00007f7b38182000  447       1       com.sun.tools.javac.util.List::setTail (7 bytes)
Event: 0.242 Thread 0x00007f7b3817f800 nmethod 446 0x00007f7b2924b8d0 code [0x00007f7b2924ba20, 0x00007f7b2924bb10]
Event: 0.242 Thread 0x00007f7b38182000 nmethod 447 0x00007f7b2924b5d0 code [0x00007f7b2924b720, 0x00007f7b2924b850]
Event: 0.242 Thread 0x00007f7b38163800  448       4       com.sun.tools.javac.util.List::nonEmpty (13 bytes)
Event: 0.242 Thread 0x00007f7b38163800 nmethod 448 0x00007f7b29249e90 code [0x00007f7b29249fe0, 0x00007f7b2924a058]
Event: 0.242 Thread 0x00007f7b38184800  449       3       com.sun.tools.javac.util.List::of (12 bytes)
Event: 0.242 Thread 0x00007f7b3817b000  450       4       com.sun.tools.javac.util.List::<init> (15 bytes)
Event: 0.242 Thread 0x00007f7b38186800  451       3       com.sun.tools.javac.util.List::prependList (87 bytes)
Event: 0.242 Thread 0x00007f7b38184800 nmethod 449 0x00007f7b29249850 code [0x00007f7b292499e0, 0x00007f7b29249d10]
Event: 0.243 Thread 0x00007f7b3817b000 nmethod 450 0x00007f7b29249610 code [0x00007f7b29249760, 0x00007f7b292497f8]
Event: 0.243 Thread 0x00007f7b38189000  452       3       com.sun.tools.javac.util.List::reverse (55 bytes)
Event: 0.243 Thread 0x00007f7b38186800 nmethod 451 0x00007f7b2924a1d0 code [0x00007f7b2924a400, 0x00007f7b2924b0b8]
Event: 0.243 Thread 0x00007f7b38189000 nmethod 452 0x00007f7b292501d0 code [0x00007f7b292503a0, 0x00007f7b29250b18]
Event: 0.243 Thread 0x00007f7b38179000  453       4       java.util.ArrayList::get (11 bytes)
Event: 0.243 Thread 0x00007f7b3817b000  454       4       java.util.ArrayList::rangeCheck (22 bytes)
Event: 0.243 Thread 0x00007f7b38182000  455       2       java.util.ArrayList::elementData (7 bytes)
Event: 0.244 Thread 0x00007f7b38182000 nmethod 455 0x00007f7b29249250 code [0x00007f7b292493c0, 0x00007f7b29249530]
Event: 0.244 Thread 0x00007f7b3817b000 nmethod 454 0x00007f7b29249010 code [0x00007f7b29249160, 0x00007f7b292491d8]
Event: 0.244 Thread 0x00007f7b38179000 nmethod 453 0x00007f7b29248cd0 code [0x00007f7b29248e20, 0x00007f7b29248ef8]
Event: 0.244 Thread 0x00007f7b3817f800  456       1       com.sun.tools.javac.file.ZipFileIndex::getZipFile (5 bytes)
Event: 0.244 Thread 0x00007f7b3817f800 nmethod 456 0x00007f7b2924ff10 code [0x00007f7b29250060, 0x00007f7b29250170]
Event: 0.244 Thread 0x00007f7b3817f800  457       1       com.sun.tools.javac.file.ZipFileIndex$Entry::getFileName (5 bytes)
Event: 0.244 Thread 0x00007f7b3817f800 nmethod 457 0x00007f7b2924fc50 code [0x00007f7b2924fda0, 0x00007f7b2924feb0]
Event: 0.246 Thread 0x00007f7b38184800  459       3       java.util.RegularEnumSet::contains (57 bytes)
Event: 0.246 Thread 0x00007f7b38184800 nmethod 459 0x00007f7b29254990 code [0x00007f7b29254b20, 0x00007f7b292550c8]
Event: 0.247 Thread 0x00007f7b38186800  462       3       java.lang.Character::charCount (12 bytes)
Event: 0.247 Thread 0x00007f7b38189000  463       3       java.lang.String::codePointAt (36 bytes)
Event: 0.247 Thread 0x00007f7b38182000  464       3       java.lang.Character::codePointAtImpl (41 bytes)
Event: 0.247 Thread 0x00007f7b3817f800  460       3       java.lang.Character::isHighSurrogate (18 bytes)
Event: 0.247 Thread 0x00007f7b38184800  461       3       com.sun.tools.javac.util.Name::getBytes (18 bytes)
Event: 0.248 Thread 0x00007f7b38186800 nmethod 462 0x00007f7b29254610 code [0x00007f7b29254780, 0x00007f7b29254910]
Event: 0.248 Thread 0x00007f7b38186800  468       1       java.lang.CharacterDataLatin1::getProperties (11 bytes)
Event: 0.248 Thread 0x00007f7b3817f800 nmethod 460 0x00007f7b29254250 code [0x00007f7b292543c0, 0x00007f7b29254590]
Event: 0.248 Thread 0x00007f7b3817f800  465       3       com.sun.tools.javac.util.SharedNameTable::fromUtf (174 bytes)
Event: 0.248 Thread 0x00007f7b38189000 nmethod 463 0x00007f7b29253d10 code [0x00007f7b29253ea0, 0x00007f7b29254118]
Event: 0.248 Thread 0x00007f7b38189000  466       3       java.lang.Character::isJavaIdentifierPart (9 bytes)
Event: 0.248 Thread 0x00007f7b38184800 nmethod 461 0x00007f7b292535d0 code [0x00007f7b29253780, 0x00007f7b29253bf8]
Event: 0.248 Thread 0x00007f7b38186800 nmethod 468 0x00007f7b29253250 code [0x00007f7b292533c0, 0x00007f7b292534f0]
Event: 0.248 Thread 0x00007f7b38182000 nmethod 464 0x00007f7b29252a90 code [0x00007f7b29252c20, 0x00007f7b292530b0]
Event: 0.248 Thread 0x00007f7b38182000  471       3       com.sun.tools.javac.code.Scope::getIndex (101 bytes)
Event: 0.248 Thread 0x00007f7b38184800  467       3       java.lang.CharacterDataLatin1::isJavaIdentifierPart (20 bytes)
Event: 0.248 Thread 0x00007f7b38186800  469       3       com.sun.tools.javac.file.RelativePath$RelativeFile::<init> (26 bytes)
Event: 0.248 Thread 0x00007f7b38189000 nmethod 466 0x00007f7b29252610 code [0x00007f7b29252780, 0x00007f7b292529b8]
Event: 0.248 Thread 0x00007f7b38189000  470       3       com.sun.tools.javac.file.RelativePath$RelativeFile::<init> (24 bytes)
Event: 0.248 Thread 0x00007f7b38184800 nmethod 467 0x00007f7b29252110 code [0x00007f7b29252280, 0x00007f7b292524d0]
Event: 0.248 Thread 0x00007f7b38184800  473       3       com.sun.tools.javac.util.SharedNameTable$NameImpl::<init> (6 bytes)
Event: 0.248 Thread 0x00007f7b38184800 nmethod 473 0x00007f7b29251c90 code [0x00007f7b29251e00, 0x00007f7b29252030]
Event: 0.248 Thread 0x00007f7b38182000 nmethod 471 0x00007f7b29251450 code [0x00007f7b292515e0, 0x00007f7b29251a68]
Event: 0.248 Thread 0x00007f7b38182000  475       3       java.lang.String::lastIndexOf (151 bytes)
Event: 0.248 Thread 0x00007f7b38189000 nmethod 470 0x00007f7b29255210 code [0x00007f7b292553c0, 0x00007f7b292558b8]
Event: 0.248 Thread 0x00007f7b38184800  474       3       com.sun.tools.javac.util.Name::<init> (10 bytes)
Event: 0.248 Thread 0x00007f7b38189000  472       3       com.sun.tools.javac.util.BaseFileManager::getKind (55 bytes)
Event: 0.249 Thread 0x00007f7b38186800 nmethod 469 0x00007f7b29255b10 code [0x00007f7b29255d20, 0x00007f7b29256868]
Event: 0.249 Thread 0x00007f7b38186800  476       3       com.sun.tools.javac.code.Symbol::<init> (43 bytes)

GC Heap History (12 events):
Event: 0.070 GC heap before
{Heap before GC invocations=1 (full 0):
 PSYoungGen      total 2048K, used 1536K [0x000000076ab00000, 0x000000076ad80000, 0x00000007c0000000)
  eden space 1536K, 100% used [0x000000076ab00000,0x000000076ac80000,0x000000076ac80000)
  from space 512K, 0% used [0x000000076ad00000,0x000000076ad00000,0x000000076ad80000)
  to   space 512K, 0% used [0x000000076ac80000,0x000000076ac80000,0x000000076ad00000)
 ParOldGen       total 5632K, used 0K [0x00000006c0000000, 0x00000006c0580000, 0x000000076ab00000)
  object space 5632K, 0% used [0x00000006c0000000,0x00000006c0000000,0x00000006c0580000)
 Metaspace       used 3707K, capacity 4876K, committed 5120K, reserved 1056768K
  class space    used 373K, capacity 456K, committed 512K, reserved 1048576K
Event: 0.072 GC heap after
Heap after GC invocations=1 (full 0):
 PSYoungGen      total 2048K, used 512K [0x000000076ab00000, 0x000000076af00000, 0x00000007c0000000)
  eden space 1536K, 0% used [0x000000076ab00000,0x000000076ab00000,0x000000076ac80000)
  from space 512K, 100% used [0x000000076ac80000,0x000000076ad00000,0x000000076ad00000)
  to   space 512K, 0% used [0x000000076ae80000,0x000000076ae80000,0x000000076af00000)
 ParOldGen       total 5632K, used 216K [0x00000006c0000000, 0x00000006c0580000, 0x000000076ab00000)
  object space 5632K, 3% used [0x00000006c0000000,0x00000006c0036000,0x00000006c0580000)
 Metaspace       used 3707K, capacity 4876K, committed 5120K, reserved 1056768K
  class space    used 373K, capacity 456K, committed 512K, reserved 1048576K
}
Event: 0.092 GC heap before
{Heap before GC invocations=2 (full 0):
 PSYoungGen      total 2048K, used 2048K [0x000000076ab00000, 0x000000076af00000, 0x00000007c0000000)
  eden space 1536K, 100% used [0x000000076ab00000,0x000000076ac80000,0x000000076ac80000)
  from space 512K, 100% used [0x000000076ac80000,0x000000076ad00000,0x000000076ad00000)
  to   space 512K, 0% used [0x000000076ae80000,0x000000076ae80000,0x000000076af00000)
 ParOldGen       total 5632K, used 216K [0x00000006c0000000, 0x00000006c0580000, 0x000000076ab00000)
  object space 5632K, 3% used [0x00000006c0000000,0x00000006c0036000,0x00000006c0580000)
 Metaspace       used 4395K, capacity 5292K, committed 5376K, reserved 1056768K
  class space    used 461K, capacity 488K, committed 512K, reserved 1048576K
Event: 0.093 GC heap after
Heap after GC invocations=2 (full 0):
 PSYoungGen      total 3584K, used 512K [0x000000076ab00000, 0x000000076af00000, 0x00000007c0000000)
  eden space 3072K, 0% used [0x000000076ab00000,0x000000076ab00000,0x000000076ae00000)
  from space 512K, 100% used [0x000000076ae80000,0x000000076af00000,0x000000076af00000)
  to   space 512K, 0% used [0x000000076ae00000,0x000000076ae00000,0x000000076ae80000)
 ParOldGen       total 5632K, used 432K [0x00000006c0000000, 0x00000006c0580000, 0x000000076ab00000)
  object space 5632K, 7% used [0x00000006c0000000,0x00000006c006c010,0x00000006c0580000)
 Metaspace       used 4395K, capacity 5292K, committed 5376K, reserved 1056768K
  class space    used 461K, capacity 488K, committed 512K, reserved 1048576K
}
Event: 0.126 GC heap before
{Heap before GC invocations=3 (full 0):
 PSYoungGen      total 3584K, used 3584K [0x000000076ab00000, 0x000000076af00000, 0x00000007c0000000)
  eden space 3072K, 100% used [0x000000076ab00000,0x000000076ae00000,0x000000076ae00000)
  from space 512K, 100% used [0x000000076ae80000,0x000000076af00000,0x000000076af00000)
  to   space 512K, 0% used [0x000000076ae00000,0x000000076ae00000,0x000000076ae80000)
 ParOldGen       total 5632K, used 432K [0x00000006c0000000, 0x00000006c0580000, 0x000000076ab00000)
  object space 5632K, 7% used [0x00000006c0000000,0x00000006c006c010,0x00000006c0580000)
 Metaspace       used 5408K, capacity 6252K, committed 6528K, reserved 1056768K
  class space    used 577K, capacity 616K, committed 640K, reserved 1048576K
Event: 0.127 GC heap after
Heap after GC invocations=3 (full 0):
 PSYoungGen      total 3584K, used 496K [0x000000076ab00000, 0x000000076b200000, 0x00000007c0000000)
  eden space 3072K, 0% used [0x000000076ab00000,0x000000076ab00000,0x000000076ae00000)
  from space 512K, 96% used [0x000000076ae00000,0x000000076ae7c030,0x000000076ae80000)
  to   space 512K, 0% used [0x000000076b180000,0x000000076b180000,0x000000076b200000)
 ParOldGen       total 5632K, used 1044K [0x00000006c0000000, 0x00000006c0580000, 0x000000076ab00000)
  object space 5632K, 18% used [0x00000006c0000000,0x00000006c0105050,0x00000006c0580000)
 Metaspace       used 5408K, capacity 6252K, committed 6528K, reserved 1056768K
  class space    used 577K, capacity 616K, committed 640K, reserved 1048576K
}
Event: 0.153 GC heap before
{Heap before GC invocations=4 (full 0):
 PSYoungGen      total 3584K, used 3561K [0x000000076ab00000, 0x000000076b200000, 0x00000007c0000000)
  eden space 3072K, 99% used [0x000000076ab00000,0x000000076adfe760,0x000000076ae00000)
  from space 512K, 96% used [0x000000076ae00000,0x000000076ae7c030,0x000000076ae80000)
  to   space 512K, 0% used [0x000000076b180000,0x000000076b180000,0x000000076b200000)
 ParOldGen       total 5632K, used 1044K [0x00000006c0000000, 0x00000006c0580000, 0x000000076ab00000)
  object space 5632K, 18% used [0x00000006c0000000,0x00000006c0105050,0x00000006c0580000)
 Metaspace       used 6333K, capacity 7148K, committed 7424K, reserved 1056768K
  class space    used 708K, capacity 744K, committed 768K, reserved 1048576K
Event: 0.154 GC heap after
Heap after GC invocations=4 (full 0):
 PSYoungGen      total 6656K, used 480K [0x000000076ab00000, 0x000000076b200000, 0x00000007c0000000)
  eden space 6144K, 0% used [0x000000076ab00000,0x000000076ab00000,0x000000076b100000)
  from space 512K, 93% used [0x000000076b180000,0x000000076b1f8020,0x000000076b200000)
  to   space 512K, 0% used [0x000000076b100000,0x000000076b100000,0x000000076b180000)
 ParOldGen       total 5632K, used 1268K [0x00000006c0000000, 0x00000006c0580000, 0x000000076ab00000)
  object space 5632K, 22% used [0x00000006c0000000,0x00000006c013d060,0x00000006c0580000)
 Metaspace       used 6333K, capacity 7148K, committed 7424K, reserved 1056768K
  class space    used 708K, capacity 744K, committed 768K, reserved 1048576K
}
Event: 0.207 GC heap before
{Heap before GC invocations=5 (full 0):
 PSYoungGen      total 6656K, used 6624K [0x000000076ab00000, 0x000000076b200000, 0x00000007c0000000)
  eden space 6144K, 100% used [0x000000076ab00000,0x000000076b100000,0x000000076b100000)
  from space 512K, 93% used [0x000000076b180000,0x000000076b1f8020,0x000000076b200000)
  to   space 512K, 0% used [0x000000076b100000,0x000000076b100000,0x000000076b180000)
 ParOldGen       total 5632K, used 1268K [0x00000006c0000000, 0x00000006c0580000, 0x000000076ab00000)
  object space 5632K, 22% used [0x00000006c0000000,0x00000006c013d060,0x00000006c0580000)
 Metaspace       used 7947K, capacity 8404K, committed 8704K, reserved 1056768K
  class space    used 881K, capacity 912K, committed 1024K, reserved 1048576K
Event: 0.209 GC heap after
Heap after GC invocations=5 (full 0):
 PSYoungGen      total 6656K, used 484K [0x000000076ab00000, 0x000000076bc00000, 0x00000007c0000000)
  eden space 6144K, 0% used [0x000000076ab00000,0x000000076ab00000,0x000000076b100000)
  from space 512K, 94% used [0x000000076b100000,0x000000076b179020,0x000000076b180000)
  to   space 2560K, 0% used [0x000000076b980000,0x000000076b980000,0x000000076bc00000)
 ParOldGen       total 5632K, used 3788K [0x00000006c0000000, 0x00000006c0580000, 0x000000076ab00000)
  object space 5632K, 67% used [0x00000006c0000000,0x00000006c03b3040,0x00000006c0580000)
 Metaspace       used 7947K, capacity 8404K, committed 8704K, reserved 1056768K
  class space    used 881K, capacity 912K, committed 1024K, reserved 1048576K
}
Event: 0.209 GC heap before
{Heap before GC invocations=6 (full 1):
 PSYoungGen      total 6656K, used 484K [0x000000076ab00000, 0x000000076bc00000, 0x00000007c0000000)
  eden space 6144K, 0% used [0x000000076ab00000,0x000000076ab00000,0x000000076b100000)
  from space 512K, 94% used [0x000000076b100000,0x000000076b179020,0x000000076b180000)
  to   space 2560K, 0% used [0x000000076b980000,0x000000076b980000,0x000000076bc00000)
 ParOldGen       total 5632K, used 3788K [0x00000006c0000000, 0x00000006c0580000, 0x000000076ab00000)
  object space 5632K, 67% used [0x00000006c0000000,0x00000006c03b3040,0x00000006c0580000)
 Metaspace       used 7947K, capacity 8404K, committed 8704K, reserved 1056768K
  class space    used 881K, capacity 912K, committed 1024K, reserved 1048576K
Event: 0.222 GC heap after
Heap after GC invocations=6 (full 1):
 PSYoungGen      total 6656K, used 0K [0x000000076ab00000, 0x000000076bc00000, 0x00000007c0000000)
  eden space 6144K, 0% used [0x000000076ab00000,0x000000076ab00000,0x000000076b100000)
  from space 512K, 0% used [0x000000076b100000,0x000000076b100000,0x000000076b180000)
  to   space 2560K, 0% used [0x000000076b980000,0x000000076b980000,0x000000076bc00000)
 ParOldGen       total 8192K, used 3550K [0x00000006c0000000, 0x00000006c0800000, 0x000000076ab00000)
  object space 8192K, 43% used [0x00000006c0000000,0x00000006c03779b0,0x00000006c0800000)
 Metaspace       used 7947K, capacity 8404K, committed 8704K, reserved 1056768K
  class space    used 881K, capacity 912K, committed 1024K, reserved 1048576K
}

Deoptimization events (12 events):
Event: 0.178 Thread 0x00007f7b3804c000 Uncommon trap: reason=loop_limit_check action=maybe_recompile pc=0x00007f7b291f3154 method=java.lang.String.indexOf([CII[CIII)I @ 79
Event: 0.184 Thread 0x00007f7b3804c000 Uncommon trap: reason=loop_limit_check action=maybe_recompile pc=0x00007f7b291669b0 method=java.lang.String.lastIndexOf(II)I @ 26
Event: 0.184 Thread 0x00007f7b3804c000 Uncommon trap: reason=unstable_if action=reinterpret pc=0x00007f7b291b0218 method=java.lang.String.replace(CC)Ljava/lang/String; @ 2
Event: 0.185 Thread 0x00007f7b3804c000 Uncommon trap: reason=class_check action=maybe_recompile pc=0x00007f7b292041dc method=sun.misc.URLClassPath.getLoader(I)Lsun/misc/URLClassPath$Loader; @ 94
Event: 0.195 Thread 0x00007f7b3804c000 Uncommon trap: reason=unstable_if action=reinterpret pc=0x00007f7b29200324 method=java.lang.String.<init>([CII)V @ 18
Event: 0.235 Thread 0x00007f7b3804c000 Uncommon trap: reason=unstable_if action=reinterpret pc=0x00007f7b29236278 method=java.lang.StringCoding.decode(Ljava/lang/String;[BII)[C @ 38
Event: 0.235 Thread 0x00007f7b3804c000 Uncommon trap: reason=class_check action=maybe_recompile pc=0x00007f7b2922f1b8 method=java.lang.StringCoding$StringDecoder.decode([BII)[C @ 30
Event: 0.235 Thread 0x00007f7b3804c000 Uncommon trap: reason=unstable_if action=reinterpret pc=0x00007f7b292309ec method=java.lang.StringCoding.decode(Ljava/lang/String;[BII)[C @ 38
Event: 0.237 Thread 0x00007f7b3804c000 Uncommon trap: reason=class_check action=maybe_recompile pc=0x00007f7b2922f1b8 method=java.lang.StringCoding$StringDecoder.decode([BII)[C @ 30
Event: 0.241 Thread 0x00007f7b3804c000 Uncommon trap: reason=class_check action=maybe_recompile pc=0x00007f7b2922f1b8 method=java.lang.StringCoding$StringDecoder.decode([BII)[C @ 30
Event: 0.241 Thread 0x00007f7b3804c000 Uncommon trap: reason=class_check action=maybe_recompile pc=0x00007f7b2922f1b8 method=java.lang.StringCoding$StringDecoder.decode([BII)[C @ 30
Event: 0.241 Thread 0x00007f7b3804c000 Uncommon trap: reason=loop_limit_check action=maybe_recompile pc=0x00007f7b291de22c method=java.lang.String.equals(Ljava/lang/Object;)Z @ 56

Classes redefined (0 events):
No events

Internal exceptions (10 events):
Event: 0.018 Thread 0x00007f7b3804c000 Exception <a 'java/lang/NoSuchMethodError': Method sun.misc.Unsafe.defineClass(Ljava/lang/String;[BII)Ljava/lang/Class; name or signature does not match> (0x000000076ab07cf0) thrown at [/builddir/build/BUILD/java-1.8.0-openjdk-1.8.0.412.b08-1.el7_9.x86_64
Event: 0.018 Thread 0x00007f7b3804c000 Exception <a 'java/lang/NoSuchMethodError': Method sun.misc.Unsafe.prefetchRead(Ljava/lang/Object;J)V name or signature does not match> (0x000000076ab07fd8) thrown at [/builddir/build/BUILD/java-1.8.0-openjdk-1.8.0.412.b08-1.el7_9.x86_64/shenandoah8u412-b
Event: 0.073 Thread 0x00007f7b3804c000 Exception <a 'java/security/PrivilegedActionException'> (0x000000076ab049e8) thrown at [/builddir/build/BUILD/java-1.8.0-openjdk-1.8.0.412.b08-1.el7_9.x86_64/shenandoah8u412-b08/hotspot/src/share/vm/prims/jvm.cpp, line 1521]
Event: 0.073 Thread 0x00007f7b3804c000 Exception <a 'java/security/PrivilegedActionException'> (0x000000076ab04de0) thrown at [/builddir/build/BUILD/java-1.8.0-openjdk-1.8.0.412.b08-1.el7_9.x86_64/shenandoah8u412-b08/hotspot/src/share/vm/prims/jvm.cpp, line 1521]
Event: 0.073 Thread 0x00007f7b3804c000 Exception <a 'java/security/PrivilegedActionException'> (0x000000076ab07cf0) thrown at [/builddir/build/BUILD/java-1.8.0-openjdk-1.8.0.412.b08-1.el7_9.x86_64/shenandoah8u412-b08/hotspot/src/share/vm/prims/jvm.cpp, line 1521]
Event: 0.073 Thread 0x00007f7b3804c000 Exception <a 'java/security/PrivilegedActionException'> (0x000000076ab080e8) thrown at [/builddir/build/BUILD/java-1.8.0-openjdk-1.8.0.412.b08-1.el7_9.x86_64/shenandoah8u412-b08/hotspot/src/share/vm/prims/jvm.cpp, line 1521]
Event: 0.075 Thread 0x00007f7b3804c000 Exception <a 'java/security/PrivilegedActionException'> (0x000000076ab3d308) thrown at [/builddir/build/BUILD/java-1.8.0-openjdk-1.8.0.412.b08-1.el7_9.x86_64/shenandoah8u412-b08/hotspot/src/share/vm/prims/jvm.cpp, line 1521]
Event: 0.075 Thread 0x00007f7b3804c000 Exception <a 'java/security/PrivilegedActionException'> (0x000000076ab3d700) thrown at [/builddir/build/BUILD/java-1.8.0-openjdk-1.8.0.412.b08-1.el7_9.x86_64/shenandoah8u412-b08/hotspot/src/share/vm/prims/jvm.cpp, line 1521]
Event: 0.235 Thread 0x00007f7b3804c000 Exception <a 'java/io/FileNotFoundException'> (0x000000076ad1b438) thrown at [/builddir/build/BUILD/java-1.8.0-openjdk-1.8.0.412.b08-1.el7_9.x86_64/shenandoah8u412-b08/hotspot/src/share/vm/prims/jni.cpp, line 713]
Event: 0.237 Thread 0x00007f7b3804c000 Exception <a 'java/io/FileNotFoundException'> (0x000000076ada7e90) thrown at [/builddir/build/BUILD/java-1.8.0-openjdk-1.8.0.412.b08-1.el7_9.x86_64/shenandoah8u412-b08/hotspot/src/share/vm/prims/jni.cpp, line 713]

Events (250 events):
Event: 0.182 loading class com/sun/tools/javac/model/JavacTypes done
Event: 0.183 loading class javax/lang/model/type/TypeKind
Event: 0.183 loading class javax/lang/model/type/TypeKind done
Event: 0.183 loading class java/util/Collections$UnmodifiableMap
Event: 0.183 loading class java/util/Collections$UnmodifiableMap done
Event: 0.183 loading class java/util/Collections$UnmodifiableCollection$1
Event: 0.183 loading class java/util/Collections$UnmodifiableCollection$1 done
Event: 0.183 loading class java/util/HashMap$Values
Event: 0.183 loading class java/util/HashMap$Values done
Event: 0.183 loading class java/util/HashMap$ValueIterator
Event: 0.183 loading class java/util/HashMap$HashIterator
Event: 0.183 loading class java/util/HashMap$HashIterator done
Event: 0.183 loading class java/util/HashMap$ValueIterator done
Event: 0.183 loading class com/sun/tools/javac/file/Locations$Path
Event: 0.183 loading class com/sun/tools/javac/file/Locations$Path done
Event: 0.184 loading class com/sun/tools/javac/util/ListBuffer$1
Event: 0.184 loading class com/sun/tools/javac/util/ListBuffer$1 done
Event: 0.184 loading class com/sun/tools/javac/file/CacheFSInfo$Entry
Event: 0.184 loading class com/sun/tools/javac/file/CacheFSInfo$Entry done
Event: 0.184 Thread 0x00007f7b3804c000 Uncommon trap: trap_request=0xffffff7e fr.pc=0x00007f7b291669b0
Event: 0.184 Thread 0x00007f7b3804c000 DEOPT PACKING pc=0x00007f7b291669b0 sp=0x00007f7b3fb5fcf0
Event: 0.184 Thread 0x00007f7b3804c000 DEOPT UNPACKING pc=0x00007f7b28e3c47a sp=0x00007f7b3fb5fc98 mode 2
Event: 0.184 Thread 0x00007f7b3804c000 Uncommon trap: trap_request=0xffffff65 fr.pc=0x00007f7b291b0218
Event: 0.184 Thread 0x00007f7b3804c000 DEOPT PACKING pc=0x00007f7b291b0218 sp=0x00007f7b3fb60070
Event: 0.184 Thread 0x00007f7b3804c000 DEOPT UNPACKING pc=0x00007f7b28e3c47a sp=0x00007f7b3fb60028 mode 2
Event: 0.184 loading class com/sun/tools/javac/processing/JavacProcessingEnvironment$ServiceIterator
Event: 0.184 loading class com/sun/tools/javac/processing/JavacProcessingEnvironment$ServiceIterator done
Event: 0.184 loading class java/util/ServiceConfigurationError
Event: 0.184 loading class java/util/ServiceConfigurationError done
Event: 0.184 loading class java/lang/UnsupportedClassVersionError
Event: 0.184 loading class java/lang/ClassFormatError
Event: 0.184 loading class java/lang/ClassFormatError done
Event: 0.184 loading class java/lang/UnsupportedClassVersionError done
Event: 0.184 loading class javax/annotation/processing/Processor
Event: 0.184 loading class javax/annotation/processing/Processor done
Event: 0.184 loading class com/sun/tools/javac/util/ServiceLoader
Event: 0.184 loading class com/sun/tools/javac/util/ServiceLoader done
Event: 0.185 loading class com/sun/tools/javac/util/ServiceLoader$LazyIterator
Event: 0.185 loading class com/sun/tools/javac/util/ServiceLoader$LazyIterator done
Event: 0.185 loading class com/sun/tools/javac/util/ServiceLoader$1
Event: 0.185 loading class com/sun/tools/javac/util/ServiceLoader$1 done
Event: 0.185 loading class com/sun/tools/javac/processing/JavacProcessingEnvironment$DiscoveredProcessors
Event: 0.185 loading class com/sun/tools/javac/processing/JavacProcessingEnvironment$DiscoveredProcessors done
Event: 0.185 loading class com/sun/tools/javac/processing/JavacProcessingEnvironment$DiscoveredProcessors$ProcessorStateIterator
Event: 0.185 loading class com/sun/tools/javac/processing/JavacProcessingEnvironment$DiscoveredProcessors$ProcessorStateIterator done
Event: 0.185 loading class sun/misc/URLClassPath$FileLoader
Event: 0.185 loading class sun/misc/URLClassPath$FileLoader done
Event: 0.185 Thread 0x00007f7b3804c000 Uncommon trap: trap_request=0xffffffde fr.pc=0x00007f7b292041dc
Event: 0.185 Thread 0x00007f7b3804c000 DEOPT PACKING pc=0x00007f7b292041dc sp=0x00007f7b3fb5f600
Event: 0.185 Thread 0x00007f7b3804c000 DEOPT UNPACKING pc=0x00007f7b28e3c47a sp=0x00007f7b3fb5f590 mode 2
Event: 0.186 loading class com/sun/tools/javac/util/DiagnosticSource
Event: 0.186 loading class com/sun/tools/javac/util/DiagnosticSource done
Event: 0.186 loading class com/sun/tools/javac/util/DiagnosticSource$1
Event: 0.186 loading class com/sun/tools/javac/util/DiagnosticSource$1 done
Event: 0.187 loading class com/sun/tools/javac/util/BaseFileManager$ContentCacheEntry
Event: 0.187 loading class com/sun/tools/javac/util/BaseFileManager$ContentCacheEntry done
Event: 0.187 loading class com/sun/source/tree/LineMap
Event: 0.187 loading class com/sun/source/tree/LineMap done
Event: 0.187 loading class com/sun/tools/javac/parser/Scanner
Event: 0.187 loading class com/sun/tools/javac/parser/Scanner done
Event: 0.187 loading class com/sun/tools/javac/parser/Tokens$NamedToken
Event: 0.187 loading class com/sun/tools/javac/parser/Tokens$NamedToken done
Event: 0.187 loading class com/sun/tools/javac/parser/Tokens$StringToken
Event: 0.187 loading class com/sun/tools/javac/parser/Tokens$StringToken done
Event: 0.187 loading class com/sun/tools/javac/parser/Tokens$NumericToken
Event: 0.187 loading class com/sun/tools/javac/parser/Tokens$NumericToken done
Event: 0.187 loading class com/sun/tools/javac/parser/Tokens$Comment
Event: 0.187 loading class com/sun/tools/javac/parser/Tokens$Comment done
Event: 0.188 loading class sun/misc/FloatingDecimal
Event: 0.188 loading class sun/misc/FloatingDecimal done
Event: 0.188 loading class sun/misc/FloatingDecimal$ExceptionalBinaryToASCIIBuffer
Event: 0.188 loading class sun/misc/FloatingDecimal$BinaryToASCIIConverter
Event: 0.188 loading class sun/misc/FloatingDecimal$BinaryToASCIIConverter done
Event: 0.188 loading class sun/misc/FloatingDecimal$ExceptionalBinaryToASCIIBuffer done
Event: 0.188 loading class sun/misc/FloatingDecimal$BinaryToASCIIBuffer
Event: 0.188 loading class sun/misc/FloatingDecimal$BinaryToASCIIBuffer done
Event: 0.188 loading class sun/misc/FloatingDecimal$1
Event: 0.188 loading class sun/misc/FloatingDecimal$1 done
Event: 0.188 loading class sun/misc/FloatingDecimal$PreparedASCIIToBinaryBuffer
Event: 0.188 loading class sun/misc/FloatingDecimal$ASCIIToBinaryConverter
Event: 0.188 loading class sun/misc/FloatingDecimal$ASCIIToBinaryConverter done
Event: 0.188 loading class sun/misc/FloatingDecimal$PreparedASCIIToBinaryBuffer done
Event: 0.188 loading class sun/misc/FloatingDecimal$HexFloatPattern
Event: 0.188 loading class sun/misc/FloatingDecimal$HexFloatPattern done
Event: 0.188 loading class java/util/regex/Pattern$BitClass
Event: 0.188 loading class java/util/regex/Pattern$BmpCharProperty
Event: 0.188 loading class java/util/regex/Pattern$BmpCharProperty done
Event: 0.188 loading class java/util/regex/Pattern$BitClass done
Event: 0.188 loading class java/util/regex/Pattern$BranchConn
Event: 0.188 loading class java/util/regex/Pattern$BranchConn done
Event: 0.188 loading class java/util/regex/Pattern$Branch
Event: 0.188 loading class java/util/regex/Pattern$Branch done
Event: 0.188 loading class java/util/regex/Pattern$Single
Event: 0.188 loading class java/util/regex/Pattern$Single done
Event: 0.188 loading class java/util/regex/Pattern$Ctype
Event: 0.188 loading class java/util/regex/Pattern$Ctype done
Event: 0.188 loading class java/util/regex/Pattern$1
Event: 0.188 loading class java/util/regex/Pattern$1 done
Event: 0.188 loading class java/util/regex/Matcher
Event: 0.188 loading class java/util/regex/MatchResult
Event: 0.188 loading class java/util/regex/MatchResult done
Event: 0.188 loading class java/util/regex/Matcher done
Event: 0.188 loading class java/util/regex/ASCII
Event: 0.189 loading class java/util/regex/ASCII done
Event: 0.189 loading class com/sun/tools/javac/parser/UnicodeReader
Event: 0.189 loading class com/sun/tools/javac/parser/UnicodeReader done
Event: 0.189 loading class com/sun/tools/javac/parser/JavacParser
Event: 0.189 loading class com/sun/tools/javac/parser/JavacParser done
Event: 0.190 loading class com/sun/tools/javac/parser/JavacParser$ErrorRecoveryAction
Event: 0.190 loading class com/sun/tools/javac/parser/JavacParser$ErrorRecoveryAction done
Event: 0.190 loading class com/sun/tools/javac/tree/EndPosTable
Event: 0.190 loading class com/sun/tools/javac/tree/EndPosTable done
Event: 0.190 loading class com/sun/tools/javac/parser/JavacParser$AbstractEndPosTable
Event: 0.190 loading class com/sun/tools/javac/parser/JavacParser$AbstractEndPosTable done
Event: 0.190 loading class com/sun/tools/javac/parser/JavacParser$SimpleEndPosTable
Event: 0.190 loading class com/sun/tools/javac/parser/JavacParser$SimpleEndPosTable done
Event: 0.190 loading class com/sun/tools/javac/parser/JavacParser$EmptyEndPosTable
Event: 0.190 loading class com/sun/tools/javac/parser/JavacParser$EmptyEndPosTable done
Event: 0.190 loading class com/sun/tools/javac/tree/DocCommentTable
Event: 0.190 loading class com/sun/tools/javac/tree/DocCommentTable done
Event: 0.192 loading class com/sun/tools/javac/parser/JavacParser$1
Event: 0.192 loading class com/sun/tools/javac/parser/JavacParser$1 done
Event: 0.193 loading class com/sun/tools/javac/parser/JavaTokenizer$1
Event: 0.193 loading class com/sun/tools/javac/parser/JavaTokenizer$1 done
Event: 0.193 loading class java/lang/NoSuchFieldError
Event: 0.193 loading class java/lang/NoSuchFieldError done
Event: 0.193 loading class com/sun/tools/javac/parser/Tokens$Comment$CommentStyle
Event: 0.193 loading class com/sun/tools/javac/parser/Tokens$Comment$CommentStyle done
Event: 0.193 loading class com/sun/tools/javac/parser/JavacParser$2
Event: 0.193 loading class com/sun/tools/javac/parser/JavacParser$2 done
Event: 0.194 loading class com/sun/tools/javac/parser/JavacParser$ParensResult
Event: 0.194 loading class com/sun/tools/javac/parser/JavacParser$ParensResult done
Event: 0.194 loading class com/sun/tools/javac/util/Position
Event: 0.194 loading class com/sun/tools/javac/util/Position done
Event: 0.194 loading class com/sun/tools/javac/util/Position$LineMapImpl
Event: 0.194 loading class com/sun/tools/javac/util/Position$LineMapImpl done
Event: 0.194 loading class com/sun/tools/javac/util/Position$LineMap
Event: 0.194 loading class com/sun/tools/javac/util/Position$LineMap done
Event: 0.194 loading class com/sun/tools/javac/util/Position$LineTabMapImpl
Event: 0.194 loading class com/sun/tools/javac/util/Position$LineTabMapImpl done
Event: 0.195 Thread 0x00007f7b3804c000 Uncommon trap: trap_request=0xffffff65 fr.pc=0x00007f7b29200324
Event: 0.195 Thread 0x00007f7b3804c000 DEOPT PACKING pc=0x00007f7b29200324 sp=0x00007f7b3fb5ff00
Event: 0.195 Thread 0x00007f7b3804c000 DEOPT UNPACKING pc=0x00007f7b28e3c47a sp=0x00007f7b3fb5fee8 mode 2
Event: 0.195 loading class com/sun/tools/javac/util/StringUtils
Event: 0.195 loading class com/sun/tools/javac/util/StringUtils done
Event: 0.196 loading class java/util/zip/Inflater
Event: 0.196 loading class java/util/zip/Inflater done
Event: 0.196 loading class java/util/zip/ZStreamRef
Event: 0.196 loading class java/util/zip/ZStreamRef done
Event: 0.196 loading class java/util/zip/ZipFile$ZipFileInflaterInputStream
Event: 0.196 loading class java/util/zip/InflaterInputStream
Event: 0.196 loading class java/util/zip/InflaterInputStream done
Event: 0.196 loading class java/util/zip/ZipFile$ZipFileInflaterInputStream done
Event: 0.196 loading class java/util/jar/JarVerifier
Event: 0.196 loading class java/util/jar/JarVerifier done
Event: 0.197 loading class java/security/CodeSigner
Event: 0.197 loading class java/security/CodeSigner done
Event: 0.197 loading class java/util/jar/JarVerifier$3
Event: 0.197 loading class java/util/jar/JarVerifier$3 done
Event: 0.197 loading class java/util/Collections$EmptyIterator
Event: 0.197 loading class java/util/Collections$EmptyIterator done
Event: 0.199 loading class com/sun/tools/javac/file/ZipFileIndexArchive
Event: 0.199 loading class com/sun/tools/javac/file/ZipFileIndexArchive done
Event: 0.199 loading class com/sun/tools/javac/file/ZipFileIndex
Event: 0.199 loading class com/sun/tools/javac/file/ZipFileIndex done
Event: 0.199 loading class java/util/zip/DataFormatException
Event: 0.199 loading class java/util/zip/DataFormatException done
Event: 0.199 loading class java/util/zip/ZipException
Event: 0.199 loading class java/util/zip/ZipException done
Event: 0.199 loading class java/io/RandomAccessFile
Event: 0.199 loading class java/io/DataOutput
Event: 0.199 loading class java/io/DataOutput done
Event: 0.199 loading class java/io/DataInput
Event: 0.199 loading class java/io/DataInput done
Event: 0.200 loading class java/io/RandomAccessFile done
Event: 0.200 loading class com/sun/tools/javac/file/ZipFileIndex$ZipDirectory
Event: 0.200 loading class com/sun/tools/javac/file/ZipFileIndex$ZipDirectory done
Event: 0.200 loading class com/sun/tools/javac/file/ZipFileIndex$DirectoryEntry
Event: 0.200 loading class com/sun/tools/javac/file/ZipFileIndex$DirectoryEntry done
Event: 0.200 loading class com/sun/tools/javac/file/ZipFileIndex$Entry
Event: 0.200 loading class com/sun/tools/javac/file/ZipFileIndex$Entry done
Event: 0.203 loading class java/util/Arrays$LegacyMergeSort
Event: 0.203 loading class java/util/Arrays$LegacyMergeSort done
Event: 0.203 loading class sun/security/action/GetBooleanAction
Event: 0.203 loading class sun/security/action/GetBooleanAction done
Event: 0.203 loading class java/util/ComparableTimSort
Event: 0.203 loading class java/util/ComparableTimSort done
Event: 0.204 loading class java/io/RandomAccessFile$1
Event: 0.204 loading class java/io/RandomAccessFile$1 done
Event: 0.207 Executing VM operation: ParallelGCFailedAllocation
Event: 0.222 Executing VM operation: ParallelGCFailedAllocation done
Event: 0.235 Thread 0x00007f7b3804c000 Uncommon trap: trap_request=0xffffff65 fr.pc=0x00007f7b29236278
Event: 0.235 Thread 0x00007f7b3804c000 DEOPT PACKING pc=0x00007f7b29236278 sp=0x00007f7b3fb5f2b0
Event: 0.235 Thread 0x00007f7b3804c000 DEOPT UNPACKING pc=0x00007f7b28e3c47a sp=0x00007f7b3fb5f208 mode 2
Event: 0.235 Thread 0x00007f7b3804c000 Uncommon trap: trap_request=0xffffffde fr.pc=0x00007f7b2922f1b8
Event: 0.235 Thread 0x00007f7b3804c000 DEOPT PACKING pc=0x00007f7b2922f1b8 sp=0x00007f7b3fb5f1a0
Event: 0.235 Thread 0x00007f7b3804c000 DEOPT UNPACKING pc=0x00007f7b28e3c47a sp=0x00007f7b3fb5f160 mode 2
Event: 0.235 loading class com/sun/tools/javac/file/JavacFileManager$MissingArchive
Event: 0.235 loading class com/sun/tools/javac/file/JavacFileManager$MissingArchive done
Event: 0.235 Thread 0x00007f7b3804c000 Uncommon trap: trap_request=0xffffff65 fr.pc=0x00007f7b292309ec
Event: 0.235 Thread 0x00007f7b3804c000 DEOPT PACKING pc=0x00007f7b292309ec sp=0x00007f7b3fb5f8d0
Event: 0.235 Thread 0x00007f7b3804c000 DEOPT UNPACKING pc=0x00007f7b28e3c47a sp=0x00007f7b3fb5f8a0 mode 2
Event: 0.237 Thread 0x00007f7b3804c000 Uncommon trap: trap_request=0xffffffde fr.pc=0x00007f7b2922f1b8
Event: 0.237 Thread 0x00007f7b3804c000 DEOPT PACKING pc=0x00007f7b2922f1b8 sp=0x00007f7b3fb5f100
Event: 0.237 Thread 0x00007f7b3804c000 DEOPT UNPACKING pc=0x00007f7b28e3c47a sp=0x00007f7b3fb5f0a0 mode 2
Event: 0.238 Thread 0x00007f7b3804c000 DEOPT PACKING pc=0x00007f7b2921fe87 sp=0x00007f7b3fb5f9d0
Event: 0.238 Thread 0x00007f7b3804c000 DEOPT UNPACKING pc=0x00007f7b28e3e4c4 sp=0x00007f7b3fb5f818 mode 0
Event: 0.238 Thread 0x00007f7b3804c000 DEOPT PACKING pc=0x00007f7b2921fe87 sp=0x00007f7b3fb5f9d0
Event: 0.238 Thread 0x00007f7b3804c000 DEOPT UNPACKING pc=0x00007f7b28e3e4c4 sp=0x00007f7b3fb5f818 mode 0
Event: 0.238 Thread 0x00007f7b3804c000 DEOPT PACKING pc=0x00007f7b2921fe87 sp=0x00007f7b3fb5f9d0
Event: 0.238 Thread 0x00007f7b3804c000 DEOPT UNPACKING pc=0x00007f7b28e3e4c4 sp=0x00007f7b3fb5f818 mode 0
Event: 0.239 Thread 0x00007f7b3804c000 DEOPT PACKING pc=0x00007f7b2921fe87 sp=0x00007f7b3fb5f9d0
Event: 0.239 Thread 0x00007f7b3804c000 DEOPT UNPACKING pc=0x00007f7b28e3e4c4 sp=0x00007f7b3fb5f818 mode 0
Event: 0.239 Thread 0x00007f7b3804c000 DEOPT PACKING pc=0x00007f7b2921fe87 sp=0x00007f7b3fb5f9d0
Event: 0.239 Thread 0x00007f7b3804c000 DEOPT UNPACKING pc=0x00007f7b28e3e4c4 sp=0x00007f7b3fb5f818 mode 0
Event: 0.239 Thread 0x00007f7b3804c000 DEOPT PACKING pc=0x00007f7b2921fe87 sp=0x00007f7b3fb5f9d0
Event: 0.239 Thread 0x00007f7b3804c000 DEOPT UNPACKING pc=0x00007f7b28e3e4c4 sp=0x00007f7b3fb5f818 mode 0
Event: 0.239 Thread 0x00007f7b3804c000 DEOPT PACKING pc=0x00007f7b2921fe87 sp=0x00007f7b3fb5f9d0
Event: 0.239 Thread 0x00007f7b3804c000 DEOPT UNPACKING pc=0x00007f7b28e3e4c4 sp=0x00007f7b3fb5f818 mode 0
Event: 0.239 Thread 0x00007f7b3804c000 DEOPT PACKING pc=0x00007f7b2921fe87 sp=0x00007f7b3fb5f9d0
Event: 0.239 Thread 0x00007f7b3804c000 DEOPT UNPACKING pc=0x00007f7b28e3e4c4 sp=0x00007f7b3fb5f818 mode 0
Event: 0.239 Thread 0x00007f7b3804c000 DEOPT PACKING pc=0x00007f7b2921fe87 sp=0x00007f7b3fb5f9d0
Event: 0.239 Thread 0x00007f7b3804c000 DEOPT UNPACKING pc=0x00007f7b28e3e4c4 sp=0x00007f7b3fb5f818 mode 0
Event: 0.239 Thread 0x00007f7b3804c000 DEOPT PACKING pc=0x00007f7b2921fe87 sp=0x00007f7b3fb5f9d0
Event: 0.239 Thread 0x00007f7b3804c000 DEOPT UNPACKING pc=0x00007f7b28e3e4c4 sp=0x00007f7b3fb5f818 mode 0
Event: 0.239 Thread 0x00007f7b3804c000 DEOPT PACKING pc=0x00007f7b2921fe87 sp=0x00007f7b3fb5f9d0
Event: 0.239 Thread 0x00007f7b3804c000 DEOPT UNPACKING pc=0x00007f7b28e3e4c4 sp=0x00007f7b3fb5f818 mode 0
Event: 0.240 Thread 0x00007f7b3804c000 DEOPT PACKING pc=0x00007f7b2923562b sp=0x00007f7b3fb5f9c0
Event: 0.240 Thread 0x00007f7b3804c000 DEOPT UNPACKING pc=0x00007f7b28e3e4c4 sp=0x00007f7b3fb5f720 mode 0
Event: 0.241 Thread 0x00007f7b3804c000 Uncommon trap: trap_request=0xffffffde fr.pc=0x00007f7b2922f1b8
Event: 0.241 Thread 0x00007f7b3804c000 DEOPT PACKING pc=0x00007f7b2922f1b8 sp=0x00007f7b3fb5f490
Event: 0.241 Thread 0x00007f7b3804c000 DEOPT UNPACKING pc=0x00007f7b28e3c47a sp=0x00007f7b3fb5f430 mode 2
Event: 0.241 Thread 0x00007f7b3804c000 Uncommon trap: trap_request=0xffffffde fr.pc=0x00007f7b2922f1b8
Event: 0.241 Thread 0x00007f7b3804c000 DEOPT PACKING pc=0x00007f7b2922f1b8 sp=0x00007f7b3fb5f490
Event: 0.241 Thread 0x00007f7b3804c000 DEOPT UNPACKING pc=0x00007f7b28e3c47a sp=0x00007f7b3fb5f430 mode 2
Event: 0.241 Thread 0x00007f7b3804c000 Uncommon trap: trap_request=0xffffff7e fr.pc=0x00007f7b291de22c
Event: 0.241 Thread 0x00007f7b3804c000 DEOPT PACKING pc=0x00007f7b291de22c sp=0x00007f7b3fb5fc80
Event: 0.241 Thread 0x00007f7b3804c000 DEOPT UNPACKING pc=0x00007f7b28e3c47a sp=0x00007f7b3fb5fc38 mode 2
Event: 0.241 loading class com/sun/tools/javac/comp/AttrContext
Event: 0.241 loading class com/sun/tools/javac/comp/AttrContext done
Event: 0.241 loading class com/sun/tools/javac/code/Scope$ImportScope$1
Event: 0.241 loading class com/sun/tools/javac/code/Scope$ImportScope$1 done
Event: 0.243 loading class com/sun/tools/javac/file/ZipFileIndexArchive$ZipFileIndexFileObject
Event: 0.243 loading class com/sun/tools/javac/file/ZipFileIndexArchive$ZipFileIndexFileObject done
Event: 0.246 loading class com/sun/tools/javac/jvm/ClassReader$25
Event: 0.246 loading class com/sun/tools/javac/jvm/ClassReader$25 done
Event: 0.246 loading class com/sun/tools/javac/code/TargetType
Event: 0.246 loading class com/sun/tools/javac/code/TargetType done
Event: 0.247 loading class javax/lang/model/SourceVersion
Event: 0.247 loading class javax/lang/model/SourceVersion done


Dynamic libraries:
6c0000000-6c0800000 rw-p 00000000 00:00 0 
6c0800000-76ab00000 ---p 00000000 00:00 0 
76ab00000-76bc00000 rw-p 00000000 00:00 0 
76bc00000-7c0000000 ---p 00000000 00:00 0 
7c0000000-7c0100000 rw-p 00000000 00:00 0 
7c0100000-800000000 ---p 00000000 00:00 0 
55a011fdc000-55a011fdd000 r-xp 00000000 fd:00 4067749                    /usr/lib/jvm/java-1.8.0-openjdk-1.8.0.412.b08-1.el7_9.x86_64/bin/javac
55a0121dc000-55a0121dd000 r--p 00000000 fd:00 4067749                    /usr/lib/jvm/java-1.8.0-openjdk-1.8.0.412.b08-1.el7_9.x86_64/bin/javac
55a0121dd000-55a0121de000 rw-p 00001000 fd:00 4067749                    /usr/lib/jvm/java-1.8.0-openjdk-1.8.0.412.b08-1.el7_9.x86_64/bin/javac
55a013ee9000-55a013f0a000 rw-p 00000000 00:00 0                          [heap]
7f7a74000000-7f7a74021000 rw-p 00000000 00:00 0 
7f7a74021000-7f7a78000000 ---p 00000000 00:00 0 
7f7a78000000-7f7a78021000 rw-p 00000000 00:00 0 
7f7a78021000-7f7a7c000000 ---p 00000000 00:00 0 
7f7a7c000000-7f7a7c021000 rw-p 00000000 00:00 0 
7f7a7c021000-7f7a80000000 ---p 00000000 00:00 0 
7f7a80000000-7f7a80021000 rw-p 00000000 00:00 0 
7f7a80021000-7f7a84000000 ---p 00000000 00:00 0 
7f7a84000000-7f7a8c000000 rw-p 00000000 00:00 0 
7f7a8c000000-7f7a8c021000 rw-p 00000000 00:00 0 
7f7a8c021000-7f7a90000000 ---p 00000000 00:00 0 
7f7a90000000-7f7a90021000 rw-p 00000000 00:00 0 
7f7a90021000-7f7a94000000 ---p 00000000 00:00 0 
7f7a94000000-7f7a94021000 rw-p 00000000 00:00 0 
7f7a94021000-7f7a98000000 ---p 00000000 00:00 0 
7f7a9c000000-7f7a9c021000 rw-p 00000000 00:00 0 
7f7a9c021000-7f7aa0000000 ---p 00000000 00:00 0 
7f7aa4000000-7f7aa4021000 rw-p 00000000 00:00 0 
7f7aa4021000-7f7aa8000000 ---p 00000000 00:00 0 
7f7aabbd0000-7f7aac000000 rw-p 00000000 00:00 0 
7f7aac000000-7f7aac021000 rw-p 00000000 00:00 0 
7f7aac021000-7f7ab0000000 ---p 00000000 00:00 0 
7f7ab0000000-7f7ab0021000 rw-p 00000000 00:00 0 
7f7ab0021000-7f7ab4000000 ---p 00000000 00:00 0 
7f7ab4000000-7f7ab4021000 rw-p 00000000 00:00 0 
7f7ab4021000-7f7ab8000000 ---p 00000000 00:00 0 
7f7ab8000000-7f7ab8113000 rw-p 00000000 00:00 0 
7f7ab8113000-7f7ab8124000 rw-p 00000000 00:00 0 
7f7ab8124000-7f7ab812c000 rw-p 00000000 00:00 0 
7f7ab812c000-7f7ab8131000 rw-p 00000000 00:00 0 
7f7ab8131000-7f7ab8136000 rw-p 00000000 00:00 0 
7f7ab8136000-7f7ab8503000 rw-p 00000000 00:00 0 
7f7ab8503000-7f7ab851b000 r-xp 00000000 fd:00 4067602                    /usr/lib/jvm/java-1.8.0-openjdk-1.8.0.412.b08-1.el7_9.x86_64/jre/lib/amd64/libnet.so
7f7ab851b000-7f7ab871a000 ---p 00018000 fd:00 4067602                    /usr/lib/jvm/java-1.8.0-openjdk-1.8.0.412.b08-1.el7_9.x86_64/jre/lib/amd64/libnet.so
7f7ab871a000-7f7ab871b000 r--p 00017000 fd:00 4067602                    /usr/lib/jvm/java-1.8.0-openjdk-1.8.0.412.b08-1.el7_9.x86_64/jre/lib/amd64/libnet.so
7f7ab871b000-7f7ab871c000 rw-p 00018000 fd:00 4067602                    /usr/lib/jvm/java-1.8.0-openjdk-1.8.0.412.b08-1.el7_9.x86_64/jre/lib/amd64/libnet.so
7f7ab871c000-7f7ab871d000 rw-p 00000000 00:00 0 
7f7ab871d000-7f7ab872f000 r-xp 00000000 fd:00 4067603                    /usr/lib/jvm/java-1.8.0-openjdk-1.8.0.412.b08-1.el7_9.x86_64/jre/lib/amd64/libnio.so
7f7ab872f000-7f7ab892e000 ---p 00012000 fd:00 4067603                    /usr/lib/jvm/java-1.8.0-openjdk-1.8.0.412.b08-1.el7_9.x86_64/jre/lib/amd64/libnio.so
7f7ab892e000-7f7ab892f000 r--p 00011000 fd:00 4067603                    /usr/lib/jvm/java-1.8.0-openjdk-1.8.0.412.b08-1.el7_9.x86_64/jre/lib/amd64/libnio.so
7f7ab892f000-7f7ab8930000 rw-p 00012000 fd:00 4067603                    /usr/lib/jvm/java-1.8.0-openjdk-1.8.0.412.b08-1.el7_9.x86_64/jre/lib/amd64/libnio.so
7f7ab8930000-7f7ab8938000 rw-p 00000000 00:00 0 
7f7ab8938000-7f7ab89b1000 r--s 012c8000 fd:00 4067806                    /usr/lib/jvm/java-1.8.0-openjdk-1.8.0.412.b08-1.el7_9.x86_64/lib/tools.jar
7f7ab89b1000-7f7ab89c8000 rw-p 00000000 00:00 0 
7f7ab89c8000-7f7ab89c9000 ---p 00000000 00:00 0 
7f7ab89c9000-7f7ab8aca000 rw-p 00000000 00:00 0 
7f7ab8aca000-7f7ab8acd000 ---p 00000000 00:00 0 
7f7ab8acd000-7f7ab8bcc000 rw-p 00000000 00:00 0 
7f7ab8bcc000-7f7ab8bd0000 ---p 00000000 00:00 0 
7f7ab8bd0000-7f7ab8ccd000 rw-p 00000000 00:00 0 
7f7ab8ccd000-7f7ab8cd1000 ---p 00000000 00:00 0 
7f7ab8cd1000-7f7ab8dce000 rw-p 00000000 00:00 0 
7f7ab8dce000-7f7ab8dd2000 ---p 00000000 00:00 0 
7f7ab8dd2000-7f7ab8ecf000 rw-p 00000000 00:00 0 
7f7ab8ecf000-7f7ab8ed3000 ---p 00000000 00:00 0 
7f7ab8ed3000-7f7ab8fd0000 rw-p 00000000 00:00 0 
7f7ab8fd0000-7f7ab8fd4000 ---p 00000000 00:00 0 
7f7ab8fd4000-7f7ab90d1000 rw-p 00000000 00:00 0 
7f7ab90d1000-7f7ab90d5000 ---p 00000000 00:00 0 
7f7ab90d5000-7f7ab91d2000 rw-p 00000000 00:00 0 
7f7ab91d2000-7f7ab91d6000 ---p 00000000 00:00 0 
7f7ab91d6000-7f7ab92d3000 rw-p 00000000 00:00 0 
7f7ab92d3000-7f7ab92d7000 ---p 00000000 00:00 0 
7f7ab92d7000-7f7ab93d4000 rw-p 00000000 00:00 0 
7f7ab93d4000-7f7ab93d8000 ---p 00000000 00:00 0 
7f7ab93d8000-7f7ab94d5000 rw-p 00000000 00:00 0 
7f7ab94d5000-7f7ab94d9000 ---p 00000000 00:00 0 
7f7ab94d9000-7f7ab95d6000 rw-p 00000000 00:00 0 
7f7ab95d6000-7f7ab95da000 ---p 00000000 00:00 0 
7f7ab95da000-7f7ab96d7000 rw-p 00000000 00:00 0 
7f7ab96d7000-7f7ab96db000 ---p 00000000 00:00 0 
7f7ab96db000-7f7ab97d8000 rw-p 00000000 00:00 0 
7f7ab97d8000-7f7ab97dc000 ---p 00000000 00:00 0 
7f7ab97dc000-7f7ab98d9000 rw-p 00000000 00:00 0 
7f7ab98d9000-7f7ab98dd000 ---p 00000000 00:00 0 
7f7ab98dd000-7f7ab99da000 rw-p 00000000 00:00 0 
7f7ab99da000-7f7ab99de000 ---p 00000000 00:00 0 
7f7ab99de000-7f7ab9adb000 rw-p 00000000 00:00 0 
7f7ab9adb000-7f7ab9ade000 ---p 00000000 00:00 0 
7f7ab9ade000-7f7ab9bdc000 rw-p 00000000 00:00 0 
7f7ab9bdc000-7f7ab9bdf000 ---p 00000000 00:00 0 
7f7ab9bdf000-7f7ab9cdd000 rw-p 00000000 00:00 0 
7f7ab9cdd000-7f7ab9ce0000 ---p 00000000 00:00 0 
7f7ab9ce0000-7f7ab9dde000 rw-p 00000000 00:00 0 
7f7ab9dde000-7f7ab9ddf000 ---p 00000000 00:00 0 
7f7ab9ddf000-7f7abc000000 rw-p 00000000 00:00 0 
7f7abc000000-7f7abc021000 rw-p 00000000 00:00 0 
7f7abc021000-7f7ac0000000 ---p 00000000 00:00 0 
7f7ac0000000-7f7ac4000000 rw-p 00000000 00:00 0 
7f7ac4000000-7f7ac4021000 rw-p 00000000 00:00 0 
7f7ac4021000-7f7ac8000000 ---p 00000000 00:00 0 
7f7ac8000000-7f7ac8021000 rw-p 00000000 00:00 0 
7f7ac8021000-7f7acc000000 ---p 00000000 00:00 0 
7f7acc000000-7f7acc021000 rw-p 00000000 00:00 0 
7f7acc021000-7f7ad0000000 ---p 00000000 00:00 0 
7f7ad0000000-7f7ad0021000 rw-p 00000000 00:00 0 
7f7ad0021000-7f7ad4000000 ---p 00000000 00:00 0 
7f7ad4000000-7f7ad4021000 rw-p 00000000 00:00 0 
7f7ad4021000-7f7ad8000000 ---p 00000000 00:00 0 
7f7ad8000000-7f7ad8021000 rw-p 00000000 00:00 0 
7f7ad8021000-7f7adc000000 ---p 00000000 00:00 0 
7f7adc000000-7f7adc021000 rw-p 00000000 00:00 0 
7f7adc021000-7f7ae0000000 ---p 00000000 00:00 0 
7f7ae0000000-7f7ae0021000 rw-p 00000000 00:00 0 
7f7ae0021000-7f7ae4000000 ---p 00000000 00:00 0 
7f7ae4000000-7f7ae4021000 rw-p 00000000 00:00 0 
7f7ae4021000-7f7ae8000000 ---p 00000000 00:00 0 
7f7ae8000000-7f7ae8021000 rw-p 00000000 00:00 0 
7f7ae8021000-7f7aec000000 ---p 00000000 00:00 0 
7f7aec000000-7f7aec021000 rw-p 00000000 00:00 0 
7f7aec021000-7f7af0000000 ---p 00000000 00:00 0 
7f7af0000000-7f7af0021000 rw-p 00000000 00:00 0 
7f7af0021000-7f7af4000000 ---p 00000000 00:00 0 
7f7af4000000-7f7af4021000 rw-p 00000000 00:00 0 
7f7af4021000-7f7af8000000 ---p 00000000 00:00 0 
7f7af8000000-7f7af8021000 rw-p 00000000 00:00 0 
7f7af8021000-7f7afc000000 ---p 00000000 00:00 0 
7f7afc000000-7f7afc021000 rw-p 00000000 00:00 0 
7f7afc021000-7f7b00000000 ---p 00000000 00:00 0 
7f7b00000000-7f7b00021000 rw-p 00000000 00:00 0 
7f7b00021000-7f7b04000000 ---p 00000000 00:00 0 
7f7b04000000-7f7b04021000 rw-p 00000000 00:00 0 
7f7b04021000-7f7b08000000 ---p 00000000 00:00 0 
7f7b08000000-7f7b08021000 rw-p 00000000 00:00 0 
7f7b08021000-7f7b0c000000 ---p 00000000 00:00 0 
7f7b0c000000-7f7b0c021000 rw-p 00000000 00:00 0 
7f7b0c021000-7f7b10000000 ---p 00000000 00:00 0 
7f7b10000000-7f7b10021000 rw-p 00000000 00:00 0 
7f7b10021000-7f7b14000000 ---p 00000000 00:00 0 
7f7b14000000-7f7b14021000 rw-p 00000000 00:00 0 
7f7b14021000-7f7b18000000 ---p 00000000 00:00 0 
7f7b18000000-7f7b18021000 rw-p 00000000 00:00 0 
7f7b18021000-7f7b1c000000 ---p 00000000 00:00 0 
7f7b1c000000-7f7b1c021000 rw-p 00000000 00:00 0 
7f7b1c021000-7f7b20000000 ---p 00000000 00:00 0 
7f7b20000000-7f7b20021000 rw-p 00000000 00:00 0 
7f7b20021000-7f7b24000000 ---p 00000000 00:00 0 
7f7b24000000-7f7b24a78000 rw-p 00000000 00:00 0 
7f7b24a78000-7f7b24c4a000 r--s 044cb000 fd:00 4067670                    /usr/lib/jvm/java-1.8.0-openjdk-1.8.0.412.b08-1.el7_9.x86_64/jre/lib/rt.jar
7f7b24c4a000-7f7b25440000 rw-p 00000000 00:00 0 
7f7b25440000-7f7b254c0000 ---p 00000000 00:00 0 
7f7b254c0000-7f7b25cc0000 rw-p 00000000 00:00 0 
7f7b25cc0000-7f7b25cc1000 ---p 00000000 00:00 0 
7f7b25cc1000-7f7b25dc1000 rw-p 00000000 00:00 0 
7f7b25dc1000-7f7b25dc2000 ---p 00000000 00:00 0 
7f7b25dc2000-7f7b25ec2000 rw-p 00000000 00:00 0 
7f7b25ec2000-7f7b25ec3000 ---p 00000000 00:00 0 
7f7b25ec3000-7f7b25fc3000 rw-p 00000000 00:00 0 
7f7b25fc3000-7f7b25fc4000 ---p 00000000 00:00 0 
7f7b25fc4000-7f7b260c4000 rw-p 00000000 00:00 0 
7f7b260c4000-7f7b260c5000 ---p 00000000 00:00 0 
7f7b260c5000-7f7b261c5000 rw-p 00000000 00:00 0 
7f7b261c5000-7f7b261c6000 ---p 00000000 00:00 0 
7f7b261c6000-7f7b262c6000 rw-p 00000000 00:00 0 
7f7b262c6000-7f7b262c7000 ---p 00000000 00:00 0 
7f7b262c7000-7f7b263c7000 rw-p 00000000 00:00 0 
7f7b263c7000-7f7b263c8000 ---p 00000000 00:00 0 
7f7b263c8000-7f7b264c8000 rw-p 00000000 00:00 0 
7f7b264c8000-7f7b264c9000 ---p 00000000 00:00 0 
7f7b264c9000-7f7b265c9000 rw-p 00000000 00:00 0 
7f7b265c9000-7f7b265ca000 ---p 00000000 00:00 0 
7f7b265ca000-7f7b266ca000 rw-p 00000000 00:00 0 
7f7b266ca000-7f7b266cb000 ---p 00000000 00:00 0 
7f7b266cb000-7f7b267cb000 rw-p 00000000 00:00 0 
7f7b267cb000-7f7b267cc000 ---p 00000000 00:00 0 
7f7b267cc000-7f7b268cc000 rw-p 00000000 00:00 0 
7f7b268cc000-7f7b268cd000 ---p 00000000 00:00 0 
7f7b268cd000-7f7b269cd000 rw-p 00000000 00:00 0 
7f7b269cd000-7f7b269ce000 ---p 00000000 00:00 0 
7f7b269ce000-7f7b26ace000 rw-p 00000000 00:00 0 
7f7b26ace000-7f7b26acf000 ---p 00000000 00:00 0 
7f7b26acf000-7f7b26bcf000 rw-p 00000000 00:00 0 
7f7b26bcf000-7f7b26bd0000 ---p 00000000 00:00 0 
7f7b26bd0000-7f7b26cd0000 rw-p 00000000 00:00 0 
7f7b26cd0000-7f7b26cd1000 ---p 00000000 00:00 0 
7f7b26cd1000-7f7b26dd1000 rw-p 00000000 00:00 0 
7f7b26dd1000-7f7b26dd2000 ---p 00000000 00:00 0 
7f7b26dd2000-7f7b26ed2000 rw-p 00000000 00:00 0 
7f7b26ed2000-7f7b26ed3000 ---p 00000000 00:00 0 
7f7b26ed3000-7f7b26fd3000 rw-p 00000000 00:00 0 
7f7b26fd3000-7f7b26fd4000 ---p 00000000 00:00 0 
7f7b26fd4000-7f7b270d4000 rw-p 00000000 00:00 0 
7f7b270d4000-7f7b270d5000 ---p 00000000 00:00 0 
7f7b270d5000-7f7b271d5000 rw-p 00000000 00:00 0 
7f7b271d5000-7f7b271d6000 ---p 00000000 00:00 0 
7f7b271d6000-7f7b272d6000 rw-p 00000000 00:00 0 
7f7b272d6000-7f7b272d7000 ---p 00000000 00:00 0 
7f7b272d7000-7f7b273d7000 rw-p 00000000 00:00 0 
7f7b273d7000-7f7b273d8000 ---p 00000000 00:00 0 
7f7b273d8000-7f7b274d8000 rw-p 00000000 00:00 0 
7f7b274d8000-7f7b274d9000 ---p 00000000 00:00 0 
7f7b274d9000-7f7b275d9000 rw-p 00000000 00:00 0 
7f7b275d9000-7f7b275da000 ---p 00000000 00:00 0 
7f7b275da000-7f7b276da000 rw-p 00000000 00:00 0 
7f7b276da000-7f7b276db000 ---p 00000000 00:00 0 
7f7b276db000-7f7b277db000 rw-p 00000000 00:00 0 
7f7b277db000-7f7b277dc000 ---p 00000000 00:00 0 
7f7b277dc000-7f7b278dc000 rw-p 00000000 00:00 0 
7f7b278dc000-7f7b278dd000 ---p 00000000 00:00 0 
7f7b278dd000-7f7b279dd000 rw-p 00000000 00:00 0 
7f7b279dd000-7f7b279de000 ---p 00000000 00:00 0 
7f7b279de000-7f7b27ade000 rw-p 00000000 00:00 0 
7f7b27ade000-7f7b27adf000 ---p 00000000 00:00 0 
7f7b27adf000-7f7b27bdf000 rw-p 00000000 00:00 0 
7f7b27bdf000-7f7b27be0000 ---p 00000000 00:00 0 
7f7b27be0000-7f7b27ce4000 rw-p 00000000 00:00 0 
7f7b27ce4000-7f7b28236000 ---p 00000000 00:00 0 
7f7b28236000-7f7b2823a000 rw-p 00000000 00:00 0 
7f7b2823a000-7f7b2878b000 ---p 00000000 00:00 0 
7f7b2878b000-7f7b28794000 rw-p 00000000 00:00 0 
7f7b28794000-7f7b28a36000 ---p 00000000 00:00 0 
7f7b28a36000-7f7b28a49000 rw-p 00000000 00:00 0 
7f7b28a49000-7f7b28df7000 ---p 00000000 00:00 0 
7f7b28df7000-7f7b29257000 rwxp 00000000 00:00 0 
7f7b29257000-7f7b37df7000 ---p 00000000 00:00 0 
7f7b37df7000-7f7b37dff000 r-xp 00000000 fd:00 4067610                    /usr/lib/jvm/java-1.8.0-openjdk-1.8.0.412.b08-1.el7_9.x86_64/jre/lib/amd64/libzip.so
7f7b37dff000-7f7b37ffe000 ---p 00008000 fd:00 4067610                    /usr/lib/jvm/java-1.8.0-openjdk-1.8.0.412.b08-1.el7_9.x86_64/jre/lib/amd64/libzip.so
7f7b37ffe000-7f7b37fff000 r--p 00007000 fd:00 4067610                    /usr/lib/jvm/java-1.8.0-openjdk-1.8.0.412.b08-1.el7_9.x86_64/jre/lib/amd64/libzip.so
7f7b37fff000-7f7b38000000 rw-p 00008000 fd:00 4067610                    /usr/lib/jvm/java-1.8.0-openjdk-1.8.0.412.b08-1.el7_9.x86_64/jre/lib/amd64/libzip.so
7f7b38000000-7f7b38692000 rw-p 00000000 00:00 0 
7f7b38692000-7f7b3c000000 ---p 00000000 00:00 0 
7f7b3c000000-7f7b3c0b2000 rw-p 00000000 00:00 0 
7f7b3c0b2000-7f7b3c0b3000 ---p 00000000 00:00 0 
7f7b3c0b3000-7f7b3c1b3000 rw-p 00000000 00:00 0 
7f7b3c1b3000-7f7b3ca1e000 r--s 00000000 fd:04 33947798                   /var/lib/sss/mc/passwd
7f7b3ca1e000-7f7b3ca26000 r-xp 00000000 fd:00 3050454                    /usr/lib64/libnss_sss.so.2
7f7b3ca26000-7f7b3cc25000 ---p 00008000 fd:00 3050454                    /usr/lib64/libnss_sss.so.2
7f7b3cc25000-7f7b3cc26000 r--p 00007000 fd:00 3050454                    /usr/lib64/libnss_sss.so.2
7f7b3cc26000-7f7b3cc27000 rw-p 00008000 fd:00 3050454                    /usr/lib64/libnss_sss.so.2
7f7b3cc27000-7f7b3cc33000 r-xp 00000000 fd:00 3015883                    /usr/lib64/libnss_files-2.17.so
7f7b3cc33000-7f7b3ce32000 ---p 0000c000 fd:00 3015883                    /usr/lib64/libnss_files-2.17.so
7f7b3ce32000-7f7b3ce33000 r--p 0000b000 fd:00 3015883                    /usr/lib64/libnss_files-2.17.so
7f7b3ce33000-7f7b3ce34000 rw-p 0000c000 fd:00 3015883                    /usr/lib64/libnss_files-2.17.so
7f7b3ce34000-7f7b3ce3a000 rw-p 00000000 00:00 0 
7f7b3ce3a000-7f7b3ce64000 r-xp 00000000 fd:00 4067592                    /usr/lib/jvm/java-1.8.0-openjdk-1.8.0.412.b08-1.el7_9.x86_64/jre/lib/amd64/libjava.so
7f7b3ce64000-7f7b3d063000 ---p 0002a000 fd:00 4067592                    /usr/lib/jvm/java-1.8.0-openjdk-1.8.0.412.b08-1.el7_9.x86_64/jre/lib/amd64/libjava.so
7f7b3d063000-7f7b3d064000 r--p 00029000 fd:00 4067592                    /usr/lib/jvm/java-1.8.0-openjdk-1.8.0.412.b08-1.el7_9.x86_64/jre/lib/amd64/libjava.so
7f7b3d064000-7f7b3d066000 rw-p 0002a000 fd:00 4067592                    /usr/lib/jvm/java-1.8.0-openjdk-1.8.0.412.b08-1.el7_9.x86_64/jre/lib/amd64/libjava.so
7f7b3d066000-7f7b3d073000 r-xp 00000000 fd:00 4067609                    /usr/lib/jvm/java-1.8.0-openjdk-1.8.0.412.b08-1.el7_9.x86_64/jre/lib/amd64/libverify.so
7f7b3d073000-7f7b3d272000 ---p 0000d000 fd:00 4067609                    /usr/lib/jvm/java-1.8.0-openjdk-1.8.0.412.b08-1.el7_9.x86_64/jre/lib/amd64/libverify.so
7f7b3d272000-7f7b3d274000 r--p 0000c000 fd:00 4067609                    /usr/lib/jvm/java-1.8.0-openjdk-1.8.0.412.b08-1.el7_9.x86_64/jre/lib/amd64/libverify.so
7f7b3d274000-7f7b3d275000 rw-p 0000e000 fd:00 4067609                    /usr/lib/jvm/java-1.8.0-openjdk-1.8.0.412.b08-1.el7_9.x86_64/jre/lib/amd64/libverify.so
7f7b3d275000-7f7b3d27c000 r-xp 00000000 fd:00 3015895                    /usr/lib64/librt-2.17.so
7f7b3d27c000-7f7b3d47b000 ---p 00007000 fd:00 3015895                    /usr/lib64/librt-2.17.so
7f7b3d47b000-7f7b3d47c000 r--p 00006000 fd:00 3015895                    /usr/lib64/librt-2.17.so
7f7b3d47c000-7f7b3d47d000 rw-p 00007000 fd:00 3015895                    /usr/lib64/librt-2.17.so
7f7b3d47d000-7f7b3d492000 r-xp 00000000 fd:00 3014675                    /usr/lib64/libgcc_s-4.8.5-20150702.so.1
7f7b3d492000-7f7b3d691000 ---p 00015000 fd:00 3014675                    /usr/lib64/libgcc_s-4.8.5-20150702.so.1
7f7b3d691000-7f7b3d692000 r--p 00014000 fd:00 3014675                    /usr/lib64/libgcc_s-4.8.5-20150702.so.1
7f7b3d692000-7f7b3d693000 rw-p 00015000 fd:00 3014675                    /usr/lib64/libgcc_s-4.8.5-20150702.so.1
7f7b3d693000-7f7b3d794000 r-xp 00000000 fd:00 3015873                    /usr/lib64/libm-2.17.so
7f7b3d794000-7f7b3d993000 ---p 00101000 fd:00 3015873                    /usr/lib64/libm-2.17.so
7f7b3d993000-7f7b3d994000 r--p 00100000 fd:00 3015873                    /usr/lib64/libm-2.17.so
7f7b3d994000-7f7b3d995000 rw-p 00101000 fd:00 3015873                    /usr/lib64/libm-2.17.so
7f7b3d995000-7f7b3da7e000 r-xp 00000000 fd:00 3015910                    /usr/lib64/libstdc++.so.6.0.19
7f7b3da7e000-7f7b3dc7e000 ---p 000e9000 fd:00 3015910                    /usr/lib64/libstdc++.so.6.0.19
7f7b3dc7e000-7f7b3dc86000 r--p 000e9000 fd:00 3015910                    /usr/lib64/libstdc++.so.6.0.19
7f7b3dc86000-7f7b3dc88000 rw-p 000f1000 fd:00 3015910                    /usr/lib64/libstdc++.so.6.0.19
7f7b3dc88000-7f7b3dc9d000 rw-p 00000000 00:00 0 
7f7b3dc9d000-7f7b3ea41000 r-xp 00000000 fd:00 4067614                    /usr/lib/jvm/java-1.8.0-openjdk-1.8.0.412.b08-1.el7_9.x86_64/jre/lib/amd64/server/libjvm.so
7f7b3ea41000-7f7b3ec40000 ---p 00da4000 fd:00 4067614                    /usr/lib/jvm/java-1.8.0-openjdk-1.8.0.412.b08-1.el7_9.x86_64/jre/lib/amd64/server/libjvm.so
7f7b3ec40000-7f7b3ecee000 r--p 00da3000 fd:00 4067614                    /usr/lib/jvm/java-1.8.0-openjdk-1.8.0.412.b08-1.el7_9.x86_64/jre/lib/amd64/server/libjvm.so
7f7b3ecee000-7f7b3ed19000 rw-p 00e51000 fd:00 4067614                    /usr/lib/jvm/java-1.8.0-openjdk-1.8.0.412.b08-1.el7_9.x86_64/jre/lib/amd64/server/libjvm.so
7f7b3ed19000-7f7b3ed4f000 rw-p 00000000 00:00 0 
7f7b3ed4f000-7f7b3ef13000 r-xp 00000000 fd:00 3015865                    /usr/lib64/libc-2.17.so
7f7b3ef13000-7f7b3f112000 ---p 001c4000 fd:00 3015865                    /usr/lib64/libc-2.17.so
7f7b3f112000-7f7b3f116000 r--p 001c3000 fd:00 3015865                    /usr/lib64/libc-2.17.so
7f7b3f116000-7f7b3f118000 rw-p 001c7000 fd:00 3015865                    /usr/lib64/libc-2.17.so
7f7b3f118000-7f7b3f11d000 rw-p 00000000 00:00 0 
7f7b3f11d000-7f7b3f11f000 r-xp 00000000 fd:00 3015871                    /usr/lib64/libdl-2.17.so
7f7b3f11f000-7f7b3f31f000 ---p 00002000 fd:00 3015871                    /usr/lib64/libdl-2.17.so
7f7b3f31f000-7f7b3f320000 r--p 00002000 fd:00 3015871                    /usr/lib64/libdl-2.17.so
7f7b3f320000-7f7b3f321000 rw-p 00003000 fd:00 3015871                    /usr/lib64/libdl-2.17.so
7f7b3f321000-7f7b3f32f000 r-xp 00000000 fd:00 4067797                    /usr/lib/jvm/java-1.8.0-openjdk-1.8.0.412.b08-1.el7_9.x86_64/lib/amd64/jli/libjli.so
7f7b3f32f000-7f7b3f52e000 ---p 0000e000 fd:00 4067797                    /usr/lib/jvm/java-1.8.0-openjdk-1.8.0.412.b08-1.el7_9.x86_64/lib/amd64/jli/libjli.so
7f7b3f52e000-7f7b3f52f000 r--p 0000d000 fd:00 4067797                    /usr/lib/jvm/java-1.8.0-openjdk-1.8.0.412.b08-1.el7_9.x86_64/lib/amd64/jli/libjli.so
7f7b3f52f000-7f7b3f530000 rw-p 0000e000 fd:00 4067797                    /usr/lib/jvm/java-1.8.0-openjdk-1.8.0.412.b08-1.el7_9.x86_64/lib/amd64/jli/libjli.so
7f7b3f530000-7f7b3f545000 r-xp 00000000 fd:00 3016054                    /usr/lib64/libz.so.1.2.7
7f7b3f545000-7f7b3f744000 ---p 00015000 fd:00 3016054                    /usr/lib64/libz.so.1.2.7
7f7b3f744000-7f7b3f745000 r--p 00014000 fd:00 3016054                    /usr/lib64/libz.so.1.2.7
7f7b3f745000-7f7b3f746000 rw-p 00015000 fd:00 3016054                    /usr/lib64/libz.so.1.2.7
7f7b3f746000-7f7b3f75d000 r-xp 00000000 fd:00 3015891                    /usr/lib64/libpthread-2.17.so
7f7b3f75d000-7f7b3f95c000 ---p 00017000 fd:00 3015891                    /usr/lib64/libpthread-2.17.so
7f7b3f95c000-7f7b3f95d000 r--p 00016000 fd:00 3015891                    /usr/lib64/libpthread-2.17.so
7f7b3f95d000-7f7b3f95e000 rw-p 00017000 fd:00 3015891                    /usr/lib64/libpthread-2.17.so
7f7b3f95e000-7f7b3f962000 rw-p 00000000 00:00 0 
7f7b3f962000-7f7b3f984000 r-xp 00000000 fd:00 3050198                    /usr/lib64/ld-2.17.so
7f7b3f984000-7f7b3fa61000 rw-p 00000000 00:00 0 
7f7b3fa61000-7f7b3fa65000 ---p 00000000 00:00 0 
7f7b3fa65000-7f7b3fb68000 rw-p 00000000 00:00 0 
7f7b3fb68000-7f7b3fb72000 rw-p 00000000 00:00 0 
7f7b3fb72000-7f7b3fb78000 r--s 000f6000 fd:00 4067653                    /usr/lib/jvm/java-1.8.0-openjdk-1.8.0.412.b08-1.el7_9.x86_64/jre/lib/jfr.jar
7f7b3fb78000-7f7b3fb80000 rw-s 00000000 fd:02 3276802                    /tmp/hsperfdata_mqbpqcs2/46255
7f7b3fb80000-7f7b3fb81000 rw-p 00000000 00:00 0 
7f7b3fb81000-7f7b3fb82000 r--p 00000000 00:00 0 
7f7b3fb82000-7f7b3fb83000 rw-p 00000000 00:00 0 
7f7b3fb83000-7f7b3fb84000 r--p 00021000 fd:00 3050198                    /usr/lib64/ld-2.17.so
7f7b3fb84000-7f7b3fb85000 rw-p 00022000 fd:00 3050198                    /usr/lib64/ld-2.17.so
7f7b3fb85000-7f7b3fb86000 rw-p 00000000 00:00 0 
7ffc49dcd000-7ffc49df1000 rw-p 00000000 00:00 0                          [stack]
7ffc49df7000-7ffc49df9000 r-xp 00000000 00:00 0                          [vdso]
ffffffffff600000-ffffffffff601000 r-xp 00000000 00:00 0                  [vsyscall]

VM Arguments:
jvm_args: -Dapplication.home=/usr/lib/jvm/java-1.8.0-openjdk-1.8.0.412.b08-1.el7_9.x86_64 -Xms8m 
java_command: com.sun.tools.javac.Main /tmp/Rjavareconf.W5AOZ4/A.java
java_class_path (initial): /usr/lib/jvm/java-1.8.0-openjdk-1.8.0.412.b08-1.el7_9.x86_64/lib/tools.jar:/usr/lib/jvm/java-1.8.0-openjdk-1.8.0.412.b08-1.el7_9.x86_64/classes
Launcher Type: SUN_STANDARD

Environment Variables:
PATH=/opt/apps/apps/python/miniconda3/4.10.3/bin:/opt/apps/apps/python/pyblah/0.1.2/bin:/opt/gridware/depots/8e896c5a/el7/pkg/apps/anaconda3/5.2.0/bin/bin:/opt/apps/apps/gcc/kaiju/1.7.2/bin:/opt/apps/apps/binapps/anaconda3/2021.11/bin:/opt/apps/apps/binapps/anaconda3/2021.11/condabin:/opt/site/sge/bin:/opt/site/sge/bin/lx-amd64:/usr/local/bin:/usr/bin:/usr/local/sbin:/usr/sbin:/mnt/iusers01/fatpou01/sees01/mqbpqcs2/.local/bin:/mnt/iusers01/fatpou01/sees01/mqbpqcs2/bin
LD_LIBRARY_PATH=/opt/gridware/depots/8e896c5a/el7/pkg/apps/anaconda3/5.2.0/bin/lib/R/lib:/builddir/vendor/build/lib:/usr/lib/jvm/java-1.8.0-openjdk-1.8.0.272.b10-1.el7_9.x86_64/jre/lib/amd64/server
SHELL=/bin/bash

Signal Handlers:
SIGSEGV: [libjvm.so+0xb6b1b0], sa_mask[0]=11111111011111111101111111111110, sa_flags=SA_RESTART|SA_SIGINFO
SIGBUS: [libjvm.so+0xb6b1b0], sa_mask[0]=11111111011111111101111111111110, sa_flags=SA_RESTART|SA_SIGINFO
SIGFPE: [libjvm.so+0x940ba0], sa_mask[0]=11111111011111111101111111111110, sa_flags=SA_RESTART|SA_SIGINFO
SIGPIPE: [libjvm.so+0x940ba0], sa_mask[0]=11111111011111111101111111111110, sa_flags=SA_RESTART|SA_SIGINFO
SIGXFSZ: [libjvm.so+0x940ba0], sa_mask[0]=11111111011111111101111111111110, sa_flags=SA_RESTART|SA_SIGINFO
SIGILL: [libjvm.so+0x940ba0], sa_mask[0]=11111111011111111101111111111110, sa_flags=SA_RESTART|SA_SIGINFO
SIGUSR1: SIG_DFL, sa_mask[0]=00000000000000000000000000000000, sa_flags=none
SIGUSR2: [libjvm.so+0x940d10], sa_mask[0]=00000000000000000000000000000000, sa_flags=SA_RESTART|SA_SIGINFO
SIGHUP: [libjvm.so+0x940c60], sa_mask[0]=11111111011111111101111111111110, sa_flags=SA_RESTART|SA_SIGINFO
SIGINT: [libjvm.so+0x940c60], sa_mask[0]=11111111011111111101111111111110, sa_flags=SA_RESTART|SA_SIGINFO
SIGTERM: [libjvm.so+0x940c60], sa_mask[0]=11111111011111111101111111111110, sa_flags=SA_RESTART|SA_SIGINFO
SIGQUIT: [libjvm.so+0x940c60], sa_mask[0]=11111111011111111101111111111110, sa_flags=SA_RESTART|SA_SIGINFO


---------------  S Y S T E M  ---------------

OS:CentOS Linux release 7.9.2009 (Core)

uname:Linux 3.10.0-1160.118.1.el7.x86_64 #1 SMP Wed Apr 24 16:01:50 UTC 2024 x86_64
libc:glibc 2.17 NPTL 2.17 
rlimit: STACK 8192k, CORE 0k, NPROC 4096, NOFILE 4096, AS 8388608k
load average:5.54 5.79 4.79

/proc/meminfo:
MemTotal:       263417068 kB
MemFree:         2568076 kB
MemAvailable:   239775212 kB
Buffers:          236364 kB
Cached:         184369152 kB
SwapCached:       210936 kB
Active:         87921860 kB
Inactive:       108544428 kB
Active(anon):    9531372 kB
Inactive(anon):  2638448 kB
Active(file):   78390488 kB
Inactive(file): 105905980 kB
Unevictable:          68 kB
Mlocked:              68 kB
SwapTotal:      33554428 kB
SwapFree:       20451580 kB
Dirty:                40 kB
Writeback:             0 kB
AnonPages:      11717372 kB
Mapped:           514560 kB
Shmem:            310736 kB
Slab:           60072488 kB
SReclaimable:   53794796 kB
SUnreclaim:      6277692 kB
KernelStack:       55312 kB
PageTables:       297584 kB
NFS_Unstable:        148 kB
Bounce:                0 kB
WritebackTmp:          0 kB
CommitLimit:    165262960 kB
Committed_AS:   44404956 kB
VmallocTotal:   34359738367 kB
VmallocUsed:     1030564 kB
VmallocChunk:   34224454576 kB
Percpu:            13632 kB
HardwareCorrupted:     0 kB
AnonHugePages:    188416 kB
CmaTotal:              0 kB
CmaFree:               0 kB
HugePages_Total:       0
HugePages_Free:        0
HugePages_Rsvd:        0
HugePages_Surp:        0
Hugepagesize:       2048 kB
DirectMap4k:      491492 kB
DirectMap2M:    44038144 kB
DirectMap1G:    225443840 kB

container (cgroup) information:
container_type: cgroupv1
cpu_cpuset_cpus: failed
cpu_memory_nodes: failed
active_processor_count: 48
cpu_quota: -2
cpu_period: -2
cpu_shares: -2
memory_limit_in_bytes: -2
memory_and_swap_limit_in_bytes: -2
memory_soft_limit_in_bytes: -2
memory_usage_in_bytes: -2
memory_max_usage_in_bytes: -2


CPU:total 48 (initial active 48) (24 cores per cpu, 2 threads per core) family 6 model 106 stepping 6, cmov, cx8, fxsr, mmx, sse, sse2, sse3, ssse3, sse4.1, sse4.2, popcnt, avx, avx2, aes, clmul, erms, rtm, 3dnowpref, lzcnt, ht, tsc, tscinvbit, bmi1, bmi2, adx

/proc/cpuinfo:
processor	: 0
vendor_id	: GenuineIntel
cpu family	: 6
model		: 106
model name	: Intel(R) Xeon(R) Gold 6342 CPU @ 2.80GHz
stepping	: 6
microcode	: 0xd0003b9
cpu MHz		: 2800.000
cache size	: 36864 KB
physical id	: 0
siblings	: 24
core id		: 0
cpu cores	: 24
apicid		: 0
initial apicid	: 0
fpu		: yes
fpu_exception	: yes
cpuid level	: 27
wp		: yes
flags		: fpu vme de pse tsc msr pae mce cx8 apic sep mtrr pge mca cmov pat pse36 clflush dts acpi mmx fxsr sse sse2 ss ht tm pbe syscall nx pdpe1gb rdtscp lm constant_tsc art arch_perfmon pebs bts rep_good nopl xtopology nonstop_tsc aperfmperf eagerfpu pni pclmulqdq dtes64 monitor ds_cpl vmx smx est tm2 ssse3 sdbg fma cx16 xtpr pdcm pcid dca sse4_1 sse4_2 x2apic movbe popcnt tsc_deadline_timer aes xsave avx f16c rdrand lahf_lm abm 3dnowprefetch epb cat_l3 invpcid_single ssbd mba rsb_ctxsw ibrs ibpb stibp ibrs_enhanced tpr_shadow vnmi flexpriority ept vpid fsgsbase tsc_adjust bmi1 hle avx2 smep bmi2 erms invpcid rtm cqm rdt_a avx512f avx512dq rdseed adx smap avx512ifma clflushopt clwb intel_pt avx512cd sha_ni avx512bw avx512vl xsaveopt xsavec xgetbv1 cqm_llc cqm_occup_llc cqm_mbm_total cqm_mbm_local dtherm ida arat pln pts avx512vbmi umip pku ospke avx512_vbmi2 gfni vaes vpclmulqdq avx512_vnni avx512_bitalg avx512_vpopcntdq md_clear pconfig spec_ctrl intel_stibp flush_l1d arch_capabilities
bogomips	: 5600.00
clflush size	: 64
cache_alignment	: 64
address sizes	: 46 bits physical, 57 bits virtual
power management:

processor	: 1
vendor_id	: GenuineIntel
cpu family	: 6
model		: 106
model name	: Intel(R) Xeon(R) Gold 6342 CPU @ 2.80GHz
stepping	: 6
microcode	: 0xd0003b9
cpu MHz		: 2800.000
cache size	: 36864 KB
physical id	: 1
siblings	: 24
core id		: 0
cpu cores	: 24
apicid		: 64
initial apicid	: 64
fpu		: yes
fpu_exception	: yes
cpuid level	: 27
wp		: yes
flags		: fpu vme de pse tsc msr pae mce cx8 apic sep mtrr pge mca cmov pat pse36 clflush dts acpi mmx fxsr sse sse2 ss ht tm pbe syscall nx pdpe1gb rdtscp lm constant_tsc art arch_perfmon pebs bts rep_good nopl xtopology nonstop_tsc aperfmperf eagerfpu pni pclmulqdq dtes64 monitor ds_cpl vmx smx est tm2 ssse3 sdbg fma cx16 xtpr pdcm pcid dca sse4_1 sse4_2 x2apic movbe popcnt tsc_deadline_timer aes xsave avx f16c rdrand lahf_lm abm 3dnowprefetch epb cat_l3 invpcid_single ssbd mba rsb_ctxsw ibrs ibpb stibp ibrs_enhanced tpr_shadow vnmi flexpriority ept vpid fsgsbase tsc_adjust bmi1 hle avx2 smep bmi2 erms invpcid rtm cqm rdt_a avx512f avx512dq rdseed adx smap avx512ifma clflushopt clwb intel_pt avx512cd sha_ni avx512bw avx512vl xsaveopt xsavec xgetbv1 cqm_llc cqm_occup_llc cqm_mbm_total cqm_mbm_local dtherm ida arat pln pts avx512vbmi umip pku ospke avx512_vbmi2 gfni vaes vpclmulqdq avx512_vnni avx512_bitalg avx512_vpopcntdq md_clear pconfig spec_ctrl intel_stibp flush_l1d arch_capabilities
bogomips	: 5624.93
clflush size	: 64
cache_alignment	: 64
address sizes	: 46 bits physical, 57 bits virtual
power management:

processor	: 2
vendor_id	: GenuineIntel
cpu family	: 6
model		: 106
model name	: Intel(R) Xeon(R) Gold 6342 CPU @ 2.80GHz
stepping	: 6
microcode	: 0xd0003b9
cpu MHz		: 2800.000
cache size	: 36864 KB
physical id	: 0
siblings	: 24
core id		: 12
cpu cores	: 24
apicid		: 24
initial apicid	: 24
fpu		: yes
fpu_exception	: yes
cpuid level	: 27
wp		: yes
flags		: fpu vme de pse tsc msr pae mce cx8 apic sep mtrr pge mca cmov pat pse36 clflush dts acpi mmx fxsr sse sse2 ss ht tm pbe syscall nx pdpe1gb rdtscp lm constant_tsc art arch_perfmon pebs bts rep_good nopl xtopology nonstop_tsc aperfmperf eagerfpu pni pclmulqdq dtes64 monitor ds_cpl vmx smx est tm2 ssse3 sdbg fma cx16 xtpr pdcm pcid dca sse4_1 sse4_2 x2apic movbe popcnt tsc_deadline_timer aes xsave avx f16c rdrand lahf_lm abm 3dnowprefetch epb cat_l3 invpcid_single ssbd mba rsb_ctxsw ibrs ibpb stibp ibrs_enhanced tpr_shadow vnmi flexpriority ept vpid fsgsbase tsc_adjust bmi1 hle avx2 smep bmi2 erms invpcid rtm cqm rdt_a avx512f avx512dq rdseed adx smap avx512ifma clflushopt clwb intel_pt avx512cd sha_ni avx512bw avx512vl xsaveopt xsavec xgetbv1 cqm_llc cqm_occup_llc cqm_mbm_total cqm_mbm_local dtherm ida arat pln pts avx512vbmi umip pku ospke avx512_vbmi2 gfni vaes vpclmulqdq avx512_vnni avx512_bitalg avx512_vpopcntdq md_clear pconfig spec_ctrl intel_stibp flush_l1d arch_capabilities
bogomips	: 5600.00
clflush size	: 64
cache_alignment	: 64
address sizes	: 46 bits physical, 57 bits virtual
power management:

processor	: 3
vendor_id	: GenuineIntel
cpu family	: 6
model		: 106
model name	: Intel(R) Xeon(R) Gold 6342 CPU @ 2.80GHz
stepping	: 6
microcode	: 0xd0003b9
cpu MHz		: 2800.000
cache size	: 36864 KB
physical id	: 1
siblings	: 24
core id		: 12
cpu cores	: 24
apicid		: 88
initial apicid	: 88
fpu		: yes
fpu_exception	: yes
cpuid level	: 27
wp		: yes
flags		: fpu vme de pse tsc msr pae mce cx8 apic sep mtrr pge mca cmov pat pse36 clflush dts acpi mmx fxsr sse sse2 ss ht tm pbe syscall nx pdpe1gb rdtscp lm constant_tsc art arch_perfmon pebs bts rep_good nopl xtopology nonstop_tsc aperfmperf eagerfpu pni pclmulqdq dtes64 monitor ds_cpl vmx smx est tm2 ssse3 sdbg fma cx16 xtpr pdcm pcid dca sse4_1 sse4_2 x2apic movbe popcnt tsc_deadline_timer aes xsave avx f16c rdrand lahf_lm abm 3dnowprefetch epb cat_l3 invpcid_single ssbd mba rsb_ctxsw ibrs ibpb stibp ibrs_enhanced tpr_shadow vnmi flexpriority ept vpid fsgsbase tsc_adjust bmi1 hle avx2 smep bmi2 erms invpcid rtm cqm rdt_a avx512f avx512dq rdseed adx smap avx512ifma clflushopt clwb intel_pt avx512cd sha_ni avx512bw avx512vl xsaveopt xsavec xgetbv1 cqm_llc cqm_occup_llc cqm_mbm_total cqm_mbm_local dtherm ida arat pln pts avx512vbmi umip pku ospke avx512_vbmi2 gfni vaes vpclmulqdq avx512_vnni avx512_bitalg avx512_vpopcntdq md_clear pconfig spec_ctrl intel_stibp flush_l1d arch_capabilities
bogomips	: 5624.93
clflush size	: 64
cache_alignment	: 64
address sizes	: 46 bits physical, 57 bits virtual
power management:

processor	: 4
vendor_id	: GenuineIntel
cpu family	: 6
model		: 106
model name	: Intel(R) Xeon(R) Gold 6342 CPU @ 2.80GHz
stepping	: 6
microcode	: 0xd0003b9
cpu MHz		: 2800.000
cache size	: 36864 KB
physical id	: 0
siblings	: 24
core id		: 1
cpu cores	: 24
apicid		: 2
initial apicid	: 2
fpu		: yes
fpu_exception	: yes
cpuid level	: 27
wp		: yes
flags		: fpu vme de pse tsc msr pae mce cx8 apic sep mtrr pge mca cmov pat pse36 clflush dts acpi mmx fxsr sse sse2 ss ht tm pbe syscall nx pdpe1gb rdtscp lm constant_tsc art arch_perfmon pebs bts rep_good nopl xtopology nonstop_tsc aperfmperf eagerfpu pni pclmulqdq dtes64 monitor ds_cpl vmx smx est tm2 ssse3 sdbg fma cx16 xtpr pdcm pcid dca sse4_1 sse4_2 x2apic movbe popcnt tsc_deadline_timer aes xsave avx f16c rdrand lahf_lm abm 3dnowprefetch epb cat_l3 invpcid_single ssbd mba rsb_ctxsw ibrs ibpb stibp ibrs_enhanced tpr_shadow vnmi flexpriority ept vpid fsgsbase tsc_adjust bmi1 hle avx2 smep bmi2 erms invpcid rtm cqm rdt_a avx512f avx512dq rdseed adx smap avx512ifma clflushopt clwb intel_pt avx512cd sha_ni avx512bw avx512vl xsaveopt xsavec xgetbv1 cqm_llc cqm_occup_llc cqm_mbm_total cqm_mbm_local dtherm ida arat pln pts avx512vbmi umip pku ospke avx512_vbmi2 gfni vaes vpclmulqdq avx512_vnni avx512_bitalg avx512_vpopcntdq md_clear pconfig spec_ctrl intel_stibp flush_l1d arch_capabilities
bogomips	: 5600.00
clflush size	: 64
cache_alignment	: 64
address sizes	: 46 bits physical, 57 bits virtual
power management:

processor	: 5
vendor_id	: GenuineIntel
cpu family	: 6
model		: 106
model name	: Intel(R) Xeon(R) Gold 6342 CPU @ 2.80GHz
stepping	: 6
microcode	: 0xd0003b9
cpu MHz		: 2800.000
cache size	: 36864 KB
physical id	: 1
siblings	: 24
core id		: 1
cpu cores	: 24
apicid		: 66
initial apicid	: 66
fpu		: yes
fpu_exception	: yes
cpuid level	: 27
wp		: yes
flags		: fpu vme de pse tsc msr pae mce cx8 apic sep mtrr pge mca cmov pat pse36 clflush dts acpi mmx fxsr sse sse2 ss ht tm pbe syscall nx pdpe1gb rdtscp lm constant_tsc art arch_perfmon pebs bts rep_good nopl xtopology nonstop_tsc aperfmperf eagerfpu pni pclmulqdq dtes64 monitor ds_cpl vmx smx est tm2 ssse3 sdbg fma cx16 xtpr pdcm pcid dca sse4_1 sse4_2 x2apic movbe popcnt tsc_deadline_timer aes xsave avx f16c rdrand lahf_lm abm 3dnowprefetch epb cat_l3 invpcid_single ssbd mba rsb_ctxsw ibrs ibpb stibp ibrs_enhanced tpr_shadow vnmi flexpriority ept vpid fsgsbase tsc_adjust bmi1 hle avx2 smep bmi2 erms invpcid rtm cqm rdt_a avx512f avx512dq rdseed adx smap avx512ifma clflushopt clwb intel_pt avx512cd sha_ni avx512bw avx512vl xsaveopt xsavec xgetbv1 cqm_llc cqm_occup_llc cqm_mbm_total cqm_mbm_local dtherm ida arat pln pts avx512vbmi umip pku ospke avx512_vbmi2 gfni vaes vpclmulqdq avx512_vnni avx512_bitalg avx512_vpopcntdq md_clear pconfig spec_ctrl intel_stibp flush_l1d arch_capabilities
bogomips	: 5624.93
clflush size	: 64
cache_alignment	: 64
address sizes	: 46 bits physical, 57 bits virtual
power management:

processor	: 6
vendor_id	: GenuineIntel
cpu family	: 6
model		: 106
model name	: Intel(R) Xeon(R) Gold 6342 CPU @ 2.80GHz
stepping	: 6
microcode	: 0xd0003b9
cpu MHz		: 2800.000
cache size	: 36864 KB
physical id	: 0
siblings	: 24
core id		: 13
cpu cores	: 24
apicid		: 26
initial apicid	: 26
fpu		: yes
fpu_exception	: yes
cpuid level	: 27
wp		: yes
flags		: fpu vme de pse tsc msr pae mce cx8 apic sep mtrr pge mca cmov pat pse36 clflush dts acpi mmx fxsr sse sse2 ss ht tm pbe syscall nx pdpe1gb rdtscp lm constant_tsc art arch_perfmon pebs bts rep_good nopl xtopology nonstop_tsc aperfmperf eagerfpu pni pclmulqdq dtes64 monitor ds_cpl vmx smx est tm2 ssse3 sdbg fma cx16 xtpr pdcm pcid dca sse4_1 sse4_2 x2apic movbe popcnt tsc_deadline_timer aes xsave avx f16c rdrand lahf_lm abm 3dnowprefetch epb cat_l3 invpcid_single ssbd mba rsb_ctxsw ibrs ibpb stibp ibrs_enhanced tpr_shadow vnmi flexpriority ept vpid fsgsbase tsc_adjust bmi1 hle avx2 smep bmi2 erms invpcid rtm cqm rdt_a avx512f avx512dq rdseed adx smap avx512ifma clflushopt clwb intel_pt avx512cd sha_ni avx512bw avx512vl xsaveopt xsavec xgetbv1 cqm_llc cqm_occup_llc cqm_mbm_total cqm_mbm_local dtherm ida arat pln pts avx512vbmi umip pku ospke avx512_vbmi2 gfni vaes vpclmulqdq avx512_vnni avx512_bitalg avx512_vpopcntdq md_clear pconfig spec_ctrl intel_stibp flush_l1d arch_capabilities
bogomips	: 5600.00
clflush size	: 64
cache_alignment	: 64
address sizes	: 46 bits physical, 57 bits virtual
power management:

processor	: 7
vendor_id	: GenuineIntel
cpu family	: 6
model		: 106
model name	: Intel(R) Xeon(R) Gold 6342 CPU @ 2.80GHz
stepping	: 6
microcode	: 0xd0003b9
cpu MHz		: 2800.000
cache size	: 36864 KB
physical id	: 1
siblings	: 24
core id		: 13
cpu cores	: 24
apicid		: 90
initial apicid	: 90
fpu		: yes
fpu_exception	: yes
cpuid level	: 27
wp		: yes
flags		: fpu vme de pse tsc msr pae mce cx8 apic sep mtrr pge mca cmov pat pse36 clflush dts acpi mmx fxsr sse sse2 ss ht tm pbe syscall nx pdpe1gb rdtscp lm constant_tsc art arch_perfmon pebs bts rep_good nopl xtopology nonstop_tsc aperfmperf eagerfpu pni pclmulqdq dtes64 monitor ds_cpl vmx smx est tm2 ssse3 sdbg fma cx16 xtpr pdcm pcid dca sse4_1 sse4_2 x2apic movbe popcnt tsc_deadline_timer aes xsave avx f16c rdrand lahf_lm abm 3dnowprefetch epb cat_l3 invpcid_single ssbd mba rsb_ctxsw ibrs ibpb stibp ibrs_enhanced tpr_shadow vnmi flexpriority ept vpid fsgsbase tsc_adjust bmi1 hle avx2 smep bmi2 erms invpcid rtm cqm rdt_a avx512f avx512dq rdseed adx smap avx512ifma clflushopt clwb intel_pt avx512cd sha_ni avx512bw avx512vl xsaveopt xsavec xgetbv1 cqm_llc cqm_occup_llc cqm_mbm_total cqm_mbm_local dtherm ida arat pln pts avx512vbmi umip pku ospke avx512_vbmi2 gfni vaes vpclmulqdq avx512_vnni avx512_bitalg avx512_vpopcntdq md_clear pconfig spec_ctrl intel_stibp flush_l1d arch_capabilities
bogomips	: 5624.93
clflush size	: 64
cache_alignment	: 64
address sizes	: 46 bits physical, 57 bits virtual
power management:

processor	: 8
vendor_id	: GenuineIntel
cpu family	: 6
model		: 106
model name	: Intel(R) Xeon(R) Gold 6342 CPU @ 2.80GHz
stepping	: 6
microcode	: 0xd0003b9
cpu MHz		: 2800.000
cache size	: 36864 KB
physical id	: 0
siblings	: 24
core id		: 2
cpu cores	: 24
apicid		: 4
initial apicid	: 4
fpu		: yes
fpu_exception	: yes
cpuid level	: 27
wp		: yes
flags		: fpu vme de pse tsc msr pae mce cx8 apic sep mtrr pge mca cmov pat pse36 clflush dts acpi mmx fxsr sse sse2 ss ht tm pbe syscall nx pdpe1gb rdtscp lm constant_tsc art arch_perfmon pebs bts rep_good nopl xtopology nonstop_tsc aperfmperf eagerfpu pni pclmulqdq dtes64 monitor ds_cpl vmx smx est tm2 ssse3 sdbg fma cx16 xtpr pdcm pcid dca sse4_1 sse4_2 x2apic movbe popcnt tsc_deadline_timer aes xsave avx f16c rdrand lahf_lm abm 3dnowprefetch epb cat_l3 invpcid_single ssbd mba rsb_ctxsw ibrs ibpb stibp ibrs_enhanced tpr_shadow vnmi flexpriority ept vpid fsgsbase tsc_adjust bmi1 hle avx2 smep bmi2 erms invpcid rtm cqm rdt_a avx512f avx512dq rdseed adx smap avx512ifma clflushopt clwb intel_pt avx512cd sha_ni avx512bw avx512vl xsaveopt xsavec xgetbv1 cqm_llc cqm_occup_llc cqm_mbm_total cqm_mbm_local dtherm ida arat pln pts avx512vbmi umip pku ospke avx512_vbmi2 gfni vaes vpclmulqdq avx512_vnni avx512_bitalg avx512_vpopcntdq md_clear pconfig spec_ctrl intel_stibp flush_l1d arch_capabilities
bogomips	: 5600.00
clflush size	: 64
cache_alignment	: 64
address sizes	: 46 bits physical, 57 bits virtual
power management:

processor	: 9
vendor_id	: GenuineIntel
cpu family	: 6
model		: 106
model name	: Intel(R) Xeon(R) Gold 6342 CPU @ 2.80GHz
stepping	: 6
microcode	: 0xd0003b9
cpu MHz		: 2800.000
cache size	: 36864 KB
physical id	: 1
siblings	: 24
core id		: 2
cpu cores	: 24
apicid		: 68
initial apicid	: 68
fpu		: yes
fpu_exception	: yes
cpuid level	: 27
wp		: yes
flags		: fpu vme de pse tsc msr pae mce cx8 apic sep mtrr pge mca cmov pat pse36 clflush dts acpi mmx fxsr sse sse2 ss ht tm pbe syscall nx pdpe1gb rdtscp lm constant_tsc art arch_perfmon pebs bts rep_good nopl xtopology nonstop_tsc aperfmperf eagerfpu pni pclmulqdq dtes64 monitor ds_cpl vmx smx est tm2 ssse3 sdbg fma cx16 xtpr pdcm pcid dca sse4_1 sse4_2 x2apic movbe popcnt tsc_deadline_timer aes xsave avx f16c rdrand lahf_lm abm 3dnowprefetch epb cat_l3 invpcid_single ssbd mba rsb_ctxsw ibrs ibpb stibp ibrs_enhanced tpr_shadow vnmi flexpriority ept vpid fsgsbase tsc_adjust bmi1 hle avx2 smep bmi2 erms invpcid rtm cqm rdt_a avx512f avx512dq rdseed adx smap avx512ifma clflushopt clwb intel_pt avx512cd sha_ni avx512bw avx512vl xsaveopt xsavec xgetbv1 cqm_llc cqm_occup_llc cqm_mbm_total cqm_mbm_local dtherm ida arat pln pts avx512vbmi umip pku ospke avx512_vbmi2 gfni vaes vpclmulqdq avx512_vnni avx512_bitalg avx512_vpopcntdq md_clear pconfig spec_ctrl intel_stibp flush_l1d arch_capabilities
bogomips	: 5624.93
clflush size	: 64
cache_alignment	: 64
address sizes	: 46 bits physical, 57 bits virtual
power management:

processor	: 10
vendor_id	: GenuineIntel
cpu family	: 6
model		: 106
model name	: Intel(R) Xeon(R) Gold 6342 CPU @ 2.80GHz
stepping	: 6
microcode	: 0xd0003b9
cpu MHz		: 2800.000
cache size	: 36864 KB
physical id	: 0
siblings	: 24
core id		: 14
cpu cores	: 24
apicid		: 28
initial apicid	: 28
fpu		: yes
fpu_exception	: yes
cpuid level	: 27
wp		: yes
flags		: fpu vme de pse tsc msr pae mce cx8 apic sep mtrr pge mca cmov pat pse36 clflush dts acpi mmx fxsr sse sse2 ss ht tm pbe syscall nx pdpe1gb rdtscp lm constant_tsc art arch_perfmon pebs bts rep_good nopl xtopology nonstop_tsc aperfmperf eagerfpu pni pclmulqdq dtes64 monitor ds_cpl vmx smx est tm2 ssse3 sdbg fma cx16 xtpr pdcm pcid dca sse4_1 sse4_2 x2apic movbe popcnt tsc_deadline_timer aes xsave avx f16c rdrand lahf_lm abm 3dnowprefetch epb cat_l3 invpcid_single ssbd mba rsb_ctxsw ibrs ibpb stibp ibrs_enhanced tpr_shadow vnmi flexpriority ept vpid fsgsbase tsc_adjust bmi1 hle avx2 smep bmi2 erms invpcid rtm cqm rdt_a avx512f avx512dq rdseed adx smap avx512ifma clflushopt clwb intel_pt avx512cd sha_ni avx512bw avx512vl xsaveopt xsavec xgetbv1 cqm_llc cqm_occup_llc cqm_mbm_total cqm_mbm_local dtherm ida arat pln pts avx512vbmi umip pku ospke avx512_vbmi2 gfni vaes vpclmulqdq avx512_vnni avx512_bitalg avx512_vpopcntdq md_clear pconfig spec_ctrl intel_stibp flush_l1d arch_capabilities
bogomips	: 5600.00
clflush size	: 64
cache_alignment	: 64
address sizes	: 46 bits physical, 57 bits virtual
power management:

processor	: 11
vendor_id	: GenuineIntel
cpu family	: 6
model		: 106
model name	: Intel(R) Xeon(R) Gold 6342 CPU @ 2.80GHz
stepping	: 6
microcode	: 0xd0003b9
cpu MHz		: 2800.000
cache size	: 36864 KB
physical id	: 1
siblings	: 24
core id		: 14
cpu cores	: 24
apicid		: 92
initial apicid	: 92
fpu		: yes
fpu_exception	: yes
cpuid level	: 27
wp		: yes
flags		: fpu vme de pse tsc msr pae mce cx8 apic sep mtrr pge mca cmov pat pse36 clflush dts acpi mmx fxsr sse sse2 ss ht tm pbe syscall nx pdpe1gb rdtscp lm constant_tsc art arch_perfmon pebs bts rep_good nopl xtopology nonstop_tsc aperfmperf eagerfpu pni pclmulqdq dtes64 monitor ds_cpl vmx smx est tm2 ssse3 sdbg fma cx16 xtpr pdcm pcid dca sse4_1 sse4_2 x2apic movbe popcnt tsc_deadline_timer aes xsave avx f16c rdrand lahf_lm abm 3dnowprefetch epb cat_l3 invpcid_single ssbd mba rsb_ctxsw ibrs ibpb stibp ibrs_enhanced tpr_shadow vnmi flexpriority ept vpid fsgsbase tsc_adjust bmi1 hle avx2 smep bmi2 erms invpcid rtm cqm rdt_a avx512f avx512dq rdseed adx smap avx512ifma clflushopt clwb intel_pt avx512cd sha_ni avx512bw avx512vl xsaveopt xsavec xgetbv1 cqm_llc cqm_occup_llc cqm_mbm_total cqm_mbm_local dtherm ida arat pln pts avx512vbmi umip pku ospke avx512_vbmi2 gfni vaes vpclmulqdq avx512_vnni avx512_bitalg avx512_vpopcntdq md_clear pconfig spec_ctrl intel_stibp flush_l1d arch_capabilities
bogomips	: 5624.93
clflush size	: 64
cache_alignment	: 64
address sizes	: 46 bits physical, 57 bits virtual
power management:

processor	: 12
vendor_id	: GenuineIntel
cpu family	: 6
model		: 106
model name	: Intel(R) Xeon(R) Gold 6342 CPU @ 2.80GHz
stepping	: 6
microcode	: 0xd0003b9
cpu MHz		: 2800.000
cache size	: 36864 KB
physical id	: 0
siblings	: 24
core id		: 3
cpu cores	: 24
apicid		: 6
initial apicid	: 6
fpu		: yes
fpu_exception	: yes
cpuid level	: 27
wp		: yes
flags		: fpu vme de pse tsc msr pae mce cx8 apic sep mtrr pge mca cmov pat pse36 clflush dts acpi mmx fxsr sse sse2 ss ht tm pbe syscall nx pdpe1gb rdtscp lm constant_tsc art arch_perfmon pebs bts rep_good nopl xtopology nonstop_tsc aperfmperf eagerfpu pni pclmulqdq dtes64 monitor ds_cpl vmx smx est tm2 ssse3 sdbg fma cx16 xtpr pdcm pcid dca sse4_1 sse4_2 x2apic movbe popcnt tsc_deadline_timer aes xsave avx f16c rdrand lahf_lm abm 3dnowprefetch epb cat_l3 invpcid_single ssbd mba rsb_ctxsw ibrs ibpb stibp ibrs_enhanced tpr_shadow vnmi flexpriority ept vpid fsgsbase tsc_adjust bmi1 hle avx2 smep bmi2 erms invpcid rtm cqm rdt_a avx512f avx512dq rdseed adx smap avx512ifma clflushopt clwb intel_pt avx512cd sha_ni avx512bw avx512vl xsaveopt xsavec xgetbv1 cqm_llc cqm_occup_llc cqm_mbm_total cqm_mbm_local dtherm ida arat pln pts avx512vbmi umip pku ospke avx512_vbmi2 gfni vaes vpclmulqdq avx512_vnni avx512_bitalg avx512_vpopcntdq md_clear pconfig spec_ctrl intel_stibp flush_l1d arch_capabilities
bogomips	: 5600.00
clflush size	: 64
cache_alignment	: 64
address sizes	: 46 bits physical, 57 bits virtual
power management:

processor	: 13
vendor_id	: GenuineIntel
cpu family	: 6
model		: 106
model name	: Intel(R) Xeon(R) Gold 6342 CPU @ 2.80GHz
stepping	: 6
microcode	: 0xd0003b9
cpu MHz		: 2800.000
cache size	: 36864 KB
physical id	: 1
siblings	: 24
core id		: 3
cpu cores	: 24
apicid		: 70
initial apicid	: 70
fpu		: yes
fpu_exception	: yes
cpuid level	: 27
wp		: yes
flags		: fpu vme de pse tsc msr pae mce cx8 apic sep mtrr pge mca cmov pat pse36 clflush dts acpi mmx fxsr sse sse2 ss ht tm pbe syscall nx pdpe1gb rdtscp lm constant_tsc art arch_perfmon pebs bts rep_good nopl xtopology nonstop_tsc aperfmperf eagerfpu pni pclmulqdq dtes64 monitor ds_cpl vmx smx est tm2 ssse3 sdbg fma cx16 xtpr pdcm pcid dca sse4_1 sse4_2 x2apic movbe popcnt tsc_deadline_timer aes xsave avx f16c rdrand lahf_lm abm 3dnowprefetch epb cat_l3 invpcid_single ssbd mba rsb_ctxsw ibrs ibpb stibp ibrs_enhanced tpr_shadow vnmi flexpriority ept vpid fsgsbase tsc_adjust bmi1 hle avx2 smep bmi2 erms invpcid rtm cqm rdt_a avx512f avx512dq rdseed adx smap avx512ifma clflushopt clwb intel_pt avx512cd sha_ni avx512bw avx512vl xsaveopt xsavec xgetbv1 cqm_llc cqm_occup_llc cqm_mbm_total cqm_mbm_local dtherm ida arat pln pts avx512vbmi umip pku ospke avx512_vbmi2 gfni vaes vpclmulqdq avx512_vnni avx512_bitalg avx512_vpopcntdq md_clear pconfig spec_ctrl intel_stibp flush_l1d arch_capabilities
bogomips	: 5624.93
clflush size	: 64
cache_alignment	: 64
address sizes	: 46 bits physical, 57 bits virtual
power management:

processor	: 14
vendor_id	: GenuineIntel
cpu family	: 6
model		: 106
model name	: Intel(R) Xeon(R) Gold 6342 CPU @ 2.80GHz
stepping	: 6
microcode	: 0xd0003b9
cpu MHz		: 2800.000
cache size	: 36864 KB
physical id	: 0
siblings	: 24
core id		: 15
cpu cores	: 24
apicid		: 30
initial apicid	: 30
fpu		: yes
fpu_exception	: yes
cpuid level	: 27
wp		: yes
flags		: fpu vme de pse tsc msr pae mce cx8 apic sep mtrr pge mca cmov pat pse36 clflush dts acpi mmx fxsr sse sse2 ss ht tm pbe syscall nx pdpe1gb rdtscp lm constant_tsc art arch_perfmon pebs bts rep_good nopl xtopology nonstop_tsc aperfmperf eagerfpu pni pclmulqdq dtes64 monitor ds_cpl vmx smx est tm2 ssse3 sdbg fma cx16 xtpr pdcm pcid dca sse4_1 sse4_2 x2apic movbe popcnt tsc_deadline_timer aes xsave avx f16c rdrand lahf_lm abm 3dnowprefetch epb cat_l3 invpcid_single ssbd mba rsb_ctxsw ibrs ibpb stibp ibrs_enhanced tpr_shadow vnmi flexpriority ept vpid fsgsbase tsc_adjust bmi1 hle avx2 smep bmi2 erms invpcid rtm cqm rdt_a avx512f avx512dq rdseed adx smap avx512ifma clflushopt clwb intel_pt avx512cd sha_ni avx512bw avx512vl xsaveopt xsavec xgetbv1 cqm_llc cqm_occup_llc cqm_mbm_total cqm_mbm_local dtherm ida arat pln pts avx512vbmi umip pku ospke avx512_vbmi2 gfni vaes vpclmulqdq avx512_vnni avx512_bitalg avx512_vpopcntdq md_clear pconfig spec_ctrl intel_stibp flush_l1d arch_capabilities
bogomips	: 5600.00
clflush size	: 64
cache_alignment	: 64
address sizes	: 46 bits physical, 57 bits virtual
power management:

processor	: 15
vendor_id	: GenuineIntel
cpu family	: 6
model		: 106
model name	: Intel(R) Xeon(R) Gold 6342 CPU @ 2.80GHz
stepping	: 6
microcode	: 0xd0003b9
cpu MHz		: 2800.000
cache size	: 36864 KB
physical id	: 1
siblings	: 24
core id		: 15
cpu cores	: 24
apicid		: 94
initial apicid	: 94
fpu		: yes
fpu_exception	: yes
cpuid level	: 27
wp		: yes
flags		: fpu vme de pse tsc msr pae mce cx8 apic sep mtrr pge mca cmov pat pse36 clflush dts acpi mmx fxsr sse sse2 ss ht tm pbe syscall nx pdpe1gb rdtscp lm constant_tsc art arch_perfmon pebs bts rep_good nopl xtopology nonstop_tsc aperfmperf eagerfpu pni pclmulqdq dtes64 monitor ds_cpl vmx smx est tm2 ssse3 sdbg fma cx16 xtpr pdcm pcid dca sse4_1 sse4_2 x2apic movbe popcnt tsc_deadline_timer aes xsave avx f16c rdrand lahf_lm abm 3dnowprefetch epb cat_l3 invpcid_single ssbd mba rsb_ctxsw ibrs ibpb stibp ibrs_enhanced tpr_shadow vnmi flexpriority ept vpid fsgsbase tsc_adjust bmi1 hle avx2 smep bmi2 erms invpcid rtm cqm rdt_a avx512f avx512dq rdseed adx smap avx512ifma clflushopt clwb intel_pt avx512cd sha_ni avx512bw avx512vl xsaveopt xsavec xgetbv1 cqm_llc cqm_occup_llc cqm_mbm_total cqm_mbm_local dtherm ida arat pln pts avx512vbmi umip pku ospke avx512_vbmi2 gfni vaes vpclmulqdq avx512_vnni avx512_bitalg avx512_vpopcntdq md_clear pconfig spec_ctrl intel_stibp flush_l1d arch_capabilities
bogomips	: 5624.93
clflush size	: 64
cache_alignment	: 64
address sizes	: 46 bits physical, 57 bits virtual
power management:

processor	: 16
vendor_id	: GenuineIntel
cpu family	: 6
model		: 106
model name	: Intel(R) Xeon(R) Gold 6342 CPU @ 2.80GHz
stepping	: 6
microcode	: 0xd0003b9
cpu MHz		: 2800.000
cache size	: 36864 KB
physical id	: 0
siblings	: 24
core id		: 4
cpu cores	: 24
apicid		: 8
initial apicid	: 8
fpu		: yes
fpu_exception	: yes
cpuid level	: 27
wp		: yes
flags		: fpu vme de pse tsc msr pae mce cx8 apic sep mtrr pge mca cmov pat pse36 clflush dts acpi mmx fxsr sse sse2 ss ht tm pbe syscall nx pdpe1gb rdtscp lm constant_tsc art arch_perfmon pebs bts rep_good nopl xtopology nonstop_tsc aperfmperf eagerfpu pni pclmulqdq dtes64 monitor ds_cpl vmx smx est tm2 ssse3 sdbg fma cx16 xtpr pdcm pcid dca sse4_1 sse4_2 x2apic movbe popcnt tsc_deadline_timer aes xsave avx f16c rdrand lahf_lm abm 3dnowprefetch epb cat_l3 invpcid_single ssbd mba rsb_ctxsw ibrs ibpb stibp ibrs_enhanced tpr_shadow vnmi flexpriority ept vpid fsgsbase tsc_adjust bmi1 hle avx2 smep bmi2 erms invpcid rtm cqm rdt_a avx512f avx512dq rdseed adx smap avx512ifma clflushopt clwb intel_pt avx512cd sha_ni avx512bw avx512vl xsaveopt xsavec xgetbv1 cqm_llc cqm_occup_llc cqm_mbm_total cqm_mbm_local dtherm ida arat pln pts avx512vbmi umip pku ospke avx512_vbmi2 gfni vaes vpclmulqdq avx512_vnni avx512_bitalg avx512_vpopcntdq md_clear pconfig spec_ctrl intel_stibp flush_l1d arch_capabilities
bogomips	: 5600.00
clflush size	: 64
cache_alignment	: 64
address sizes	: 46 bits physical, 57 bits virtual
power management:

processor	: 17
vendor_id	: GenuineIntel
cpu family	: 6
model		: 106
model name	: Intel(R) Xeon(R) Gold 6342 CPU @ 2.80GHz
stepping	: 6
microcode	: 0xd0003b9
cpu MHz		: 2800.000
cache size	: 36864 KB
physical id	: 1
siblings	: 24
core id		: 4
cpu cores	: 24
apicid		: 72
initial apicid	: 72
fpu		: yes
fpu_exception	: yes
cpuid level	: 27
wp		: yes
flags		: fpu vme de pse tsc msr pae mce cx8 apic sep mtrr pge mca cmov pat pse36 clflush dts acpi mmx fxsr sse sse2 ss ht tm pbe syscall nx pdpe1gb rdtscp lm constant_tsc art arch_perfmon pebs bts rep_good nopl xtopology nonstop_tsc aperfmperf eagerfpu pni pclmulqdq dtes64 monitor ds_cpl vmx smx est tm2 ssse3 sdbg fma cx16 xtpr pdcm pcid dca sse4_1 sse4_2 x2apic movbe popcnt tsc_deadline_timer aes xsave avx f16c rdrand lahf_lm abm 3dnowprefetch epb cat_l3 invpcid_single ssbd mba rsb_ctxsw ibrs ibpb stibp ibrs_enhanced tpr_shadow vnmi flexpriority ept vpid fsgsbase tsc_adjust bmi1 hle avx2 smep bmi2 erms invpcid rtm cqm rdt_a avx512f avx512dq rdseed adx smap avx512ifma clflushopt clwb intel_pt avx512cd sha_ni avx512bw avx512vl xsaveopt xsavec xgetbv1 cqm_llc cqm_occup_llc cqm_mbm_total cqm_mbm_local dtherm ida arat pln pts avx512vbmi umip pku ospke avx512_vbmi2 gfni vaes vpclmulqdq avx512_vnni avx512_bitalg avx512_vpopcntdq md_clear pconfig spec_ctrl intel_stibp flush_l1d arch_capabilities
bogomips	: 5624.93
clflush size	: 64
cache_alignment	: 64
address sizes	: 46 bits physical, 57 bits virtual
power management:

processor	: 18
vendor_id	: GenuineIntel
cpu family	: 6
model		: 106
model name	: Intel(R) Xeon(R) Gold 6342 CPU @ 2.80GHz
stepping	: 6
microcode	: 0xd0003b9
cpu MHz		: 2800.000
cache size	: 36864 KB
physical id	: 0
siblings	: 24
core id		: 16
cpu cores	: 24
apicid		: 32
initial apicid	: 32
fpu		: yes
fpu_exception	: yes
cpuid level	: 27
wp		: yes
flags		: fpu vme de pse tsc msr pae mce cx8 apic sep mtrr pge mca cmov pat pse36 clflush dts acpi mmx fxsr sse sse2 ss ht tm pbe syscall nx pdpe1gb rdtscp lm constant_tsc art arch_perfmon pebs bts rep_good nopl xtopology nonstop_tsc aperfmperf eagerfpu pni pclmulqdq dtes64 monitor ds_cpl vmx smx est tm2 ssse3 sdbg fma cx16 xtpr pdcm pcid dca sse4_1 sse4_2 x2apic movbe popcnt tsc_deadline_timer aes xsave avx f16c rdrand lahf_lm abm 3dnowprefetch epb cat_l3 invpcid_single ssbd mba rsb_ctxsw ibrs ibpb stibp ibrs_enhanced tpr_shadow vnmi flexpriority ept vpid fsgsbase tsc_adjust bmi1 hle avx2 smep bmi2 erms invpcid rtm cqm rdt_a avx512f avx512dq rdseed adx smap avx512ifma clflushopt clwb intel_pt avx512cd sha_ni avx512bw avx512vl xsaveopt xsavec xgetbv1 cqm_llc cqm_occup_llc cqm_mbm_total cqm_mbm_local dtherm ida arat pln pts avx512vbmi umip pku ospke avx512_vbmi2 gfni vaes vpclmulqdq avx512_vnni avx512_bitalg avx512_vpopcntdq md_clear pconfig spec_ctrl intel_stibp flush_l1d arch_capabilities
bogomips	: 5600.00
clflush size	: 64
cache_alignment	: 64
address sizes	: 46 bits physical, 57 bits virtual
power management:

processor	: 19
vendor_id	: GenuineIntel
cpu family	: 6
model		: 106
model name	: Intel(R) Xeon(R) Gold 6342 CPU @ 2.80GHz
stepping	: 6
microcode	: 0xd0003b9
cpu MHz		: 2800.000
cache size	: 36864 KB
physical id	: 1
siblings	: 24
core id		: 16
cpu cores	: 24
apicid		: 96
initial apicid	: 96
fpu		: yes
fpu_exception	: yes
cpuid level	: 27
wp		: yes
flags		: fpu vme de pse tsc msr pae mce cx8 apic sep mtrr pge mca cmov pat pse36 clflush dts acpi mmx fxsr sse sse2 ss ht tm pbe syscall nx pdpe1gb rdtscp lm constant_tsc art arch_perfmon pebs bts rep_good nopl xtopology nonstop_tsc aperfmperf eagerfpu pni pclmulqdq dtes64 monitor ds_cpl vmx smx est tm2 ssse3 sdbg fma cx16 xtpr pdcm pcid dca sse4_1 sse4_2 x2apic movbe popcnt tsc_deadline_timer aes xsave avx f16c rdrand lahf_lm abm 3dnowprefetch epb cat_l3 invpcid_single ssbd mba rsb_ctxsw ibrs ibpb stibp ibrs_enhanced tpr_shadow vnmi flexpriority ept vpid fsgsbase tsc_adjust bmi1 hle avx2 smep bmi2 erms invpcid rtm cqm rdt_a avx512f avx512dq rdseed adx smap avx512ifma clflushopt clwb intel_pt avx512cd sha_ni avx512bw avx512vl xsaveopt xsavec xgetbv1 cqm_llc cqm_occup_llc cqm_mbm_total cqm_mbm_local dtherm ida arat pln pts avx512vbmi umip pku ospke avx512_vbmi2 gfni vaes vpclmulqdq avx512_vnni avx512_bitalg avx512_vpopcntdq md_clear pconfig spec_ctrl intel_stibp flush_l1d arch_capabilities
bogomips	: 5624.93
clflush size	: 64
cache_alignment	: 64
address sizes	: 46 bits physical, 57 bits virtual
power management:

processor	: 20
vendor_id	: GenuineIntel
cpu family	: 6
model		: 106
model name	: Intel(R) Xeon(R) Gold 6342 CPU @ 2.80GHz
stepping	: 6
microcode	: 0xd0003b9
cpu MHz		: 2800.000
cache size	: 36864 KB
physical id	: 0
siblings	: 24
core id		: 5
cpu cores	: 24
apicid		: 10
initial apicid	: 10
fpu		: yes
fpu_exception	: yes
cpuid level	: 27
wp		: yes
flags		: fpu vme de pse tsc msr pae mce cx8 apic sep mtrr pge mca cmov pat pse36 clflush dts acpi mmx fxsr sse sse2 ss ht tm pbe syscall nx pdpe1gb rdtscp lm constant_tsc art arch_perfmon pebs bts rep_good nopl xtopology nonstop_tsc aperfmperf eagerfpu pni pclmulqdq dtes64 monitor ds_cpl vmx smx est tm2 ssse3 sdbg fma cx16 xtpr pdcm pcid dca sse4_1 sse4_2 x2apic movbe popcnt tsc_deadline_timer aes xsave avx f16c rdrand lahf_lm abm 3dnowprefetch epb cat_l3 invpcid_single ssbd mba rsb_ctxsw ibrs ibpb stibp ibrs_enhanced tpr_shadow vnmi flexpriority ept vpid fsgsbase tsc_adjust bmi1 hle avx2 smep bmi2 erms invpcid rtm cqm rdt_a avx512f avx512dq rdseed adx smap avx512ifma clflushopt clwb intel_pt avx512cd sha_ni avx512bw avx512vl xsaveopt xsavec xgetbv1 cqm_llc cqm_occup_llc cqm_mbm_total cqm_mbm_local dtherm ida arat pln pts avx512vbmi umip pku ospke avx512_vbmi2 gfni vaes vpclmulqdq avx512_vnni avx512_bitalg avx512_vpopcntdq md_clear pconfig spec_ctrl intel_stibp flush_l1d arch_capabilities
bogomips	: 5600.00
clflush size	: 64
cache_alignment	: 64
address sizes	: 46 bits physical, 57 bits virtual
power management:

processor	: 21
vendor_id	: GenuineIntel
cpu family	: 6
model		: 106
model name	: Intel(R) Xeon(R) Gold 6342 CPU @ 2.80GHz
stepping	: 6
microcode	: 0xd0003b9
cpu MHz		: 2800.000
cache size	: 36864 KB
physical id	: 1
siblings	: 24
core id		: 5
cpu cores	: 24
apicid		: 74
initial apicid	: 74
fpu		: yes
fpu_exception	: yes
cpuid level	: 27
wp		: yes
flags		: fpu vme de pse tsc msr pae mce cx8 apic sep mtrr pge mca cmov pat pse36 clflush dts acpi mmx fxsr sse sse2 ss ht tm pbe syscall nx pdpe1gb rdtscp lm constant_tsc art arch_perfmon pebs bts rep_good nopl xtopology nonstop_tsc aperfmperf eagerfpu pni pclmulqdq dtes64 monitor ds_cpl vmx smx est tm2 ssse3 sdbg fma cx16 xtpr pdcm pcid dca sse4_1 sse4_2 x2apic movbe popcnt tsc_deadline_timer aes xsave avx f16c rdrand lahf_lm abm 3dnowprefetch epb cat_l3 invpcid_single ssbd mba rsb_ctxsw ibrs ibpb stibp ibrs_enhanced tpr_shadow vnmi flexpriority ept vpid fsgsbase tsc_adjust bmi1 hle avx2 smep bmi2 erms invpcid rtm cqm rdt_a avx512f avx512dq rdseed adx smap avx512ifma clflushopt clwb intel_pt avx512cd sha_ni avx512bw avx512vl xsaveopt xsavec xgetbv1 cqm_llc cqm_occup_llc cqm_mbm_total cqm_mbm_local dtherm ida arat pln pts avx512vbmi umip pku ospke avx512_vbmi2 gfni vaes vpclmulqdq avx512_vnni avx512_bitalg avx512_vpopcntdq md_clear pconfig spec_ctrl intel_stibp flush_l1d arch_capabilities
bogomips	: 5624.93
clflush size	: 64
cache_alignment	: 64
address sizes	: 46 bits physical, 57 bits virtual
power management:

processor	: 22
vendor_id	: GenuineIntel
cpu family	: 6
model		: 106
model name	: Intel(R) Xeon(R) Gold 6342 CPU @ 2.80GHz
stepping	: 6
microcode	: 0xd0003b9
cpu MHz		: 2800.000
cache size	: 36864 KB
physical id	: 0
siblings	: 24
core id		: 17
cpu cores	: 24
apicid		: 34
initial apicid	: 34
fpu		: yes
fpu_exception	: yes
cpuid level	: 27
wp		: yes
flags		: fpu vme de pse tsc msr pae mce cx8 apic sep mtrr pge mca cmov pat pse36 clflush dts acpi mmx fxsr sse sse2 ss ht tm pbe syscall nx pdpe1gb rdtscp lm constant_tsc art arch_perfmon pebs bts rep_good nopl xtopology nonstop_tsc aperfmperf eagerfpu pni pclmulqdq dtes64 monitor ds_cpl vmx smx est tm2 ssse3 sdbg fma cx16 xtpr pdcm pcid dca sse4_1 sse4_2 x2apic movbe popcnt tsc_deadline_timer aes xsave avx f16c rdrand lahf_lm abm 3dnowprefetch epb cat_l3 invpcid_single ssbd mba rsb_ctxsw ibrs ibpb stibp ibrs_enhanced tpr_shadow vnmi flexpriority ept vpid fsgsbase tsc_adjust bmi1 hle avx2 smep bmi2 erms invpcid rtm cqm rdt_a avx512f avx512dq rdseed adx smap avx512ifma clflushopt clwb intel_pt avx512cd sha_ni avx512bw avx512vl xsaveopt xsavec xgetbv1 cqm_llc cqm_occup_llc cqm_mbm_total cqm_mbm_local dtherm ida arat pln pts avx512vbmi umip pku ospke avx512_vbmi2 gfni vaes vpclmulqdq avx512_vnni avx512_bitalg avx512_vpopcntdq md_clear pconfig spec_ctrl intel_stibp flush_l1d arch_capabilities
bogomips	: 5600.00
clflush size	: 64
cache_alignment	: 64
address sizes	: 46 bits physical, 57 bits virtual
power management:

processor	: 23
vendor_id	: GenuineIntel
cpu family	: 6
model		: 106
model name	: Intel(R) Xeon(R) Gold 6342 CPU @ 2.80GHz
stepping	: 6
microcode	: 0xd0003b9
cpu MHz		: 2800.000
cache size	: 36864 KB
physical id	: 1
siblings	: 24
core id		: 17
cpu cores	: 24
apicid		: 98
initial apicid	: 98
fpu		: yes
fpu_exception	: yes
cpuid level	: 27
wp		: yes
flags		: fpu vme de pse tsc msr pae mce cx8 apic sep mtrr pge mca cmov pat pse36 clflush dts acpi mmx fxsr sse sse2 ss ht tm pbe syscall nx pdpe1gb rdtscp lm constant_tsc art arch_perfmon pebs bts rep_good nopl xtopology nonstop_tsc aperfmperf eagerfpu pni pclmulqdq dtes64 monitor ds_cpl vmx smx est tm2 ssse3 sdbg fma cx16 xtpr pdcm pcid dca sse4_1 sse4_2 x2apic movbe popcnt tsc_deadline_timer aes xsave avx f16c rdrand lahf_lm abm 3dnowprefetch epb cat_l3 invpcid_single ssbd mba rsb_ctxsw ibrs ibpb stibp ibrs_enhanced tpr_shadow vnmi flexpriority ept vpid fsgsbase tsc_adjust bmi1 hle avx2 smep bmi2 erms invpcid rtm cqm rdt_a avx512f avx512dq rdseed adx smap avx512ifma clflushopt clwb intel_pt avx512cd sha_ni avx512bw avx512vl xsaveopt xsavec xgetbv1 cqm_llc cqm_occup_llc cqm_mbm_total cqm_mbm_local dtherm ida arat pln pts avx512vbmi umip pku ospke avx512_vbmi2 gfni vaes vpclmulqdq avx512_vnni avx512_bitalg avx512_vpopcntdq md_clear pconfig spec_ctrl intel_stibp flush_l1d arch_capabilities
bogomips	: 5624.93
clflush size	: 64
cache_alignment	: 64
address sizes	: 46 bits physical, 57 bits virtual
power management:

processor	: 24
vendor_id	: GenuineIntel
cpu family	: 6
model		: 106
model name	: Intel(R) Xeon(R) Gold 6342 CPU @ 2.80GHz
stepping	: 6
microcode	: 0xd0003b9
cpu MHz		: 2800.000
cache size	: 36864 KB
physical id	: 0
siblings	: 24
core id		: 6
cpu cores	: 24
apicid		: 12
initial apicid	: 12
fpu		: yes
fpu_exception	: yes
cpuid level	: 27
wp		: yes
flags		: fpu vme de pse tsc msr pae mce cx8 apic sep mtrr pge mca cmov pat pse36 clflush dts acpi mmx fxsr sse sse2 ss ht tm pbe syscall nx pdpe1gb rdtscp lm constant_tsc art arch_perfmon pebs bts rep_good nopl xtopology nonstop_tsc aperfmperf eagerfpu pni pclmulqdq dtes64 monitor ds_cpl vmx smx est tm2 ssse3 sdbg fma cx16 xtpr pdcm pcid dca sse4_1 sse4_2 x2apic movbe popcnt tsc_deadline_timer aes xsave avx f16c rdrand lahf_lm abm 3dnowprefetch epb cat_l3 invpcid_single ssbd mba rsb_ctxsw ibrs ibpb stibp ibrs_enhanced tpr_shadow vnmi flexpriority ept vpid fsgsbase tsc_adjust bmi1 hle avx2 smep bmi2 erms invpcid rtm cqm rdt_a avx512f avx512dq rdseed adx smap avx512ifma clflushopt clwb intel_pt avx512cd sha_ni avx512bw avx512vl xsaveopt xsavec xgetbv1 cqm_llc cqm_occup_llc cqm_mbm_total cqm_mbm_local dtherm ida arat pln pts avx512vbmi umip pku ospke avx512_vbmi2 gfni vaes vpclmulqdq avx512_vnni avx512_bitalg avx512_vpopcntdq md_clear pconfig spec_ctrl intel_stibp flush_l1d arch_capabilities
bogomips	: 5600.00
clflush size	: 64
cache_alignment	: 64
address sizes	: 46 bits physical, 57 bits virtual
power management:

processor	: 25
vendor_id	: GenuineIntel
cpu family	: 6
model		: 106
model name	: Intel(R) Xeon(R) Gold 6342 CPU @ 2.80GHz
stepping	: 6
microcode	: 0xd0003b9
cpu MHz		: 2800.000
cache size	: 36864 KB
physical id	: 1
siblings	: 24
core id		: 6
cpu cores	: 24
apicid		: 76
initial apicid	: 76
fpu		: yes
fpu_exception	: yes
cpuid level	: 27
wp		: yes
flags		: fpu vme de pse tsc msr pae mce cx8 apic sep mtrr pge mca cmov pat pse36 clflush dts acpi mmx fxsr sse sse2 ss ht tm pbe syscall nx pdpe1gb rdtscp lm constant_tsc art arch_perfmon pebs bts rep_good nopl xtopology nonstop_tsc aperfmperf eagerfpu pni pclmulqdq dtes64 monitor ds_cpl vmx smx est tm2 ssse3 sdbg fma cx16 xtpr pdcm pcid dca sse4_1 sse4_2 x2apic movbe popcnt tsc_deadline_timer aes xsave avx f16c rdrand lahf_lm abm 3dnowprefetch epb cat_l3 invpcid_single ssbd mba rsb_ctxsw ibrs ibpb stibp ibrs_enhanced tpr_shadow vnmi flexpriority ept vpid fsgsbase tsc_adjust bmi1 hle avx2 smep bmi2 erms invpcid rtm cqm rdt_a avx512f avx512dq rdseed adx smap avx512ifma clflushopt clwb intel_pt avx512cd sha_ni avx512bw avx512vl xsaveopt xsavec xgetbv1 cqm_llc cqm_occup_llc cqm_mbm_total cqm_mbm_local dtherm ida arat pln pts avx512vbmi umip pku ospke avx512_vbmi2 gfni vaes vpclmulqdq avx512_vnni avx512_bitalg avx512_vpopcntdq md_clear pconfig spec_ctrl intel_stibp flush_l1d arch_capabilities
bogomips	: 5624.93
clflush size	: 64
cache_alignment	: 64
address sizes	: 46 bits physical, 57 bits virtual
power management:

processor	: 26
vendor_id	: GenuineIntel
cpu family	: 6
model		: 106
model name	: Intel(R) Xeon(R) Gold 6342 CPU @ 2.80GHz
stepping	: 6
microcode	: 0xd0003b9
cpu MHz		: 2800.000
cache size	: 36864 KB
physical id	: 0
siblings	: 24
core id		: 18
cpu cores	: 24
apicid		: 36
initial apicid	: 36
fpu		: yes
fpu_exception	: yes
cpuid level	: 27
wp		: yes
flags		: fpu vme de pse tsc msr pae mce cx8 apic sep mtrr pge mca cmov pat pse36 clflush dts acpi mmx fxsr sse sse2 ss ht tm pbe syscall nx pdpe1gb rdtscp lm constant_tsc art arch_perfmon pebs bts rep_good nopl xtopology nonstop_tsc aperfmperf eagerfpu pni pclmulqdq dtes64 monitor ds_cpl vmx smx est tm2 ssse3 sdbg fma cx16 xtpr pdcm pcid dca sse4_1 sse4_2 x2apic movbe popcnt tsc_deadline_timer aes xsave avx f16c rdrand lahf_lm abm 3dnowprefetch epb cat_l3 invpcid_single ssbd mba rsb_ctxsw ibrs ibpb stibp ibrs_enhanced tpr_shadow vnmi flexpriority ept vpid fsgsbase tsc_adjust bmi1 hle avx2 smep bmi2 erms invpcid rtm cqm rdt_a avx512f avx512dq rdseed adx smap avx512ifma clflushopt clwb intel_pt avx512cd sha_ni avx512bw avx512vl xsaveopt xsavec xgetbv1 cqm_llc cqm_occup_llc cqm_mbm_total cqm_mbm_local dtherm ida arat pln pts avx512vbmi umip pku ospke avx512_vbmi2 gfni vaes vpclmulqdq avx512_vnni avx512_bitalg avx512_vpopcntdq md_clear pconfig spec_ctrl intel_stibp flush_l1d arch_capabilities
bogomips	: 5600.00
clflush size	: 64
cache_alignment	: 64
address sizes	: 46 bits physical, 57 bits virtual
power management:

processor	: 27
vendor_id	: GenuineIntel
cpu family	: 6
model		: 106
model name	: Intel(R) Xeon(R) Gold 6342 CPU @ 2.80GHz
stepping	: 6
microcode	: 0xd0003b9
cpu MHz		: 2800.000
cache size	: 36864 KB
physical id	: 1
siblings	: 24
core id		: 18
cpu cores	: 24
apicid		: 100
initial apicid	: 100
fpu		: yes
fpu_exception	: yes
cpuid level	: 27
wp		: yes
flags		: fpu vme de pse tsc msr pae mce cx8 apic sep mtrr pge mca cmov pat pse36 clflush dts acpi mmx fxsr sse sse2 ss ht tm pbe syscall nx pdpe1gb rdtscp lm constant_tsc art arch_perfmon pebs bts rep_good nopl xtopology nonstop_tsc aperfmperf eagerfpu pni pclmulqdq dtes64 monitor ds_cpl vmx smx est tm2 ssse3 sdbg fma cx16 xtpr pdcm pcid dca sse4_1 sse4_2 x2apic movbe popcnt tsc_deadline_timer aes xsave avx f16c rdrand lahf_lm abm 3dnowprefetch epb cat_l3 invpcid_single ssbd mba rsb_ctxsw ibrs ibpb stibp ibrs_enhanced tpr_shadow vnmi flexpriority ept vpid fsgsbase tsc_adjust bmi1 hle avx2 smep bmi2 erms invpcid rtm cqm rdt_a avx512f avx512dq rdseed adx smap avx512ifma clflushopt clwb intel_pt avx512cd sha_ni avx512bw avx512vl xsaveopt xsavec xgetbv1 cqm_llc cqm_occup_llc cqm_mbm_total cqm_mbm_local dtherm ida arat pln pts avx512vbmi umip pku ospke avx512_vbmi2 gfni vaes vpclmulqdq avx512_vnni avx512_bitalg avx512_vpopcntdq md_clear pconfig spec_ctrl intel_stibp flush_l1d arch_capabilities
bogomips	: 5624.93
clflush size	: 64
cache_alignment	: 64
address sizes	: 46 bits physical, 57 bits virtual
power management:

processor	: 28
vendor_id	: GenuineIntel
cpu family	: 6
model		: 106
model name	: Intel(R) Xeon(R) Gold 6342 CPU @ 2.80GHz
stepping	: 6
microcode	: 0xd0003b9
cpu MHz		: 2800.000
cache size	: 36864 KB
physical id	: 0
siblings	: 24
core id		: 7
cpu cores	: 24
apicid		: 14
initial apicid	: 14
fpu		: yes
fpu_exception	: yes
cpuid level	: 27
wp		: yes
flags		: fpu vme de pse tsc msr pae mce cx8 apic sep mtrr pge mca cmov pat pse36 clflush dts acpi mmx fxsr sse sse2 ss ht tm pbe syscall nx pdpe1gb rdtscp lm constant_tsc art arch_perfmon pebs bts rep_good nopl xtopology nonstop_tsc aperfmperf eagerfpu pni pclmulqdq dtes64 monitor ds_cpl vmx smx est tm2 ssse3 sdbg fma cx16 xtpr pdcm pcid dca sse4_1 sse4_2 x2apic movbe popcnt tsc_deadline_timer aes xsave avx f16c rdrand lahf_lm abm 3dnowprefetch epb cat_l3 invpcid_single ssbd mba rsb_ctxsw ibrs ibpb stibp ibrs_enhanced tpr_shadow vnmi flexpriority ept vpid fsgsbase tsc_adjust bmi1 hle avx2 smep bmi2 erms invpcid rtm cqm rdt_a avx512f avx512dq rdseed adx smap avx512ifma clflushopt clwb intel_pt avx512cd sha_ni avx512bw avx512vl xsaveopt xsavec xgetbv1 cqm_llc cqm_occup_llc cqm_mbm_total cqm_mbm_local dtherm ida arat pln pts avx512vbmi umip pku ospke avx512_vbmi2 gfni vaes vpclmulqdq avx512_vnni avx512_bitalg avx512_vpopcntdq md_clear pconfig spec_ctrl intel_stibp flush_l1d arch_capabilities
bogomips	: 5600.00
clflush size	: 64
cache_alignment	: 64
address sizes	: 46 bits physical, 57 bits virtual
power management:

processor	: 29
vendor_id	: GenuineIntel
cpu family	: 6
model		: 106
model name	: Intel(R) Xeon(R) Gold 6342 CPU @ 2.80GHz
stepping	: 6
microcode	: 0xd0003b9
cpu MHz		: 2800.000
cache size	: 36864 KB
physical id	: 1
siblings	: 24
core id		: 7
cpu cores	: 24
apicid		: 78
initial apicid	: 78
fpu		: yes
fpu_exception	: yes
cpuid level	: 27
wp		: yes
flags		: fpu vme de pse tsc msr pae mce cx8 apic sep mtrr pge mca cmov pat pse36 clflush dts acpi mmx fxsr sse sse2 ss ht tm pbe syscall nx pdpe1gb rdtscp lm constant_tsc art arch_perfmon pebs bts rep_good nopl xtopology nonstop_tsc aperfmperf eagerfpu pni pclmulqdq dtes64 monitor ds_cpl vmx smx est tm2 ssse3 sdbg fma cx16 xtpr pdcm pcid dca sse4_1 sse4_2 x2apic movbe popcnt tsc_deadline_timer aes xsave avx f16c rdrand lahf_lm abm 3dnowprefetch epb cat_l3 invpcid_single ssbd mba rsb_ctxsw ibrs ibpb stibp ibrs_enhanced tpr_shadow vnmi flexpriority ept vpid fsgsbase tsc_adjust bmi1 hle avx2 smep bmi2 erms invpcid rtm cqm rdt_a avx512f avx512dq rdseed adx smap avx512ifma clflushopt clwb intel_pt avx512cd sha_ni avx512bw avx512vl xsaveopt xsavec xgetbv1 cqm_llc cqm_occup_llc cqm_mbm_total cqm_mbm_local dtherm ida arat pln pts avx512vbmi umip pku ospke avx512_vbmi2 gfni vaes vpclmulqdq avx512_vnni avx512_bitalg avx512_vpopcntdq md_clear pconfig spec_ctrl intel_stibp flush_l1d arch_capabilities
bogomips	: 5624.93
clflush size	: 64
cache_alignment	: 64
address sizes	: 46 bits physical, 57 bits virtual
power management:

processor	: 30
vendor_id	: GenuineIntel
cpu family	: 6
model		: 106
model name	: Intel(R) Xeon(R) Gold 6342 CPU @ 2.80GHz
stepping	: 6
microcode	: 0xd0003b9
cpu MHz		: 2800.000
cache size	: 36864 KB
physical id	: 0
siblings	: 24
core id		: 19
cpu cores	: 24
apicid		: 38
initial apicid	: 38
fpu		: yes
fpu_exception	: yes
cpuid level	: 27
wp		: yes
flags		: fpu vme de pse tsc msr pae mce cx8 apic sep mtrr pge mca cmov pat pse36 clflush dts acpi mmx fxsr sse sse2 ss ht tm pbe syscall nx pdpe1gb rdtscp lm constant_tsc art arch_perfmon pebs bts rep_good nopl xtopology nonstop_tsc aperfmperf eagerfpu pni pclmulqdq dtes64 monitor ds_cpl vmx smx est tm2 ssse3 sdbg fma cx16 xtpr pdcm pcid dca sse4_1 sse4_2 x2apic movbe popcnt tsc_deadline_timer aes xsave avx f16c rdrand lahf_lm abm 3dnowprefetch epb cat_l3 invpcid_single ssbd mba rsb_ctxsw ibrs ibpb stibp ibrs_enhanced tpr_shadow vnmi flexpriority ept vpid fsgsbase tsc_adjust bmi1 hle avx2 smep bmi2 erms invpcid rtm cqm rdt_a avx512f avx512dq rdseed adx smap avx512ifma clflushopt clwb intel_pt avx512cd sha_ni avx512bw avx512vl xsaveopt xsavec xgetbv1 cqm_llc cqm_occup_llc cqm_mbm_total cqm_mbm_local dtherm ida arat pln pts avx512vbmi umip pku ospke avx512_vbmi2 gfni vaes vpclmulqdq avx512_vnni avx512_bitalg avx512_vpopcntdq md_clear pconfig spec_ctrl intel_stibp flush_l1d arch_capabilities
bogomips	: 5600.00
clflush size	: 64
cache_alignment	: 64
address sizes	: 46 bits physical, 57 bits virtual
power management:

processor	: 31
vendor_id	: GenuineIntel
cpu family	: 6
model		: 106
model name	: Intel(R) Xeon(R) Gold 6342 CPU @ 2.80GHz
stepping	: 6
microcode	: 0xd0003b9
cpu MHz		: 2800.000
cache size	: 36864 KB
physical id	: 1
siblings	: 24
core id		: 19
cpu cores	: 24
apicid		: 102
initial apicid	: 102
fpu		: yes
fpu_exception	: yes
cpuid level	: 27
wp		: yes
flags		: fpu vme de pse tsc msr pae mce cx8 apic sep mtrr pge mca cmov pat pse36 clflush dts acpi mmx fxsr sse sse2 ss ht tm pbe syscall nx pdpe1gb rdtscp lm constant_tsc art arch_perfmon pebs bts rep_good nopl xtopology nonstop_tsc aperfmperf eagerfpu pni pclmulqdq dtes64 monitor ds_cpl vmx smx est tm2 ssse3 sdbg fma cx16 xtpr pdcm pcid dca sse4_1 sse4_2 x2apic movbe popcnt tsc_deadline_timer aes xsave avx f16c rdrand lahf_lm abm 3dnowprefetch epb cat_l3 invpcid_single ssbd mba rsb_ctxsw ibrs ibpb stibp ibrs_enhanced tpr_shadow vnmi flexpriority ept vpid fsgsbase tsc_adjust bmi1 hle avx2 smep bmi2 erms invpcid rtm cqm rdt_a avx512f avx512dq rdseed adx smap avx512ifma clflushopt clwb intel_pt avx512cd sha_ni avx512bw avx512vl xsaveopt xsavec xgetbv1 cqm_llc cqm_occup_llc cqm_mbm_total cqm_mbm_local dtherm ida arat pln pts avx512vbmi umip pku ospke avx512_vbmi2 gfni vaes vpclmulqdq avx512_vnni avx512_bitalg avx512_vpopcntdq md_clear pconfig spec_ctrl intel_stibp flush_l1d arch_capabilities
bogomips	: 5624.93
clflush size	: 64
cache_alignment	: 64
address sizes	: 46 bits physical, 57 bits virtual
power management:

processor	: 32
vendor_id	: GenuineIntel
cpu family	: 6
model		: 106
model name	: Intel(R) Xeon(R) Gold 6342 CPU @ 2.80GHz
stepping	: 6
microcode	: 0xd0003b9
cpu MHz		: 2800.000
cache size	: 36864 KB
physical id	: 0
siblings	: 24
core id		: 8
cpu cores	: 24
apicid		: 16
initial apicid	: 16
fpu		: yes
fpu_exception	: yes
cpuid level	: 27
wp		: yes
flags		: fpu vme de pse tsc msr pae mce cx8 apic sep mtrr pge mca cmov pat pse36 clflush dts acpi mmx fxsr sse sse2 ss ht tm pbe syscall nx pdpe1gb rdtscp lm constant_tsc art arch_perfmon pebs bts rep_good nopl xtopology nonstop_tsc aperfmperf eagerfpu pni pclmulqdq dtes64 monitor ds_cpl vmx smx est tm2 ssse3 sdbg fma cx16 xtpr pdcm pcid dca sse4_1 sse4_2 x2apic movbe popcnt tsc_deadline_timer aes xsave avx f16c rdrand lahf_lm abm 3dnowprefetch epb cat_l3 invpcid_single ssbd mba rsb_ctxsw ibrs ibpb stibp ibrs_enhanced tpr_shadow vnmi flexpriority ept vpid fsgsbase tsc_adjust bmi1 hle avx2 smep bmi2 erms invpcid rtm cqm rdt_a avx512f avx512dq rdseed adx smap avx512ifma clflushopt clwb intel_pt avx512cd sha_ni avx512bw avx512vl xsaveopt xsavec xgetbv1 cqm_llc cqm_occup_llc cqm_mbm_total cqm_mbm_local dtherm ida arat pln pts avx512vbmi umip pku ospke avx512_vbmi2 gfni vaes vpclmulqdq avx512_vnni avx512_bitalg avx512_vpopcntdq md_clear pconfig spec_ctrl intel_stibp flush_l1d arch_capabilities
bogomips	: 5600.00
clflush size	: 64
cache_alignment	: 64
address sizes	: 46 bits physical, 57 bits virtual
power management:

processor	: 33
vendor_id	: GenuineIntel
cpu family	: 6
model		: 106
model name	: Intel(R) Xeon(R) Gold 6342 CPU @ 2.80GHz
stepping	: 6
microcode	: 0xd0003b9
cpu MHz		: 2800.000
cache size	: 36864 KB
physical id	: 1
siblings	: 24
core id		: 8
cpu cores	: 24
apicid		: 80
initial apicid	: 80
fpu		: yes
fpu_exception	: yes
cpuid level	: 27
wp		: yes
flags		: fpu vme de pse tsc msr pae mce cx8 apic sep mtrr pge mca cmov pat pse36 clflush dts acpi mmx fxsr sse sse2 ss ht tm pbe syscall nx pdpe1gb rdtscp lm constant_tsc art arch_perfmon pebs bts rep_good nopl xtopology nonstop_tsc aperfmperf eagerfpu pni pclmulqdq dtes64 monitor ds_cpl vmx smx est tm2 ssse3 sdbg fma cx16 xtpr pdcm pcid dca sse4_1 sse4_2 x2apic movbe popcnt tsc_deadline_timer aes xsave avx f16c rdrand lahf_lm abm 3dnowprefetch epb cat_l3 invpcid_single ssbd mba rsb_ctxsw ibrs ibpb stibp ibrs_enhanced tpr_shadow vnmi flexpriority ept vpid fsgsbase tsc_adjust bmi1 hle avx2 smep bmi2 erms invpcid rtm cqm rdt_a avx512f avx512dq rdseed adx smap avx512ifma clflushopt clwb intel_pt avx512cd sha_ni avx512bw avx512vl xsaveopt xsavec xgetbv1 cqm_llc cqm_occup_llc cqm_mbm_total cqm_mbm_local dtherm ida arat pln pts avx512vbmi umip pku ospke avx512_vbmi2 gfni vaes vpclmulqdq avx512_vnni avx512_bitalg avx512_vpopcntdq md_clear pconfig spec_ctrl intel_stibp flush_l1d arch_capabilities
bogomips	: 5624.93
clflush size	: 64
cache_alignment	: 64
address sizes	: 46 bits physical, 57 bits virtual
power management:

processor	: 34
vendor_id	: GenuineIntel
cpu family	: 6
model		: 106
model name	: Intel(R) Xeon(R) Gold 6342 CPU @ 2.80GHz
stepping	: 6
microcode	: 0xd0003b9
cpu MHz		: 2800.000
cache size	: 36864 KB
physical id	: 0
siblings	: 24
core id		: 20
cpu cores	: 24
apicid		: 40
initial apicid	: 40
fpu		: yes
fpu_exception	: yes
cpuid level	: 27
wp		: yes
flags		: fpu vme de pse tsc msr pae mce cx8 apic sep mtrr pge mca cmov pat pse36 clflush dts acpi mmx fxsr sse sse2 ss ht tm pbe syscall nx pdpe1gb rdtscp lm constant_tsc art arch_perfmon pebs bts rep_good nopl xtopology nonstop_tsc aperfmperf eagerfpu pni pclmulqdq dtes64 monitor ds_cpl vmx smx est tm2 ssse3 sdbg fma cx16 xtpr pdcm pcid dca sse4_1 sse4_2 x2apic movbe popcnt tsc_deadline_timer aes xsave avx f16c rdrand lahf_lm abm 3dnowprefetch epb cat_l3 invpcid_single ssbd mba rsb_ctxsw ibrs ibpb stibp ibrs_enhanced tpr_shadow vnmi flexpriority ept vpid fsgsbase tsc_adjust bmi1 hle avx2 smep bmi2 erms invpcid rtm cqm rdt_a avx512f avx512dq rdseed adx smap avx512ifma clflushopt clwb intel_pt avx512cd sha_ni avx512bw avx512vl xsaveopt xsavec xgetbv1 cqm_llc cqm_occup_llc cqm_mbm_total cqm_mbm_local dtherm ida arat pln pts avx512vbmi umip pku ospke avx512_vbmi2 gfni vaes vpclmulqdq avx512_vnni avx512_bitalg avx512_vpopcntdq md_clear pconfig spec_ctrl intel_stibp flush_l1d arch_capabilities
bogomips	: 5600.00
clflush size	: 64
cache_alignment	: 64
address sizes	: 46 bits physical, 57 bits virtual
power management:

processor	: 35
vendor_id	: GenuineIntel
cpu family	: 6
model		: 106
model name	: Intel(R) Xeon(R) Gold 6342 CPU @ 2.80GHz
stepping	: 6
microcode	: 0xd0003b9
cpu MHz		: 2800.000
cache size	: 36864 KB
physical id	: 1
siblings	: 24
core id		: 20
cpu cores	: 24
apicid		: 104
initial apicid	: 104
fpu		: yes
fpu_exception	: yes
cpuid level	: 27
wp		: yes
flags		: fpu vme de pse tsc msr pae mce cx8 apic sep mtrr pge mca cmov pat pse36 clflush dts acpi mmx fxsr sse sse2 ss ht tm pbe syscall nx pdpe1gb rdtscp lm constant_tsc art arch_perfmon pebs bts rep_good nopl xtopology nonstop_tsc aperfmperf eagerfpu pni pclmulqdq dtes64 monitor ds_cpl vmx smx est tm2 ssse3 sdbg fma cx16 xtpr pdcm pcid dca sse4_1 sse4_2 x2apic movbe popcnt tsc_deadline_timer aes xsave avx f16c rdrand lahf_lm abm 3dnowprefetch epb cat_l3 invpcid_single ssbd mba rsb_ctxsw ibrs ibpb stibp ibrs_enhanced tpr_shadow vnmi flexpriority ept vpid fsgsbase tsc_adjust bmi1 hle avx2 smep bmi2 erms invpcid rtm cqm rdt_a avx512f avx512dq rdseed adx smap avx512ifma clflushopt clwb intel_pt avx512cd sha_ni avx512bw avx512vl xsaveopt xsavec xgetbv1 cqm_llc cqm_occup_llc cqm_mbm_total cqm_mbm_local dtherm ida arat pln pts avx512vbmi umip pku ospke avx512_vbmi2 gfni vaes vpclmulqdq avx512_vnni avx512_bitalg avx512_vpopcntdq md_clear pconfig spec_ctrl intel_stibp flush_l1d arch_capabilities
bogomips	: 5624.93
clflush size	: 64
cache_alignment	: 64
address sizes	: 46 bits physical, 57 bits virtual
power management:

processor	: 36
vendor_id	: GenuineIntel
cpu family	: 6
model		: 106
model name	: Intel(R) Xeon(R) Gold 6342 CPU @ 2.80GHz
stepping	: 6
microcode	: 0xd0003b9
cpu MHz		: 2800.000
cache size	: 36864 KB
physical id	: 0
siblings	: 24
core id		: 9
cpu cores	: 24
apicid		: 18
initial apicid	: 18
fpu		: yes
fpu_exception	: yes
cpuid level	: 27
wp		: yes
flags		: fpu vme de pse tsc msr pae mce cx8 apic sep mtrr pge mca cmov pat pse36 clflush dts acpi mmx fxsr sse sse2 ss ht tm pbe syscall nx pdpe1gb rdtscp lm constant_tsc art arch_perfmon pebs bts rep_good nopl xtopology nonstop_tsc aperfmperf eagerfpu pni pclmulqdq dtes64 monitor ds_cpl vmx smx est tm2 ssse3 sdbg fma cx16 xtpr pdcm pcid dca sse4_1 sse4_2 x2apic movbe popcnt tsc_deadline_timer aes xsave avx f16c rdrand lahf_lm abm 3dnowprefetch epb cat_l3 invpcid_single ssbd mba rsb_ctxsw ibrs ibpb stibp ibrs_enhanced tpr_shadow vnmi flexpriority ept vpid fsgsbase tsc_adjust bmi1 hle avx2 smep bmi2 erms invpcid rtm cqm rdt_a avx512f avx512dq rdseed adx smap avx512ifma clflushopt clwb intel_pt avx512cd sha_ni avx512bw avx512vl xsaveopt xsavec xgetbv1 cqm_llc cqm_occup_llc cqm_mbm_total cqm_mbm_local dtherm ida arat pln pts avx512vbmi umip pku ospke avx512_vbmi2 gfni vaes vpclmulqdq avx512_vnni avx512_bitalg avx512_vpopcntdq md_clear pconfig spec_ctrl intel_stibp flush_l1d arch_capabilities
bogomips	: 5600.00
clflush size	: 64
cache_alignment	: 64
address sizes	: 46 bits physical, 57 bits virtual
power management:

processor	: 37
vendor_id	: GenuineIntel
cpu family	: 6
model		: 106
model name	: Intel(R) Xeon(R) Gold 6342 CPU @ 2.80GHz
stepping	: 6
microcode	: 0xd0003b9
cpu MHz		: 2800.000
cache size	: 36864 KB
physical id	: 1
siblings	: 24
core id		: 9
cpu cores	: 24
apicid		: 82
initial apicid	: 82
fpu		: yes
fpu_exception	: yes
cpuid level	: 27
wp		: yes
flags		: fpu vme de pse tsc msr pae mce cx8 apic sep mtrr pge mca cmov pat pse36 clflush dts acpi mmx fxsr sse sse2 ss ht tm pbe syscall nx pdpe1gb rdtscp lm constant_tsc art arch_perfmon pebs bts rep_good nopl xtopology nonstop_tsc aperfmperf eagerfpu pni pclmulqdq dtes64 monitor ds_cpl vmx smx est tm2 ssse3 sdbg fma cx16 xtpr pdcm pcid dca sse4_1 sse4_2 x2apic movbe popcnt tsc_deadline_timer aes xsave avx f16c rdrand lahf_lm abm 3dnowprefetch epb cat_l3 invpcid_single ssbd mba rsb_ctxsw ibrs ibpb stibp ibrs_enhanced tpr_shadow vnmi flexpriority ept vpid fsgsbase tsc_adjust bmi1 hle avx2 smep bmi2 erms invpcid rtm cqm rdt_a avx512f avx512dq rdseed adx smap avx512ifma clflushopt clwb intel_pt avx512cd sha_ni avx512bw avx512vl xsaveopt xsavec xgetbv1 cqm_llc cqm_occup_llc cqm_mbm_total cqm_mbm_local dtherm ida arat pln pts avx512vbmi umip pku ospke avx512_vbmi2 gfni vaes vpclmulqdq avx512_vnni avx512_bitalg avx512_vpopcntdq md_clear pconfig spec_ctrl intel_stibp flush_l1d arch_capabilities
bogomips	: 5624.93
clflush size	: 64
cache_alignment	: 64
address sizes	: 46 bits physical, 57 bits virtual
power management:

processor	: 38
vendor_id	: GenuineIntel
cpu family	: 6
model		: 106
model name	: Intel(R) Xeon(R) Gold 6342 CPU @ 2.80GHz
stepping	: 6
microcode	: 0xd0003b9
cpu MHz		: 2800.000
cache size	: 36864 KB
physical id	: 0
siblings	: 24
core id		: 21
cpu cores	: 24
apicid		: 42
initial apicid	: 42
fpu		: yes
fpu_exception	: yes
cpuid level	: 27
wp		: yes
flags		: fpu vme de pse tsc msr pae mce cx8 apic sep mtrr pge mca cmov pat pse36 clflush dts acpi mmx fxsr sse sse2 ss ht tm pbe syscall nx pdpe1gb rdtscp lm constant_tsc art arch_perfmon pebs bts rep_good nopl xtopology nonstop_tsc aperfmperf eagerfpu pni pclmulqdq dtes64 monitor ds_cpl vmx smx est tm2 ssse3 sdbg fma cx16 xtpr pdcm pcid dca sse4_1 sse4_2 x2apic movbe popcnt tsc_deadline_timer aes xsave avx f16c rdrand lahf_lm abm 3dnowprefetch epb cat_l3 invpcid_single ssbd mba rsb_ctxsw ibrs ibpb stibp ibrs_enhanced tpr_shadow vnmi flexpriority ept vpid fsgsbase tsc_adjust bmi1 hle avx2 smep bmi2 erms invpcid rtm cqm rdt_a avx512f avx512dq rdseed adx smap avx512ifma clflushopt clwb intel_pt avx512cd sha_ni avx512bw avx512vl xsaveopt xsavec xgetbv1 cqm_llc cqm_occup_llc cqm_mbm_total cqm_mbm_local dtherm ida arat pln pts avx512vbmi umip pku ospke avx512_vbmi2 gfni vaes vpclmulqdq avx512_vnni avx512_bitalg avx512_vpopcntdq md_clear pconfig spec_ctrl intel_stibp flush_l1d arch_capabilities
bogomips	: 5600.00
clflush size	: 64
cache_alignment	: 64
address sizes	: 46 bits physical, 57 bits virtual
power management:

processor	: 39
vendor_id	: GenuineIntel
cpu family	: 6
model		: 106
model name	: Intel(R) Xeon(R) Gold 6342 CPU @ 2.80GHz
stepping	: 6
microcode	: 0xd0003b9
cpu MHz		: 2800.000
cache size	: 36864 KB
physical id	: 1
siblings	: 24
core id		: 21
cpu cores	: 24
apicid		: 106
initial apicid	: 106
fpu		: yes
fpu_exception	: yes
cpuid level	: 27
wp		: yes
flags		: fpu vme de pse tsc msr pae mce cx8 apic sep mtrr pge mca cmov pat pse36 clflush dts acpi mmx fxsr sse sse2 ss ht tm pbe syscall nx pdpe1gb rdtscp lm constant_tsc art arch_perfmon pebs bts rep_good nopl xtopology nonstop_tsc aperfmperf eagerfpu pni pclmulqdq dtes64 monitor ds_cpl vmx smx est tm2 ssse3 sdbg fma cx16 xtpr pdcm pcid dca sse4_1 sse4_2 x2apic movbe popcnt tsc_deadline_timer aes xsave avx f16c rdrand lahf_lm abm 3dnowprefetch epb cat_l3 invpcid_single ssbd mba rsb_ctxsw ibrs ibpb stibp ibrs_enhanced tpr_shadow vnmi flexpriority ept vpid fsgsbase tsc_adjust bmi1 hle avx2 smep bmi2 erms invpcid rtm cqm rdt_a avx512f avx512dq rdseed adx smap avx512ifma clflushopt clwb intel_pt avx512cd sha_ni avx512bw avx512vl xsaveopt xsavec xgetbv1 cqm_llc cqm_occup_llc cqm_mbm_total cqm_mbm_local dtherm ida arat pln pts avx512vbmi umip pku ospke avx512_vbmi2 gfni vaes vpclmulqdq avx512_vnni avx512_bitalg avx512_vpopcntdq md_clear pconfig spec_ctrl intel_stibp flush_l1d arch_capabilities
bogomips	: 5624.93
clflush size	: 64
cache_alignment	: 64
address sizes	: 46 bits physical, 57 bits virtual
power management:

processor	: 40
vendor_id	: GenuineIntel
cpu family	: 6
model		: 106
model name	: Intel(R) Xeon(R) Gold 6342 CPU @ 2.80GHz
stepping	: 6
microcode	: 0xd0003b9
cpu MHz		: 2800.000
cache size	: 36864 KB
physical id	: 0
siblings	: 24
core id		: 10
cpu cores	: 24
apicid		: 20
initial apicid	: 20
fpu		: yes
fpu_exception	: yes
cpuid level	: 27
wp		: yes
flags		: fpu vme de pse tsc msr pae mce cx8 apic sep mtrr pge mca cmov pat pse36 clflush dts acpi mmx fxsr sse sse2 ss ht tm pbe syscall nx pdpe1gb rdtscp lm constant_tsc art arch_perfmon pebs bts rep_good nopl xtopology nonstop_tsc aperfmperf eagerfpu pni pclmulqdq dtes64 monitor ds_cpl vmx smx est tm2 ssse3 sdbg fma cx16 xtpr pdcm pcid dca sse4_1 sse4_2 x2apic movbe popcnt tsc_deadline_timer aes xsave avx f16c rdrand lahf_lm abm 3dnowprefetch epb cat_l3 invpcid_single ssbd mba rsb_ctxsw ibrs ibpb stibp ibrs_enhanced tpr_shadow vnmi flexpriority ept vpid fsgsbase tsc_adjust bmi1 hle avx2 smep bmi2 erms invpcid rtm cqm rdt_a avx512f avx512dq rdseed adx smap avx512ifma clflushopt clwb intel_pt avx512cd sha_ni avx512bw avx512vl xsaveopt xsavec xgetbv1 cqm_llc cqm_occup_llc cqm_mbm_total cqm_mbm_local dtherm ida arat pln pts avx512vbmi umip pku ospke avx512_vbmi2 gfni vaes vpclmulqdq avx512_vnni avx512_bitalg avx512_vpopcntdq md_clear pconfig spec_ctrl intel_stibp flush_l1d arch_capabilities
bogomips	: 5600.00
clflush size	: 64
cache_alignment	: 64
address sizes	: 46 bits physical, 57 bits virtual
power management:

processor	: 41
vendor_id	: GenuineIntel
cpu family	: 6
model		: 106
model name	: Intel(R) Xeon(R) Gold 6342 CPU @ 2.80GHz
stepping	: 6
microcode	: 0xd0003b9
cpu MHz		: 2800.000
cache size	: 36864 KB
physical id	: 1
siblings	: 24
core id		: 10
cpu cores	: 24
apicid		: 84
initial apicid	: 84
fpu		: yes
fpu_exception	: yes
cpuid level	: 27
wp		: yes
flags		: fpu vme de pse tsc msr pae mce cx8 apic sep mtrr pge mca cmov pat pse36 clflush dts acpi mmx fxsr sse sse2 ss ht tm pbe syscall nx pdpe1gb rdtscp lm constant_tsc art arch_perfmon pebs bts rep_good nopl xtopology nonstop_tsc aperfmperf eagerfpu pni pclmulqdq dtes64 monitor ds_cpl vmx smx est tm2 ssse3 sdbg fma cx16 xtpr pdcm pcid dca sse4_1 sse4_2 x2apic movbe popcnt tsc_deadline_timer aes xsave avx f16c rdrand lahf_lm abm 3dnowprefetch epb cat_l3 invpcid_single ssbd mba rsb_ctxsw ibrs ibpb stibp ibrs_enhanced tpr_shadow vnmi flexpriority ept vpid fsgsbase tsc_adjust bmi1 hle avx2 smep bmi2 erms invpcid rtm cqm rdt_a avx512f avx512dq rdseed adx smap avx512ifma clflushopt clwb intel_pt avx512cd sha_ni avx512bw avx512vl xsaveopt xsavec xgetbv1 cqm_llc cqm_occup_llc cqm_mbm_total cqm_mbm_local dtherm ida arat pln pts avx512vbmi umip pku ospke avx512_vbmi2 gfni vaes vpclmulqdq avx512_vnni avx512_bitalg avx512_vpopcntdq md_clear pconfig spec_ctrl intel_stibp flush_l1d arch_capabilities
bogomips	: 5624.93
clflush size	: 64
cache_alignment	: 64
address sizes	: 46 bits physical, 57 bits virtual
power management:

processor	: 42
vendor_id	: GenuineIntel
cpu family	: 6
model		: 106
model name	: Intel(R) Xeon(R) Gold 6342 CPU @ 2.80GHz
stepping	: 6
microcode	: 0xd0003b9
cpu MHz		: 2800.000
cache size	: 36864 KB
physical id	: 0
siblings	: 24
core id		: 22
cpu cores	: 24
apicid		: 44
initial apicid	: 44
fpu		: yes
fpu_exception	: yes
cpuid level	: 27
wp		: yes
flags		: fpu vme de pse tsc msr pae mce cx8 apic sep mtrr pge mca cmov pat pse36 clflush dts acpi mmx fxsr sse sse2 ss ht tm pbe syscall nx pdpe1gb rdtscp lm constant_tsc art arch_perfmon pebs bts rep_good nopl xtopology nonstop_tsc aperfmperf eagerfpu pni pclmulqdq dtes64 monitor ds_cpl vmx smx est tm2 ssse3 sdbg fma cx16 xtpr pdcm pcid dca sse4_1 sse4_2 x2apic movbe popcnt tsc_deadline_timer aes xsave avx f16c rdrand lahf_lm abm 3dnowprefetch epb cat_l3 invpcid_single ssbd mba rsb_ctxsw ibrs ibpb stibp ibrs_enhanced tpr_shadow vnmi flexpriority ept vpid fsgsbase tsc_adjust bmi1 hle avx2 smep bmi2 erms invpcid rtm cqm rdt_a avx512f avx512dq rdseed adx smap avx512ifma clflushopt clwb intel_pt avx512cd sha_ni avx512bw avx512vl xsaveopt xsavec xgetbv1 cqm_llc cqm_occup_llc cqm_mbm_total cqm_mbm_local dtherm ida arat pln pts avx512vbmi umip pku ospke avx512_vbmi2 gfni vaes vpclmulqdq avx512_vnni avx512_bitalg avx512_vpopcntdq md_clear pconfig spec_ctrl intel_stibp flush_l1d arch_capabilities
bogomips	: 5600.00
clflush size	: 64
cache_alignment	: 64
address sizes	: 46 bits physical, 57 bits virtual
power management:

processor	: 43
vendor_id	: GenuineIntel
cpu family	: 6
model		: 106
model name	: Intel(R) Xeon(R) Gold 6342 CPU @ 2.80GHz
stepping	: 6
microcode	: 0xd0003b9
cpu MHz		: 2800.000
cache size	: 36864 KB
physical id	: 1
siblings	: 24
core id		: 22
cpu cores	: 24
apicid		: 108
initial apicid	: 108
fpu		: yes
fpu_exception	: yes
cpuid level	: 27
wp		: yes
flags		: fpu vme de pse tsc msr pae mce cx8 apic sep mtrr pge mca cmov pat pse36 clflush dts acpi mmx fxsr sse sse2 ss ht tm pbe syscall nx pdpe1gb rdtscp lm constant_tsc art arch_perfmon pebs bts rep_good nopl xtopology nonstop_tsc aperfmperf eagerfpu pni pclmulqdq dtes64 monitor ds_cpl vmx smx est tm2 ssse3 sdbg fma cx16 xtpr pdcm pcid dca sse4_1 sse4_2 x2apic movbe popcnt tsc_deadline_timer aes xsave avx f16c rdrand lahf_lm abm 3dnowprefetch epb cat_l3 invpcid_single ssbd mba rsb_ctxsw ibrs ibpb stibp ibrs_enhanced tpr_shadow vnmi flexpriority ept vpid fsgsbase tsc_adjust bmi1 hle avx2 smep bmi2 erms invpcid rtm cqm rdt_a avx512f avx512dq rdseed adx smap avx512ifma clflushopt clwb intel_pt avx512cd sha_ni avx512bw avx512vl xsaveopt xsavec xgetbv1 cqm_llc cqm_occup_llc cqm_mbm_total cqm_mbm_local dtherm ida arat pln pts avx512vbmi umip pku ospke avx512_vbmi2 gfni vaes vpclmulqdq avx512_vnni avx512_bitalg avx512_vpopcntdq md_clear pconfig spec_ctrl intel_stibp flush_l1d arch_capabilities
bogomips	: 5624.93
clflush size	: 64
cache_alignment	: 64
address sizes	: 46 bits physical, 57 bits virtual
power management:

processor	: 44
vendor_id	: GenuineIntel
cpu family	: 6
model		: 106
model name	: Intel(R) Xeon(R) Gold 6342 CPU @ 2.80GHz
stepping	: 6
microcode	: 0xd0003b9
cpu MHz		: 2800.000
cache size	: 36864 KB
physical id	: 0
siblings	: 24
core id		: 11
cpu cores	: 24
apicid		: 22
initial apicid	: 22
fpu		: yes
fpu_exception	: yes
cpuid level	: 27
wp		: yes
flags		: fpu vme de pse tsc msr pae mce cx8 apic sep mtrr pge mca cmov pat pse36 clflush dts acpi mmx fxsr sse sse2 ss ht tm pbe syscall nx pdpe1gb rdtscp lm constant_tsc art arch_perfmon pebs bts rep_good nopl xtopology nonstop_tsc aperfmperf eagerfpu pni pclmulqdq dtes64 monitor ds_cpl vmx smx est tm2 ssse3 sdbg fma cx16 xtpr pdcm pcid dca sse4_1 sse4_2 x2apic movbe popcnt tsc_deadline_timer aes xsave avx f16c rdrand lahf_lm abm 3dnowprefetch epb cat_l3 invpcid_single ssbd mba rsb_ctxsw ibrs ibpb stibp ibrs_enhanced tpr_shadow vnmi flexpriority ept vpid fsgsbase tsc_adjust bmi1 hle avx2 smep bmi2 erms invpcid rtm cqm rdt_a avx512f avx512dq rdseed adx smap avx512ifma clflushopt clwb intel_pt avx512cd sha_ni avx512bw avx512vl xsaveopt xsavec xgetbv1 cqm_llc cqm_occup_llc cqm_mbm_total cqm_mbm_local dtherm ida arat pln pts avx512vbmi umip pku ospke avx512_vbmi2 gfni vaes vpclmulqdq avx512_vnni avx512_bitalg avx512_vpopcntdq md_clear pconfig spec_ctrl intel_stibp flush_l1d arch_capabilities
bogomips	: 5600.00
clflush size	: 64
cache_alignment	: 64
address sizes	: 46 bits physical, 57 bits virtual
power management:

processor	: 45
vendor_id	: GenuineIntel
cpu family	: 6
model		: 106
model name	: Intel(R) Xeon(R) Gold 6342 CPU @ 2.80GHz
stepping	: 6
microcode	: 0xd0003b9
cpu MHz		: 2800.000
cache size	: 36864 KB
physical id	: 1
siblings	: 24
core id		: 11
cpu cores	: 24
apicid		: 86
initial apicid	: 86
fpu		: yes
fpu_exception	: yes
cpuid level	: 27
wp		: yes
flags		: fpu vme de pse tsc msr pae mce cx8 apic sep mtrr pge mca cmov pat pse36 clflush dts acpi mmx fxsr sse sse2 ss ht tm pbe syscall nx pdpe1gb rdtscp lm constant_tsc art arch_perfmon pebs bts rep_good nopl xtopology nonstop_tsc aperfmperf eagerfpu pni pclmulqdq dtes64 monitor ds_cpl vmx smx est tm2 ssse3 sdbg fma cx16 xtpr pdcm pcid dca sse4_1 sse4_2 x2apic movbe popcnt tsc_deadline_timer aes xsave avx f16c rdrand lahf_lm abm 3dnowprefetch epb cat_l3 invpcid_single ssbd mba rsb_ctxsw ibrs ibpb stibp ibrs_enhanced tpr_shadow vnmi flexpriority ept vpid fsgsbase tsc_adjust bmi1 hle avx2 smep bmi2 erms invpcid rtm cqm rdt_a avx512f avx512dq rdseed adx smap avx512ifma clflushopt clwb intel_pt avx512cd sha_ni avx512bw avx512vl xsaveopt xsavec xgetbv1 cqm_llc cqm_occup_llc cqm_mbm_total cqm_mbm_local dtherm ida arat pln pts avx512vbmi umip pku ospke avx512_vbmi2 gfni vaes vpclmulqdq avx512_vnni avx512_bitalg avx512_vpopcntdq md_clear pconfig spec_ctrl intel_stibp flush_l1d arch_capabilities
bogomips	: 5624.93
clflush size	: 64
cache_alignment	: 64
address sizes	: 46 bits physical, 57 bits virtual
power management:

processor	: 46
vendor_id	: GenuineIntel
cpu family	: 6
model		: 106
model name	: Intel(R) Xeon(R) Gold 6342 CPU @ 2.80GHz
stepping	: 6
microcode	: 0xd0003b9
cpu MHz		: 2800.000
cache size	: 36864 KB
physical id	: 0
siblings	: 24
core id		: 23
cpu cores	: 24
apicid		: 46
initial apicid	: 46
fpu		: yes
fpu_exception	: yes
cpuid level	: 27
wp		: yes
flags		: fpu vme de pse tsc msr pae mce cx8 apic sep mtrr pge mca cmov pat pse36 clflush dts acpi mmx fxsr sse sse2 ss ht tm pbe syscall nx pdpe1gb rdtscp lm constant_tsc art arch_perfmon pebs bts rep_good nopl xtopology nonstop_tsc aperfmperf eagerfpu pni pclmulqdq dtes64 monitor ds_cpl vmx smx est tm2 ssse3 sdbg fma cx16 xtpr pdcm pcid dca sse4_1 sse4_2 x2apic movbe popcnt tsc_deadline_timer aes xsave avx f16c rdrand lahf_lm abm 3dnowprefetch epb cat_l3 invpcid_single ssbd mba rsb_ctxsw ibrs ibpb stibp ibrs_enhanced tpr_shadow vnmi flexpriority ept vpid fsgsbase tsc_adjust bmi1 hle avx2 smep bmi2 erms invpcid rtm cqm rdt_a avx512f avx512dq rdseed adx smap avx512ifma clflushopt clwb intel_pt avx512cd sha_ni avx512bw avx512vl xsaveopt xsavec xgetbv1 cqm_llc cqm_occup_llc cqm_mbm_total cqm_mbm_local dtherm ida arat pln pts avx512vbmi umip pku ospke avx512_vbmi2 gfni vaes vpclmulqdq avx512_vnni avx512_bitalg avx512_vpopcntdq md_clear pconfig spec_ctrl intel_stibp flush_l1d arch_capabilities
bogomips	: 5600.00
clflush size	: 64
cache_alignment	: 64
address sizes	: 46 bits physical, 57 bits virtual
power management:

processor	: 47
vendor_id	: GenuineIntel
cpu family	: 6
model		: 106
model name	: Intel(R) Xeon(R) Gold 6342 CPU @ 2.80GHz
stepping	: 6
microcode	: 0xd0003b9
cpu MHz		: 2800.000
cache size	: 36864 KB
physical id	: 1
siblings	: 24
core id		: 23
cpu cores	: 24
apicid		: 110
initial apicid	: 110
fpu		: yes
fpu_exception	: yes
cpuid level	: 27
wp		: yes
flags		: fpu vme de pse tsc msr pae mce cx8 apic sep mtrr pge mca cmov pat pse36 clflush dts acpi mmx fxsr sse sse2 ss ht tm pbe syscall nx pdpe1gb rdtscp lm constant_tsc art arch_perfmon pebs bts rep_good nopl xtopology nonstop_tsc aperfmperf eagerfpu pni pclmulqdq dtes64 monitor ds_cpl vmx smx est tm2 ssse3 sdbg fma cx16 xtpr pdcm pcid dca sse4_1 sse4_2 x2apic movbe popcnt tsc_deadline_timer aes xsave avx f16c rdrand lahf_lm abm 3dnowprefetch epb cat_l3 invpcid_single ssbd mba rsb_ctxsw ibrs ibpb stibp ibrs_enhanced tpr_shadow vnmi flexpriority ept vpid fsgsbase tsc_adjust bmi1 hle avx2 smep bmi2 erms invpcid rtm cqm rdt_a avx512f avx512dq rdseed adx smap avx512ifma clflushopt clwb intel_pt avx512cd sha_ni avx512bw avx512vl xsaveopt xsavec xgetbv1 cqm_llc cqm_occup_llc cqm_mbm_total cqm_mbm_local dtherm ida arat pln pts avx512vbmi umip pku ospke avx512_vbmi2 gfni vaes vpclmulqdq avx512_vnni avx512_bitalg avx512_vpopcntdq md_clear pconfig spec_ctrl intel_stibp flush_l1d arch_capabilities
bogomips	: 5624.93
clflush size	: 64
cache_alignment	: 64
address sizes	: 46 bits physical, 57 bits virtual
power management:



Memory: 4k page, physical 263417068k(2567532k free), swap 33554428k(20451580k free)

vm_info: OpenJDK 64-Bit Server VM (25.412-b08) for linux-amd64 JRE (1.8.0_412-b08), built on Apr 17 2024 13:57:03 by "mockbuild" with gcc 4.8.5 20150623 (Red Hat 4.8.5-44)

time: Mon Dec  2 11:58:27 2024
timezone: GMT
elapsed time: 0.257876 seconds (0d 0h 0m 0s)

